Workbook

Sheet Dados gerais
A1: Autor | B1: Inputs | J1: Output | K1: Modelos normativos - wmax (mm) - utilizando a tensão na armadura medida no ensaio | X1: Sugestão | AA1: fib Model Code 2020 modificado | AD1: Modelos normativos - wmax (mm) | AQ1: Modelos empíricos - wmax (mm) | BI1: Sugestão | BL1: fib Model Code 2020 modificado | BO1: Observação | BS1: Auxiliar 1 | BU1: Auxiliar 2 | BW1: Auxiliar 3
B2: Diâmetro da armadura f (mm) | C2: Número de barras em uma camada | D2: Espaçamento entre as barras (mm) | E2: Resistência à tração do concreto fctm (MPa) | F2: Cobrimento c (mm) | G2: Distância ao centro de gravidade da armadura d' (mm) | H2: Taxa de armadura r | I2: Tensão na armadura (MPa) | J2: wexp (mm) | K2: fib Model Code 2010 | L2: wm/wexp | M2: LN(wm/wexp) | N2: fib Model Code 2020 | O2: wm/wexp | P2: LN(wm/wexp) | Q2: Eurocode 2 | R2: wm/wexp | S2: LN(wm/wexp) | T2: NBR 6118 - wk1 - fissuração estabilizada | U2: NBR 6118 - wk2 - fissuração não estabilizada | V2: wm/wexp | W2: LN(wm/wexp) | X2: b variável e < 0,6 | Y2: wm/wexp | Z2: LN(wm/wexp) | AA2: slip de Yuan et al. (2025) | AB2: wm/wexp | AC2: LN(wm/wexp) | AD2: fib Model Code 2010 | AE2: wk/wexp | AF2: LN(wk/wexp) | AG2: fib Model Code 2020 | AH2: wk/wexp | AI2: LN(wk/wexp) | AJ2: Eurocode 2 | AK2: wk/wexp | AL2: LN(wk/wexp) | AM2: NBR 6118 - wk1 - fissuração estabilizada | AN2: NBR 6118 - wk2 - fissuração não estabilizada | AO2: wk/wexp | AP2: LN(wk/wexp) | AQ2: Clark (1956) | AR2: wm/wexp | AS2: LN(wm/wexp) | AT2: Leonhardt (1977) | AU2: wm/wexp | AV2: LN(wm/wexp) | AW2: Desayi;Ganesan (1985) | AX2: wm/wexp | AY2: LN(wm/wexp) | AZ2: Oh; Kang (1987) | BA2: wm/wexp | BB2: LN(wm/wexp) | BC2: Caldas (1997) | BD2: wm/wexp | BE2: LN(wm/wexp) | BF2: Gergely e Lutz (1968) | BG2: wm/wexp | BH2: LN(wm/wexp) | BI2: b variável e < 0,6 | BJ2: wm/wexp | BK2: LN(wm/wexp) | BL2: slip de Yuan et al. (2025) | BM2: wm/wexp | BN2: LN(wm/wexp) | BS2: Barras com f £ 12,7 mm e c £ 45 mm | BU2: Barras com f > 12,7 mm e c £ 45 mm | BW2: Todas as barras com c £ 45 mm e pelo menos duas barras por camada
A3: Viga S200-0.32-10 - Sokolov et al (2021) | B3: ='[1]Dados de entrada'!$B$28 -> 10 | C3: ='[1]Dados de entrada'!$B$31 -> 2 | D3: ='[1]Dados de entrada'!$B$32 -> 192 | E3: ='[1]Dados de entrada'!$B$27 -> 4.0933129 | F3: ='[1]Dados de entrada'!$B$30 -> 25 | G3: ='[1]Dados de entrada'!$B$22 -> 30 | H3: ='[1]Dados de entrada'!$B$29/(2*'[1]Dados de entrada'!$B$20*G3) -> 0.0098600509 | I3: {='[1]Dados de entrada'!$E$7:$E$12} -> 329 | J3: {='[1]Dados de entrada'!$C$7:$C$12} -> 0.16 | K3: {='[1]fib Model Code 2010'!$F$5:$F$10} -> 0.10559303 | L3: =K3/J3 -> 0.65995642 | M3: =LN(L3) -> -0.41558148 | N3: {='[1]fib Model Code 2020'!$F$5:$F$10} -> 0.1351049 | O3: =N3/J3 -> 0.84440565 | P3: =LN(O3) -> -0.16912227 | Q3: {='[1]Eurocode 2'!$F$5:$F$10} -> 0.25661111 | R3: =Q3/J3 -> 1.6038194 | S3: =LN(R3) -> 0.47238794 | T3: {='[1]NBR 6118'!$F$5:$F$10} -> 0.35473432 | U3: {='[1]NBR 6118'!$G$5:$G$10} -> 0.14103132 | V3: {='[1]NBR 6118'!$L$5:$L$10} -> 0.88144577 | W3: =LN(V3) -> -0.1261918 | X3: {=[1]Sugestão!$G$5:$G$10} -> 0.23391556 | Y3: =X3/J3 -> 1.4619723 | Z3: =LN(Y3) -> 0.3797864 | AA3: {='[1]fib Model Code 2020 modificado'!$F$5:$F$10} -> 0.17169108 | AB3: =AA3/J3 -> 1.0730693 | AC3: =LN(AB3) -> 0.07052301 | BS3: =IF(AND(B3<=12.7,F3<=45),TRUE,FALSE) -> TRUE | BU3: =IF(AND(B3>12.7,F3<=45),TRUE,FALSE) -> FALSE | BW3: =IF(AND(F3<=45,C3>1),TRUE,FALSE) -> TRUE
B4: ='[1]Dados de entrada'!$B$28 -> 10 | C4: ='[1]Dados de entrada'!$B$31 -> 2 | D4: ='[1]Dados de entrada'!$B$32 -> 192 | E4: ='[1]Dados de entrada'!$B$27 -> 4.0933129 | F4: ='[1]Dados de entrada'!$B$30 -> 25 | G4: ='[1]Dados de entrada'!$B$22 -> 30 | H4: ='[1]Dados de entrada'!$B$29/(2*'[1]Dados de entrada'!$B$20*G4) -> 0.0098600509 | I4: 355 | J4: 0.18 | K4: 0.14926432 | L4: =K4/J4 -> 0.8292462 | M4: =LN(L4) -> -0.18723818 | N4: 0.14578189 | O4: =N4/J4 -> 0.80989937 | P4: =LN(O4) -> -0.21084527 | Q4: 0.27689041 | R4: =Q4/J4 -> 1.53828 | S4: =LN(R4) -> 0.43066494 | T4: 0.38276803 | U4: 0.16420277 | V4: 0.91223763 | W4: =LN(V4) -> -0.091854763 | X4: 0.2723479 | Y4: =X4/J4 -> 1.5130439 | Z4: =LN(Y4) -> 0.41412344 | AA4: 0.18630984 | AB4: =AA4/J4 -> 1.0350546 | AC4: =LN(AB4) -> 0.03445422 | BS4: =IF(AND(B4<=12.7,F4<=45),TRUE,FALSE) -> TRUE | BU4: =IF(AND(B4>12.7,F4<=45),TRUE,FALSE) -> FALSE | BW4: =IF(AND(F4<=45,C4>1),TRUE,FALSE) -> TRUE
B5: ='[1]Dados de entrada'!$B$28 -> 10 | C5: ='[1]Dados de entrada'!$B$31 -> 2 | D5: ='[1]Dados de entrada'!$B$32 -> 192 | E5: ='[1]Dados de entrada'!$B$27 -> 4.0933129 | F5: ='[1]Dados de entrada'!$B$30 -> 25 | G5: ='[1]Dados de entrada'!$B$22 -> 30 | H5: ='[1]Dados de entrada'!$B$29/(2*'[1]Dados de entrada'!$B$20*G5) -> 0.0098600509 | I5: 387 | J5: 0.19 | K5: 0.2030136 | L5: =K5/J5 -> 1.0684926 | M5: =LN(L5) -> 0.066248877 | N5: 0.17816487 | O5: =N5/J5 -> 0.93770983 | P5: =LN(O5) -> -0.064314726 | Q5: 0.30184954 | R5: =Q5/J5 -> 1.5886818 | S5: =LN(R5) -> 0.46290462 | T5: 0.41727106 | U5: 0.19513974 | V5: 1.0270512 | W5: =LN(V5) -> 0.026691823 | X5: 0.32960485 | Y5: =X5/J5 -> 1.7347623 | Z5: =LN(Y5) -> 0.55087043 | AA5: 0.22375546 | AB5: =AA5/J5 -> 1.1776603 | AC5: =LN(AB5) -> 0.16352968 | BS5: =IF(AND(B5<=12.7,F5<=45),TRUE,FALSE) -> TRUE | BU5: =IF(AND(B5>12.7,F5<=45),TRUE,FALSE) -> FALSE | BW5: =IF(AND(F5<=45,C5>1),TRUE,FALSE) -> TRUE
B6: ='[1]Dados de entrada'!$B$28 -> 10 | C6: ='[1]Dados de entrada'!$B$31 -> 2 | D6: ='[1]Dados de entrada'!$B$32 -> 192 | E6: ='[1]Dados de entrada'!$B$27 -> 4.0933129 | F6: ='[1]Dados de entrada'!$B$30 -> 25 | G6: ='[1]Dados de entrada'!$B$22 -> 30 | H6: ='[1]Dados de entrada'!$B$29/(2*'[1]Dados de entrada'!$B$20*G6) -> 0.0098600509 | I6: 423 | J6: 0.24 | K6: 0.26348153 | L6: =K6/J6 -> 1.0978397 | M6: =LN(L6) -> 0.093344365 | N6: 0.21512366 | O6: =N6/J6 -> 0.89634857 | P6: =LN(O6) -> -0.10942592 | Q6: 0.32992857 | R6: =Q6/J6 -> 1.3747024 | S6: =LN(R6) -> 0.31823726 | T6: 0.45608698 | U6: 0.23313341 | V6: 0.97138921 | W6: =LN(V6) -> -0.029028056 | X6: 0.39424128 | Y6: =X6/J6 -> 1.642672 | Z6: =LN(Y6) -> 0.49632419 | AA6: 0.26668832 | AB6: =AA6/J6 -> 1.1112013 | AC6: =LN(AB6) -> 0.10544172 | BS6: =IF(AND(B6<=12.7,F6<=45),TRUE,FALSE) -> TRUE | BU6: =IF(AND(B6>12.7,F6<=45),TRUE,FALSE) -> FALSE | BW6: =IF(AND(F6<=45,C6>1),TRUE,FALSE) -> TRUE
B7: ='[1]Dados de entrada'!$B$28 -> 10 | C7: ='[1]Dados de entrada'!$B$31 -> 2 | D7: ='[1]Dados de entrada'!$B$32 -> 192 | E7: ='[1]Dados de entrada'!$B$27 -> 4.0933129 | F7: ='[1]Dados de entrada'!$B$30 -> 25 | G7: ='[1]Dados de entrada'!$B$22 -> 30 | H7: ='[1]Dados de entrada'!$B$29/(2*'[1]Dados de entrada'!$B$20*G7) -> 0.0098600509 | I7: 463 | J7: 0.27 | K7: 0.33066813 | L7: =K7/J7 -> 1.2246968 | M7: =LN(L7) -> 0.2026933 | N7: 0.25618898 | O7: =N7/J7 -> 0.94884806 | P7: =LN(O7) -> -0.052506598 | Q7: 0.36112749 | R7: =Q7/J7 -> 1.3375092 | S7: =LN(R7) -> 0.2908091 | T7: 0.49921577 | U7: 0.27930954 | V7: 1.0344798 | W7: =LN(V7) -> 0.033898658 | X7: 0.46605954 | Y7: =X7/J7 -> 1.7261465 | Z7: =LN(Y7) -> 0.54589144 | AA7: 0.31473749 | AB7: =AA7/J7 -> 1.1656944 | AC7: =LN(AB7) -> 0.15331696 | BS7: =IF(AND(B7<=12.7,F7<=45),TRUE,FALSE) -> TRUE | BU7: =IF(AND(B7>12.7,F7<=45),TRUE,FALSE) -> FALSE | BW7: =IF(AND(F7<=45,C7>1),TRUE,FALSE) -> TRUE
B8: ='[1]Dados de entrada'!$B$28 -> 10 | C8: ='[1]Dados de entrada'!$B$31 -> 2 | D8: ='[1]Dados de entrada'!$B$32 -> 192 | E8: ='[1]Dados de entrada'!$B$27 -> 4.0933129 | F8: ='[1]Dados de entrada'!$B$30 -> 25 | G8: ='[1]Dados de entrada'!$B$22 -> 30 | H8: ='[1]Dados de entrada'!$B$29/(2*'[1]Dados de entrada'!$B$20*G8) -> 0.0098600509 | I8: 499 | J8: 0.31 | K8: 0.39113607 | L8: =K8/J8 -> 1.2617293 | M8: =LN(L8) -> 0.23248322 | N8: 0.29314776 | O8: =N8/J8 -> 0.94563795 | P8: =LN(O8) -> -0.0558955 | Q8: 0.38920652 | R8: =Q8/J8 -> 1.2555049 | S8: =LN(R8) -> 0.2275378 | T8: 0.53803168 | U8: 0.32443289 | V8: 1.0465577 | W8: =LN(V8) -> 0.045506403 | X8: 0.51228987 | Y8: =X8/J8 -> 1.652548 | Z8: =LN(Y8) -> 0.50231832 | AA8: 0.35829312 | AB8: =AA8/J8 -> 1.1557842 | AC8: =LN(AB8) -> 0.14477912 | BS8: =IF(AND(B8<=12.7,F8<=45),TRUE,FALSE) -> TRUE | BU8: =IF(AND(B8>12.7,F8<=45),TRUE,FALSE) -> FALSE | BW8: =IF(AND(F8<=45,C8>1),TRUE,FALSE) -> TRUE
A9: Viga S200-1.76-20 - Sokolov et al (2021) | B9: ='[2]Dados de entrada'!$B$28 -> 20 | C9: ='[2]Dados de entrada'!$B$31 -> 2 | D9: ='[2]Dados de entrada'!$B$32 -> 126 | E9: ='[2]Dados de entrada'!$B$27 -> 4.1203405 | F9: ='[2]Dados de entrada'!$B$30 -> 25 | G9: ='[2]Dados de entrada'!$B$22 -> 39 | H9: ='[2]Dados de entrada'!$B$29/(2*'[2]Dados de entrada'!$B$20*G9) -> 0.037274454 | I9: {='[2]fib Model Code 2010'!$K$5:$K$10} -> 231.811 | J9: {='[2]Dados de entrada'!$C$7:$C$12} -> 0.16 | K9: {='[2]fib Model Code 2010'!$F$5:$F$10} -> 0.12445288 | L9: =K9/J9 -> 0.7778305 | M9: =LN(L9) -> -0.25124665 | N9: {='[2]fib Model Code 2020'!$F$5:$F$10} -> 0.084635219 | O9: =N9/J9 -> 0.52897012 | P9: =LN(O9) -> -0.63682333 | Q9: {='[2]Eurocode 2'!$F$5:$F$10} -> 0.12401497 | R9: =Q9/J9 -> 0.77509357 | S9: =LN(R9) -> -0.25477152 | T9: {='[2]NBR 6118'!$F$5:$F$10} -> 0.24483716 | U9: {='[2]NBR 6118'!$G$5:$G$10} -> 0.13694661 | V9: {='[2]NBR 6118'!$L$5:$L$10} -> 0.85591631 | W9: =LN(V9) -> -0.15558267 | X9: {=[2]Sugestão!$G$5:$G$10} -> 0.099913427 | Y9: =X9/J9 -> 0.62445892 | Z9: =LN(Y9) -> -0.47086974 | AA9: {='[2]fib Model Code 2020 modificado'!$F$5:$F$10} -> 0.15145884 | AB9: =AA9/J9 -> 0.94661775 | AC9: =LN(AB9) -> -0.054859908 | AD9: {='[2]fib Model Code 2010'!$L$5:$L$10} -> 0.12573407 | AE9: =AD9/$J9 -> 0.78583793 | AF9: =LN(AE9) -> -0.2410047 | AG9: {='[2]fib Model Code 2020'!$L$5:$L$10} -> 0.086159383 | AH9: =AG9/$J9 -> 0.53849614 | AI9: =LN(AH9) -> -0.61897495 | AJ9: {='[2]Eurocode 2'!$L$5:$L$10} -> 0.12529165 | AK9: =AJ9/$J9 -> 0.78307283 | AL9: =LN(AK9) -> -0.24452958 | AM9: {='[2]NBR 6118'!$Q$5:$Q$10} -> 0.26246779 | AN9: {='[2]NBR 6118'!$R$5:$R$10} -> 0.15737968 | AO9: {='[2]NBR 6118'!$W$5:$W$10} -> 0.98362299 | AP9: =LN(AO9) -> -0.016512596 | AQ9: {='[2]Clark (1956)'!$L$5:$L$10} -> 0.18100616 | AR9: =AQ9/$J9 -> 1.1312885 | AS9: =LN(AR9) -> 0.12335727 | AT9: {='[2]Leonhardt (1977)'!$L$5:$L$10} -> 0.29637407 | AU9: =AT9/$J9 -> 1.852338 | AV9: =LN(AU9) -> 0.6164486 | AW9: {='[2]Desayi; Ganesan (1985)'!$L$5:$L$10} -> 0.31268421 | AX9: =AW9/$J9 -> 1.9542763 | AY9: =LN(AX9) -> 0.67001995 | AZ9: {='[2]Oh; Kang (1987)'!$L$5:$L$10} -> 0.18596904 | BA9: =AZ9/$J9 -> 1.1623065 | BB9: =LN(BA9) -> 0.1504064 | BC9: {='[2]Caldas (1997)'!$L$5:$L$10} -> 0.12999764 | BD9: =BC9/$J9 -> 0.81248526 | BE9: =LN(BD9) -> -0.20765751 | BF9: {='[2]Gergely e Lutz (1968)'!$L$5:$L$10} -> 0.24152795 | BG9: =BF9/$J9 -> 1.5095497 | BH9: =LN(BG9) -> 0.41181138 | BI9: {=[2]Sugestão!$N$5:$N$10} -> 0.10212972 | BJ9: =BI9/$J9 -> 0.63831077 | BK9: =LN(BJ9) -> -0.44893001 | BL9: {='[2]fib Model Code 2020 modificado'!$L$5:$L$10} -> 0.15370894 | BM9: =BL9/$J9 -> 0.96068086 | BN9: =LN(BM9) -> -0.040113018 | BS9: =IF(AND(B9<=12.7,F9<=45),TRUE,FALSE) -> FALSE | BU9: =IF(AND(B9>12.7,F9<=45),TRUE,FALSE) -> TRUE | BW9: =IF(AND(F9<=45,C9>1),TRUE,FALSE) -> TRUE
B10: ='[2]Dados de entrada'!$B$28 -> 20 | C10: ='[2]Dados de entrada'!$B$31 -> 2 | D10: ='[2]Dados de entrada'!$B$32 -> 126 | E10: ='[2]Dados de entrada'!$B$27 -> 4.1203405 | F10: ='[2]Dados de entrada'!$B$30 -> 25 | G10: ='[2]Dados de entrada'!$B$22 -> 39 | H10: ='[2]Dados de entrada'!$B$29/(2*'[2]Dados de entrada'!$B$20*G10) -> 0.037274454 | I10: 304.25194 | J10: 0.23 | K10: 0.17255925 | L10: =K10/J10 -> 0.75025759 | M10: =LN(L10) -> -0.28733867 | N10: 0.14186483 | O10: =N10/J10 -> 0.61680361 | P10: =LN(O10) -> -0.4832046 | Q10: 0.17195207 | R10: =Q10/J10 -> 0.74761769 | S10: =LN(R10) -> -0.29086355 | T10: 0.31722379 | U10: 0.22989427 | V10: 0.99954029 | W10: =LN(V10) -> -0.00045981214 | X10: 0.18313142 | Y10: =X10/J10 -> 0.79622358 | Z10: =LN(Y10) -> -0.22787525 | AA10: 0.23808772 | AB10: =AA10/J10 -> 1.035164 | AC10: =LN(AB10) -> 0.034559872 | AD10: 0.17698216 | AE10: =AD10/$J10 -> 0.76948766 | AF10: =LN(AE10) -> -0.26203036 | AG10: 0.14712654 | AH10: =AG10/$J10 -> 0.63968062 | AI10: =LN(AH10) -> -0.44678626 | AJ10: 0.17635942 | AK10: =AJ10/$J10 -> 0.76678009 | AL10: =LN(AK10) -> -0.26555523 | AM10: 0.34448897 | AN10: 0.27111109 | AO10: 1.1787439 | AP10: =LN(AO10) -> 0.16444934 | AQ10: 0.24436255 | AR10: =AQ10/$J10 -> 1.0624459 | AS10: =LN(AR10) -> 0.060573665 | AT10: 0.44704918 | AU10: =AT10/$J10 -> 1.9436921 | AV10: =LN(AU10) -> 0.66458931 | AW10: 0.41039802 | AX10: =AW10/$J10 -> 1.7843392 | AY10: =LN(AX10) -> 0.57904817 | AZ10: 0.25620365 | BA10: =AZ10/$J10 -> 1.1139289 | BB10: =LN(BA10) -> 0.10789335 | BC10: 0.17474556 | BD10: =BC10/$J10 -> 0.75976329 | BE10: =LN(BD10) -> -0.27474836 | BF10: 0.31700543 | BG10: =BF10/$J10 -> 1.3782845 | BH10: =LN(BG10) -> 0.3208396 | BI10: 0.19078252 | BJ10: =BI10/$J10 -> 0.8294892 | BK10: =LN(BJ10) -> -0.18694519 | BL10: 0.24627331 | BM10: =BL10/$J10 -> 1.0707535 | BN10: =LN(BM10) -> 0.068362633 | BS10: =IF(AND(B10<=12.7,F10<=45),TRUE,FALSE) -> FALSE | BU10: =IF(AND(B10>12.7,F10<=45),TRUE,FALSE) -> TRUE | BW10: =IF(AND(F10<=45,C10>1),TRUE,FALSE) -> TRUE
B11: ='[2]Dados de entrada'!$B$28 -> 20 | C11: ='[2]Dados de entrada'!$B$31 -> 2 | D11: ='[2]Dados de entrada'!$B$32 -> 126 | E11: ='[2]Dados de entrada'!$B$27 -> 4.1203405 | F11: ='[2]Dados de entrada'!$B$30 -> 25 | G11: ='[2]Dados de entrada'!$B$22 -> 39 | H11: ='[2]Dados de entrada'!$B$29/(2*'[2]Dados de entrada'!$B$20*G11) -> 0.037274454 | I11: 314.28223 | J11: 0.24 | K11: 0.18529328 | L11: =K11/J11 -> 0.77205535 | M11: =LN(L11) -> -0.25869903 | N11: 0.15701385 | O11: =N11/J11 -> 0.65422436 | P11: =LN(O11) -> -0.42430493 | Q11: 0.1846413 | R11: =Q11/J11 -> 0.76933875 | S11: =LN(R11) -> -0.2622239 | T11: 0.33638496 | U11: 0.25850549 | V11: 1.0771062 | W11: =LN(V11) -> 0.074278028 | X11: 0.20515972 | Y11: =X11/J11 -> 0.85483216 | Z11: =LN(Y11) -> -0.15685014 | AA11: 0.26175552 | AB11: =AA11/J11 -> 1.090648 | AC11: =LN(AB11) -> 0.086772009 | AD11: 0.18407805 | AE11: =AD11/$J11 -> 0.76699189 | AF11: =LN(AE11) -> -0.26527906 | AG11: 0.15556815 | AH11: =AG11/$J11 -> 0.64820062 | AI11: =LN(AH11) -> -0.43355503 | AJ11: 0.18343034 | AK11: =AJ11/$J11 -> 0.7642931 | AL11: =LN(AK11) -> -0.26880393 | AM11: 0.35584575 | AN11: 0.28928119 | AO11: 1.2053383 | AP11: =LN(AO11) -> 0.18676028 | AQ11: 0.25313497 | AR11: =AQ11/$J11 -> 1.054729 | AS11: =LN(AR11) -> 0.053283902 | AT11: 0.46699968 | AU11: =AT11/$J11 -> 1.945832 | AV11: =LN(AU11) -> 0.66568965 | AW11: 0.42392763 | AX11: =AW11/$J11 -> 1.7663651 | AY11: =LN(AX11) -> 0.56892383 | AZ11: 0.26592845 | BA11: =AZ11/$J11 -> 1.1080352 | BB11: =LN(BA11) -> 0.10258835 | BC11: 0.18094142 | BD11: =BC11/$J11 -> 0.75392259 | BE11: =LN(BD11) -> -0.28246559 | BF11: 0.32745616 | BG11: =BF11/$J11 -> 1.3644007 | BH11: =LN(BG11) -> 0.31071526 | BI11: 0.20305752 | BJ11: =BI11/$J11 -> 0.84607299 | BK11: =LN(BJ11) -> -0.16714964 | BL11: 0.25948355 | BM11: =BL11/$J11 -> 1.0811815 | BN11: =LN(BM11) -> 0.078054382 | BS11: =IF(AND(B11<=12.7,F11<=45),TRUE,FALSE) -> FALSE | BU11: =IF(AND(B11>12.7,F11<=45),TRUE,FALSE) -> TRUE | BW11: =IF(AND(F11<=45,C11>1),TRUE,FALSE) -> TRUE
B12: ='[2]Dados de entrada'!$B$28 -> 20 | C12: ='[2]Dados de entrada'!$B$31 -> 2 | D12: ='[2]Dados de entrada'!$B$32 -> 126 | E12: ='[2]Dados de entrada'!$B$27 -> 4.1203405 | F12: ='[2]Dados de entrada'!$B$30 -> 25 | G12: ='[2]Dados de entrada'!$B$22 -> 39 | H12: ='[2]Dados de entrada'!$B$29/(2*'[2]Dados de entrada'!$B$20*G12) -> 0.037274454 | I12: 363.31917 | J12: 0.27 | K12: 0.23835178 | L12: =K12/J12 -> 0.88278436 | M12: =LN(L12) -> -0.12467432 | N12: 0.22013474 | O12: =N12/J12 -> 0.81531386 | P12: =LN(O12) -> -0.20418214 | Q12: 0.2375131 | R12: =Q12/J12 -> 0.87967814 | S12: =LN(R12) -> -0.12819919 | T12: 0.41622316 | U12: 0.3957757 | V12: 1.4658359 | W12: =LN(V12) -> 0.38242568 | X12: 0.29694427 | Y12: =X12/J12 -> 1.0997936 | Z12: =LN(Y12) -> 0.095122533 | AA12: 0.36369043 | AB12: =AA12/J12 -> 1.3470016 | AC12: =LN(AB12) -> 0.29788107 | AD12: 0.21876907 | AE12: =AD12/$J12 -> 0.81025582 | AF12: =LN(AE12) -> -0.21040526 | AG12: 0.19683823 | AH12: =AG12/$J12 -> 0.72903047 | AI12: =LN(AH12) -> -0.31603976 | AJ12: 0.21799929 | AK12: =AJ12/$J12 -> 0.80740479 | AL12: =LN(AK12) -> -0.21393013 | AM12: 0.41136778 | AN12: 0.38659585 | AO12: 1.4318365 | AP12: =LN(AO12) -> 0.35895786 | AQ12: 0.29602237 | AR12: =AQ12/$J12 -> 1.0963791 | AS12: =LN(AR12) -> 0.092013062 | AT12: 0.56249751 | AU12: =AT12/$J12 -> 2.0833241 | AV12: =LN(AU12) -> 0.73396475 | AW12: 0.49007237 | AX12: =AW12/$J12 -> 1.8150828 | AY12: =LN(AX12) -> 0.59613111 | AZ12: 0.31347188 | BA12: =AZ12/$J12 -> 1.161007 | BB12: =LN(BA12) -> 0.1492877 | BC12: 0.21123232 | BD12: =BC12/$J12 -> 0.78234191 | BE12: =LN(BD12) -> -0.2454634 | BF12: 0.37854861 | BG12: =BF12/$J12 -> 1.4020319 | BH12: =LN(BG12) -> 0.33792253 | BI12: 0.26306864 | BJ12: =BI12/$J12 -> 0.9743283 | BK12: =LN(BJ12) -> -0.026006973 | BL12: 0.32544523 | BM12: =BL12/$J12 -> 1.2053527 | BN12: =LN(BM12) -> 0.18677223 | BS12: =IF(AND(B12<=12.7,F12<=45),TRUE,FALSE) -> FALSE | BU12: =IF(AND(B12>12.7,F12<=45),TRUE,FALSE) -> TRUE | BW12: =IF(AND(F12<=45,C12>1),TRUE,FALSE) -> TRUE
B13: ='[2]Dados de entrada'!$B$28 -> 20 | C13: ='[2]Dados de entrada'!$B$31 -> 2 | D13: ='[2]Dados de entrada'!$B$32 -> 126 | E13: ='[2]Dados de entrada'!$B$27 -> 4.1203405 | F13: ='[2]Dados de entrada'!$B$30 -> 25 | G13: ='[2]Dados de entrada'!$B$22 -> 39 | H13: ='[2]Dados de entrada'!$B$29/(2*'[2]Dados de entrada'!$B$20*G13) -> 0.037274454 | I13: 459.16411 | J13: 0.35 | K13: 0.28009113 | L13: =K13/J13 -> 0.80026036 | M13: =LN(L13) -> -0.22281816 | N13: 0.26978985 | O13: =N13/J13 -> 0.77082813 | P13: =LN(O13) -> -0.26028985 | Q13: 0.27910558 | R13: =Q13/J13 -> 0.79744451 | S13: =LN(R13) -> -0.22634303 | T13: 0.47902922 | U13: 0.52422852 | V13: 1.3686549 | W13: =LN(V13) -> 0.31382844 | X13: 0.36914813 | Y13: =X13/J13 -> 1.0547089 | Z13: =LN(Y13) -> 0.053264832 | AA13: 0.44764133 | AB13: =AA13/J13 -> 1.2789752 | AC13: =LN(AB13) -> 0.24605915 | AD13: 0.28657424 | AE13: =AD13/$J13 -> 0.81878355 | AF13: =LN(AE13) -> -0.19993552 | AG13: 0.27750247 | AH13: =AG13/$J13 -> 0.79286419 | AI13: =LN(AH13) -> -0.23210333 | AJ13: 0.28556588 | AK13: =AJ13/$J13 -> 0.81590252 | AL13: =LN(AK13) -> -0.2034604 | AM13: 0.51988812 | AN13: 0.61747079 | AO13: 1.4853946 | AP13: =LN(AO13) -> 0.39568047 | AQ13: 0.37984774 | AR13: =AQ13/$J13 -> 1.0852793 | AS13: =LN(AR13) -> 0.081837328 | AT13: 0.74267836 | AU13: =AT13/$J13 -> 2.1219382 | AV13: =LN(AU13) -> 0.7523299 | AW13: 0.61935526 | AX13: =AW13/$J13 -> 1.7695865 | AY13: =LN(AX13) -> 0.57074588 | AZ13: 0.40639768 | BA13: =AZ13/$J13 -> 1.1611362 | BB13: =LN(BA13) -> 0.14939902 | BC13: 0.27043725 | BD13: =BC13/$J13 -> 0.77267786 | BE13: =LN(BD13) -> -0.25789306 | BF13: 0.47841113 | BG13: =BF13/$J13 -> 1.3668889 | BH13: =LN(BG13) -> 0.31253731 | BI13: 0.3803631 | BJ13: =BI13/$J13 -> 1.0867517 | BK13: =LN(BJ13) -> 0.083193178 | BL13: 0.46097815 | BM13: =BL13/$J13 -> 1.3170804 | BN13: =LN(BM13) -> 0.2754175 | BS13: =IF(AND(B13<=12.7,F13<=45),TRUE,FALSE) -> FALSE | BU13: =IF(AND(B13>12.7,F13<=45),TRUE,FALSE) -> TRUE | BW13: =IF(AND(F13<=45,C13>1),TRUE,FALSE) -> TRUE
B14: ='[2]Dados de entrada'!$B$28 -> 20 | C14: ='[2]Dados de entrada'!$B$31 -> 2 | D14: ='[2]Dados de entrada'!$B$32 -> 126 | E14: ='[2]Dados de entrada'!$B$27 -> 4.1203405 | F14: ='[2]Dados de entrada'!$B$30 -> 25 | G14: ='[2]Dados de entrada'!$B$22 -> 39 | H14: ='[2]Dados de entrada'!$B$29/(2*'[2]Dados de entrada'!$B$20*G14) -> 0.037274454 | I14: 500 | J14: 0.4 | K14: 0.3069741 | L14: =K14/J14 -> 0.76743524 | M14: =LN(L14) -> -0.26470118 | N14: 0.3017711 | O14: =N14/J14 -> 0.75442775 | P14: =LN(O14) -> -0.28179576 | Q14: 0.30589396 | R14: =Q14/J14 -> 0.76473489 | S14: =LN(R14) -> -0.26822606 | T14: 0.51948057 | U14: 0.61650309 | V14: 1.2987014 | W14: =LN(V14) -> 0.26136487 | X14: 0.41070663 | Y14: =X14/J14 -> 1.0267666 | Z14: =LN(Y14) -> 0.02641461 | AA14: 0.5034654 | AB14: =AA14/J14 -> 1.2586635 | AC14: =LN(AB14) -> 0.23005045 | AD14: 0.31546345 | AE14: =AD14/$J14 -> 0.78865864 | AF14: =LN(AE14) -> -0.23742171 | AG14: 0.31187044 | AH14: =AG14/$J14 -> 0.77967611 | AI14: =LN(AH14) -> -0.24887669 | AJ14: 0.31435344 | AK14: =AJ14/$J14 -> 0.78588361 | AL14: =LN(AK14) -> -0.24094658 | AM14: 0.53225469 | AN14: 0.6471957 | AO14: 1.3306367 | AP14: =LN(AO14) -> 0.28565756 | AQ14: 0.41556255 | AR14: =AQ14/$J14 -> 1.0389064 | AS14: =LN(AR14) -> 0.038168599 | AT14: 0.81781094 | AU14: =AT14/$J14 -> 2.0445274 | AV14: =LN(AU14) -> 0.71516664 | AW14: 0.6744378 | AX14: =AW14/$J14 -> 1.6860945 | AY14: =LN(AX14) -> 0.52241491 | AZ14: 0.44598984 | BA14: =AZ14/$J14 -> 1.1149746 | BB14: =LN(BA14) -> 0.10883162 | BC14: 0.29566223 | BD14: =BC14/$J14 -> 0.73915557 | BE14: =LN(BD14) -> -0.30224687 | BF14: 0.52095876 | BG14: =BF14/$J14 -> 1.3023969 | BH14: =LN(BG14) -> 0.26420634 | BI14: 0.42080597 | BJ14: =BI14/$J14 -> 1.0520149 | BK14: =LN(BJ14) -> 0.050707303 | BL14: 0.52137957 | BM14: =BL14/$J14 -> 1.3034489 | BN14: =LN(BM14) -> 0.26501377 | BS14: =IF(AND(B14<=12.7,F14<=45),TRUE,FALSE) -> FALSE | BU14: =IF(AND(B14>12.7,F14<=45),TRUE,FALSE) -> TRUE | BW14: =IF(AND(F14<=45,C14>1),TRUE,FALSE) -> TRUE
A15: Viga S200-1.98-10 - Sokolov et al (2021) | B15: ='[3]Dados de entrada'!$B$28 -> 10 | C15: ='[3]Dados de entrada'!$B$31 -> 8 | D15: ='[3]Dados de entrada'!$B$32 -> 40.7 | E15: ='[3]Dados de entrada'!$B$27 -> 4.1203405 | F15: ='[3]Dados de entrada'!$B$30 -> 25 | G15: ='[3]Dados de entrada'!$B$22 -> 49 | H15: ='[3]Dados de entrada'!$B$29/(2*'[3]Dados de entrada'!$B$20*G15) -> 0.030227185 | I15: {='[3]Dados de entrada'!$E$7:$E$9} -> 344 | J15: {='[3]Dados de entrada'!$C$7:$C$9} -> 0.16 | K15: {='[3]fib Model Code 2010'!$F$5:$F$7} -> 0.137745 | L15: =K15/J15 -> 0.86090625 | M15: =LN(L15) -> -0.14976967 | N15: {='[3]fib Model Code 2020'!$F$5:$F$7} -> 0.14773432 | O15: =N15/J15 -> 0.92333949 | P15: =LN(O15) -> -0.079758303 | Q15: {='[3]Eurocode 2'!$F$5:$F$7} -> 0.16340398 | R15: =Q15/J15 -> 1.0212749 | S15: =LN(R15) -> 0.021051728 | T15: {='[3]NBR 6118'!$F$5:$F$7} -> 0.18353711 | U15: {='[3]NBR 6118'!$G$5:$G$7} -> 0.1531731 | V15: {='[3]NBR 6118'!$L$5:$L$7} -> 0.95733188 | W15: =LN(V15) -> -0.043605157 | X15: {=[3]Sugestão!$G$5:$G$7} -> 0.19633966 | Y15: =X15/J15 -> 1.2271229 | Z15: =LN(Y15) -> 0.20467233 | AA15: {='[3]fib Model Code 2020 modificado'!$F$5:$F$7} -> 0.18643003 | AB15: =AA15/J15 -> 1.1651877 | AC15: =LN(AB15) -> 0.15288216 | BS15: =IF(AND(B15<=12.7,F15<=45),TRUE,FALSE) -> TRUE | BU15: =IF(AND(B15>12.7,F15<=45),TRUE,FALSE) -> FALSE | BW15: =IF(AND(F15<=45,C15>1),TRUE,FALSE) -> TRUE
B16: ='[3]Dados de entrada'!$B$28 -> 10 | C16: ='[3]Dados de entrada'!$B$31 -> 8 | D16: ='[3]Dados de entrada'!$B$32 -> 40.7 | E16: ='[3]Dados de entrada'!$B$27 -> 4.1203405 | F16: ='[3]Dados de entrada'!$B$30 -> 25 | G16: ='[3]Dados de entrada'!$B$22 -> 49 | H16: ='[3]Dados de entrada'!$B$29/(2*'[3]Dados de entrada'!$B$20*G16) -> 0.030227185 | I16: 424 | J16: 0.22 | K16: 0.175636 | L16: =K16/J16 -> 0.79834545 | M16: =LN(L16) -> -0.22521388 | N16: 0.20301592 | O16: =N16/J16 -> 0.92279964 | P16: =LN(O16) -> -0.08034314 | Q16: 0.20835327 | R16: =Q16/J16 -> 0.94706033 | S16: =LN(R16) -> -0.054392482 | T16: 0.22622016 | U16: 0.23270051 | V16: 1.0282735 | W16: =LN(V16) -> 0.027881135 | X16: 0.27687469 | Y16: =X16/J16 -> 1.2585213 | Z16: =LN(Y16) -> 0.22993749 | AA16: 0.25454004 | AB16: =AA16/J16 -> 1.1570002 | AC16: =LN(AB16) -> 0.14583062 | BS16: =IF(AND(B16<=12.7,F16<=45),TRUE,FALSE) -> TRUE | BU16: =IF(AND(B16>12.7,F16<=45),TRUE,FALSE) -> FALSE | BW16: =IF(AND(F16<=45,C16>1),TRUE,FALSE) -> TRUE
B17: ='[3]Dados de entrada'!$B$28 -> 10 | C17: ='[3]Dados de entrada'!$B$31 -> 8 | D17: ='[3]Dados de entrada'!$B$32 -> 40.7 | E17: ='[3]Dados de entrada'!$B$27 -> 4.1203405 | F17: ='[3]Dados de entrada'!$B$30 -> 25 | G17: ='[3]Dados de entrada'!$B$22 -> 49 | H17: ='[3]Dados de entrada'!$B$29/(2*'[3]Dados de entrada'!$B$20*G17) -> 0.030227185 | I17: 475 | J17: 0.29 | K17: 0.19979151 | L17: =K17/J17 -> 0.68893625 | M17: =LN(L17) -> -0.37260654 | N17: 0.23825794 | O17: =N17/J17 -> 0.82157912 | P17: =LN(O17) -> -0.19652704 | Q17: 0.23700845 | R17: =Q17/J17 -> 0.8172705 | S17: =LN(R17) -> -0.20178514 | T17: 0.2534306 | U17: 0.29204706 | V17: 0.87389863 | W17: =LN(V17) -> -0.13479089 | X17: 0.32821577 | Y17: =X17/J17 -> 1.1317785 | Z17: =LN(Y17) -> 0.12379032 | AA17: 0.29871443 | AB17: =AA17/J17 -> 1.0300498 | AC17: =LN(AB17) -> 0.029607124 | BS17: =IF(AND(B17<=12.7,F17<=45),TRUE,FALSE) -> TRUE | BU17: =IF(AND(B17>12.7,F17<=45),TRUE,FALSE) -> FALSE | BW17: =IF(AND(F17<=45,C17>1),TRUE,FALSE) -> TRUE
A18: Viga S600-0.36-20 - Sokolov et al (2021) | B18: ='[4]Dados de entrada'!$B$28 -> 20 | C18: ='[4]Dados de entrada'!$B$31 -> 2 | D18: ='[4]Dados de entrada'!$B$32 -> 221 | E18: ='[4]Dados de entrada'!$B$27 -> 4.1311268 | F18: ='[4]Dados de entrada'!$B$30 -> 25 | G18: ='[4]Dados de entrada'!$B$22 -> 41 | H18: ='[4]Dados de entrada'!$B$29/(2*'[4]Dados de entrada'!$B$20*G18) -> 0.02462552 | I18: {='[4]Dados de entrada'!$E$7:$E$13} -> 262 | J18: {='[4]Dados de entrada'!$C$7:$C$13} -> 0.16 | K18: {='[4]fib Model Code 2010'!$F$5:$F$11} -> 0.20384075 | L18: =K18/J18 -> 1.2740047 | M18: =LN(L18) -> 0.24216524 | N18: {='[4]fib Model Code 2020'!$F$5:$F$11} -> 0.1574904 | O18: =N18/J18 -> 0.98431502 | P18: =LN(O18) -> -0.015809291 | Q18: {='[4]Eurocode 2'!$F$5:$F$11} -> 0.20246196 | R18: =Q18/J18 -> 1.2653873 | S18: =LN(R18) -> 0.2353782 | T18: {='[4]NBR 6118'!$F$5:$F$11} -> 0.38312941 | U18: {='[4]NBR 6118'!$G$5:$G$11} -> 0.17724043 | V18: {='[4]NBR 6118'!$L$5:$L$11} -> 1.1077527 | W18: =LN(V18) -> 0.10233333 | X18: {=[4]Sugestão!$G$5:$G$11} -> 0.18660042 | Y18: =X18/J18 -> 1.1662526 | Z18: =LN(Y18) -> 0.15379571 | AA18: {='[4]fib Model Code 2020 modificado'!$F$5:$F$11} -> 0.23744975 | AB18: =AA18/J18 -> 1.4840609 | AC18: =LN(AB18) -> 0.39478221 | BS18: =IF(AND(B18<=12.7,F18<=45),TRUE,FALSE) -> FALSE | BU18: =IF(AND(B18>12.7,F18<=45),TRUE,FALSE) -> TRUE | BW18: =IF(AND(F18<=45,C18>1),TRUE,FALSE) -> TRUE
B19: ='[4]Dados de entrada'!$B$28 -> 20 | C19: ='[4]Dados de entrada'!$B$31 -> 2 | D19: ='[4]Dados de entrada'!$B$32 -> 221 | E19: ='[4]Dados de entrada'!$B$27 -> 4.1311268 | F19: ='[4]Dados de entrada'!$B$30 -> 25 | G19: ='[4]Dados de entrada'!$B$22 -> 41 | H19: ='[4]Dados de entrada'!$B$29/(2*'[4]Dados de entrada'!$B$20*G19) -> 0.02462552 | I19: 289 | J19: 0.19 | K19: 0.24866101 | L19: =K19/J19 -> 1.3087422 | M19: =LN(L19) -> 0.2690665 | N19: 0.18560029 | O19: =N19/J19 -> 0.97684361 | P19: =LN(O19) -> -0.02342871 | Q19: 0.22332636 | R19: =Q19/J19 -> 1.1754019 | S19: =LN(R19) -> 0.16161013 | T19: 0.42261221 | U19: 0.21565319 | V19: 1.1350168 | W19: =LN(V19) -> 0.12664745 | X19: 0.22563016 | Y19: =X19/J19 -> 1.1875271 | Z19: =LN(Y19) -> 0.17187311 | AA19: 0.27750008 | AB19: =AA19/J19 -> 1.4605267 | AC19: =LN(AB19) -> 0.37879714 | BS19: =IF(AND(B19<=12.7,F19<=45),TRUE,FALSE) -> FALSE | BU19: =IF(AND(B19>12.7,F19<=45),TRUE,FALSE) -> TRUE | BW19: =IF(AND(F19<=45,C19>1),TRUE,FALSE) -> TRUE
B20: ='[4]Dados de entrada'!$B$28 -> 20 | C20: ='[4]Dados de entrada'!$B$31 -> 2 | D20: ='[4]Dados de entrada'!$B$32 -> 221 | E20: ='[4]Dados de entrada'!$B$27 -> 4.1311268 | F20: ='[4]Dados de entrada'!$B$30 -> 25 | G20: ='[4]Dados de entrada'!$B$22 -> 41 | H20: ='[4]Dados de entrada'!$B$29/(2*'[4]Dados de entrada'!$B$20*G20) -> 0.02462552 | I20: 315 | J20: 0.21 | K20: 0.29182127 | L20: =K20/J20 -> 1.3896251 | M20: =LN(L20) -> 0.32903398 | N20: 0.21266906 | O20: =N20/J20 -> 1.0127098 | P20: =LN(O20) -> 0.012629729 | Q20: 0.24341801 | R20: =Q20/J20 -> 1.1591334 | S20: =LN(R20) -> 0.14767262 | T20: 0.46063269 | U20: 0.25620129 | V20: 1.2200061 | W20: =LN(V20) -> 0.19885589 | X20: 0.26321435 | Y20: =X20/J20 -> 1.2534017 | Z20: =LN(Y20) -> 0.22586119 | AA20: 0.31672053 | AB20: =AA20/J20 -> 1.508193 | AC20: =LN(AB20) -> 0.41091226 | BS20: =IF(AND(B20<=12.7,F20<=45),TRUE,FALSE) -> FALSE | BU20: =IF(AND(B20>12.7,F20<=45),TRUE,FALSE) -> TRUE | BW20: =IF(AND(F20<=45,C20>1),TRUE,FALSE) -> TRUE
B21: ='[4]Dados de entrada'!$B$28 -> 20 | C21: ='[4]Dados de entrada'!$B$31 -> 2 | D21: ='[4]Dados de entrada'!$B$32 -> 221 | E21: ='[4]Dados de entrada'!$B$27 -> 4.1311268 | F21: ='[4]Dados de entrada'!$B$30 -> 25 | G21: ='[4]Dados de entrada'!$B$22 -> 41 | H21: ='[4]Dados de entrada'!$B$29/(2*'[4]Dados de entrada'!$B$20*G21) -> 0.02462552 | I21: 362 | J21: 0.24 | K21: 0.36984172 | L21: =K21/J21 -> 1.5410072 | M21: =LN(L21) -> 0.43243622 | N21: 0.26160108 | O21: =N21/J21 -> 1.0900045 | P21: =LN(O21) -> 0.086181828 | Q21: 0.28694335 | R21: =Q21/J21 -> 1.1955973 | S21: =LN(R21) -> 0.17864589 | T21: 0.52936201 | U21: 0.3383587 | V21: 1.4098279 | W21: =LN(V21) -> 0.34346764 | X21: 0.33115501 | Y21: =X21/J21 -> 1.3798125 | Z21: =LN(Y21) -> 0.32194765 | AA21: 0.38924611 | AB21: =AA21/J21 -> 1.6218588 | AC21: =LN(AB21) -> 0.4835729 | BS21: =IF(AND(B21<=12.7,F21<=45),TRUE,FALSE) -> FALSE | BU21: =IF(AND(B21>12.7,F21<=45),TRUE,FALSE) -> TRUE | BW21: =IF(AND(F21<=45,C21>1),TRUE,FALSE) -> TRUE
B22: ='[4]Dados de entrada'!$B$28 -> 20 | C22: ='[4]Dados de entrada'!$B$31 -> 2 | D22: ='[4]Dados de entrada'!$B$32 -> 221 | E22: ='[4]Dados de entrada'!$B$27 -> 4.1311268 | F22: ='[4]Dados de entrada'!$B$30 -> 25 | G22: ='[4]Dados de entrada'!$B$22 -> 41 | H22: ='[4]Dados de entrada'!$B$29/(2*'[4]Dados de entrada'!$B$20*G22) -> 0.02462552 | I22: 405 | J22: 0.27 | K22: 0.44122214 | L22: =K22/J22 -> 1.6341561 | M22: =LN(L22) -> 0.49112651 | N22: 0.30636867 | O22: =N22/J22 -> 1.1346988 | P22: =LN(O22) -> 0.12636723 | Q22: 0.34232417 | R22: =Q22/J22 -> 1.2678673 | S22: =LN(R22) -> 0.23733619 | T22: 0.59224203 | U22: 0.42351642 | V22: 1.5685793 | W22: =LN(V22) -> 0.45017032 | X22: 0.39331349 | Y22: =X22/J22 -> 1.4567166 | Z22: =LN(Y22) -> 0.37618501 | AA22: 0.45743454 | AB22: =AA22/J22 -> 1.694202 | AC22: =LN(AB22) -> 0.52721183 | BS22: =IF(AND(B22<=12.7,F22<=45),TRUE,FALSE) -> FALSE | BU22: =IF(AND(B22>12.7,F22<=45),TRUE,FALSE) -> TRUE | BW22: =IF(AND(F22<=45,C22>1),TRUE,FALSE) -> TRUE
B23: ='[4]Dados de entrada'!$B$28 -> 20 | C23: ='[4]Dados de entrada'!$B$31 -> 2 | D23: ='[4]Dados de entrada'!$B$32 -> 221 | E23: ='[4]Dados de entrada'!$B$27 -> 4.1311268 | F23: ='[4]Dados de entrada'!$B$30 -> 25 | G23: ='[4]Dados de entrada'!$B$22 -> 41 | H23: ='[4]Dados de entrada'!$B$29/(2*'[4]Dados de entrada'!$B$20*G23) -> 0.02462552 | I23: 451 | J23: 0.3 | K23: 0.51758259 | L23: =K23/J23 -> 1.7252753 | M23: =LN(L23) -> 0.54538663 | N23: 0.35425958 | O23: =N23/J23 -> 1.1808653 | P23: =LN(O23) -> 0.16624746 | Q23: 0.40156876 | R23: =Q23/J23 -> 1.3385625 | S23: =LN(R23) -> 0.2915963 | T23: 0.65950902 | U23: 0.52518618 | V23: 1.7506206 | W23: =LN(V23) -> 0.55997035 | X23: 0.4598086 | Y23: =X23/J23 -> 1.5326953 | Z23: =LN(Y23) -> 0.42702784 | AA23: 0.53232177 | AB23: =AA23/J23 -> 1.7744059 | AC23: =LN(AB23) -> 0.57346565 | BS23: =IF(AND(B23<=12.7,F23<=45),TRUE,FALSE) -> FALSE | BU23: =IF(AND(B23>12.7,F23<=45),TRUE,FALSE) -> TRUE | BW23: =IF(AND(F23<=45,C23>1),TRUE,FALSE) -> TRUE
B24: ='[4]Dados de entrada'!$B$28 -> 20 | C24: ='[4]Dados de entrada'!$B$31 -> 2 | D24: ='[4]Dados de entrada'!$B$32 -> 221 | E24: ='[4]Dados de entrada'!$B$27 -> 4.1311268 | F24: ='[4]Dados de entrada'!$B$30 -> 25 | G24: ='[4]Dados de entrada'!$B$22 -> 41 | H24: ='[4]Dados de entrada'!$B$29/(2*'[4]Dados de entrada'!$B$20*G24) -> 0.02462552 | I24: 489 | J24: 0.33 | K24: 0.58066296 | L24: =K24/J24 -> 1.7595847 | M24: =LN(L24) -> 0.56507783 | N24: 0.39382164 | O24: =N24/J24 -> 1.1933989 | P24: =LN(O24) -> 0.17680547 | Q24: 0.45050995 | R24: =Q24/J24 -> 1.3651817 | S24: =LN(R24) -> 0.3112875 | T24: 0.71507741 | U24: 0.61741606 | V24: 1.8709578 | W24: =LN(V24) -> 0.62645047 | X24: 0.50910121 | Y24: =X24/J24 -> 1.542731 | Z24: =LN(Y24) -> 0.43355419 | AA24: 0.59569884 | AB24: =AA24/J24 -> 1.805148 | AC24: =LN(AB24) -> 0.59064259 | BS24: =IF(AND(B24<=12.7,F24<=45),TRUE,FALSE) -> FALSE | BU24: =IF(AND(B24>12.7,F24<=45),TRUE,FALSE) -> TRUE | BW24: =IF(AND(F24<=45,C24>1),TRUE,FALSE) -> TRUE
A25: Viga S600-0.37-10 - Sokolov et al (2021) | B25: ='[5]Dados de entrada'!$B$28 -> 10 | C25: ='[5]Dados de entrada'!$B$31 -> 8 | D25: ='[5]Dados de entrada'!$B$32 -> 87.7 | E25: ='[5]Dados de entrada'!$B$27 -> 4.1311268 | F25: ='[5]Dados de entrada'!$B$30 -> 25 | G25: ='[5]Dados de entrada'!$B$22 -> 53 | H25: ='[5]Dados de entrada'!$B$29/(2*'[5]Dados de entrada'!$B$20*G25) -> 0.019235481 | I25: {='[5]fib Model Code 2010'!$K$5:$K$7} -> 322.91972 | J25: {='[5]Dados de entrada'!$C$7:$C$9} -> 0.16 | K25: {='[5]fib Model Code 2010'!$F$5:$F$7} -> 0.17235205 | L25: =K25/J25 -> 1.0772003 | M25: =LN(L25) -> 0.074365387 | N25: {='[5]fib Model Code 2020'!$F$5:$F$7} -> 0.13686888 | O25: =N25/J25 -> 0.85543047 | P25: =LN(O25) -> -0.15615046 | Q25: {='[5]Eurocode 2'!$F$5:$F$7} -> 0.18999969 | R25: =Q25/J25 -> 1.187498 | S25: =LN(R25) -> 0.17184861 | T25: {='[5]NBR 6118'!$F$5:$F$7} -> 0.23525549 | U25: {='[5]NBR 6118'!$G$5:$G$7} -> 0.13552525 | V25: {='[5]NBR 6118'!$L$5:$L$7} -> 0.84703283 | W25: =LN(V25) -> -0.16601582 | X25: {=[5]Sugestão!$G$5:$G$7} -> 0.22227013 | Y25: =X25/J25 -> 1.3891883 | Z25: =LN(Y25) -> 0.32871961 | AA25: {='[5]fib Model Code 2020 modificado'!$F$5:$F$7} -> 0.1725313 | AB25: =AA25/J25 -> 1.0783206 | AC25: =LN(AB25) -> 0.075404872 | AD25: {='[5]fib Model Code 2010'!$L$5:$L$7} -> 0.17110696 | AE25: =AD25/J25 -> 1.0694185 | AF25: {=LN(AE25:AE27)} -> 0.067115064 | AG25: {='[5]fib Model Code 2020'!$L$5:$L$7} -> 0.13580673 | AH25: =AG25/J25 -> 0.84879204 | AI25: {=LN(AH25:AH27)} -> -0.16394107 | AJ25: {='[5]Eurocode 2'!$L$5:$L$7} -> 0.18936619 | AK25: =AJ25/J25 -> 1.1835387 | AL25: {=LN(AK25:AK27)} -> 0.16850883 | AM25: {='[5]NBR 6118'!$Q$5:$Q$7} -> 0.2432138 | AN25: {='[5]NBR 6118'!$R$5:$R$7} -> 0.14484953 | AO25: {='[5]NBR 6118'!$W$5:$W$7} -> 0.90530958 | AP25: {=LN(AO25:AO27)} -> -0.099478313 | AQ25: {='[5]Clark (1956)'!$L$5:$L$7} -> 0.18168754 | AR25: =AQ25/J25 -> 1.1355471 | AS25: {=LN(AR25:AR27)} -> 0.12711456 | AT25: {='[5]Leonhardt (1977)'!$L$5:$L$7} -> 0.25673146 | AU25: =AT25/J25 -> 1.6045716 | AV25: {=LN(AU25:AU27)} -> 0.47285683 | AW25: {='[5]Desayi; Ganesan (1985)'!$L$5:$L$7} -> 0.26529738 | AX25: =AW25/J25 -> 1.6581086 | AY25: {=LN(AX25:AX27)} -> 0.50567757 | AZ25: {='[5]Oh; Kang (1987)'!$L$5:$L$7} -> 0.10483023 | BA25: =AZ25/J25 -> 0.65518891 | BB25: {=LN(BA25:BA27)} -> -0.42283167 | BC25: {='[5]Caldas (1997)'!$L$5:$L$7} -> 0.25496881 | BD25: =BC25/J25 -> 1.5935551 | BE25: {=LN(BD25:BD27)} -> 0.46596742 | BF25: {='[5]Gergely e Lutz (1968)'!$L$5:$L$7} -> 0.18984253 | BG25: =BF25/J25 -> 1.1865158 | BH25: {=LN(BG25:BG27)} -> 0.1710211 | BI25: {=[5]Sugestão!$N$5:$N$7} -> 0.22051937 | BJ25: =BI25/J25 -> 1.378246 | BK25: {=LN(BJ25:BJ27)} -> 0.3208117 | BL25: {='[5]fib Model Code 2020 modificado'!$L$5:$L$7} -> 0.17131099 | BM25: =BL25/J25 -> 1.0706937 | BN25: {=LN(BM25:BM27)} -> 0.068306751 | BS25: =IF(AND(B25<=12.7,F25<=45),TRUE,FALSE) -> TRUE | BU25: =IF(AND(B25>12.7,F25<=45),TRUE,FALSE) -> FALSE | BW25: =IF(AND(F25<=45,C25>1),TRUE,FALSE) -> TRUE
B26: ='[5]Dados de entrada'!$B$28 -> 10 | C26: ='[5]Dados de entrada'!$B$31 -> 8 | D26: ='[5]Dados de entrada'!$B$32 -> 87.7 | E26: ='[5]Dados de entrada'!$B$27 -> 4.1311268 | F26: ='[5]Dados de entrada'!$B$30 -> 25 | G26: ='[5]Dados de entrada'!$B$22 -> 53 | H26: ='[5]Dados de entrada'!$B$29/(2*'[5]Dados de entrada'!$B$20*G26) -> 0.019235481 | I26: 367.82093 | J26: 0.18 | K26: 0.22882733 | L26: =K26/J26 -> 1.2712629 | M26: =LN(L26) -> 0.24001084 | N26: 0.18504628 | O26: =N26/J26 -> 1.0280349 | P26: =LN(O26) -> 0.027649091 | Q26: 0.21873421 | R26: =Q26/J26 -> 1.21519 | S26: =LN(R26) -> 0.19490048 | T26: 0.27083426 | U26: 0.17961718 | V26: 0.99787321 | W26: =LN(V26) -> -0.0021290508 | X26: 0.30168188 | Y26: =X26/J26 -> 1.6760104 | Z26: =LN(Y26) -> 0.51641624 | AA26: 0.22815889 | AB26: =AA26/J26 -> 1.2675494 | AC26: =LN(AB26) -> 0.2370854 | AD26: 0.22285816 | AE26: =AD26/J26 -> 1.2381009 | AF26: 0.21357866 | AG26: 0.17995416 | AH26: =AG26/J26 -> 0.99974531 | AI26: -0.00025472468 | AJ26: 0.21569711 | AK26: =AJ26/J26 -> 1.1983173 | AL26: 0.18091829 | AM26: 0.2770321 | AN26: 0.18793205 | AO26: 1.044067 | AP26: 0.043123635 | AQ26: 0.21973648 | AR26: =AQ26/J26 -> 1.2207582 | AS26: 0.19947218 | AT26: 0.3010927 | AU26: =AT26/J26 -> 1.6727372 | AV26: 0.51446134 | AW26: 0.30218635 | AX26: =AW26/J26 -> 1.678813 | AY26: 0.51808702 | AZ26: 0.12146747 | BA26: =AZ26/J26 -> 0.67481929 | BB26: -0.39331035 | BC26: 0.29679814 | BD26: =BC26/J26 -> 1.6488785 | BE26: 0.50009539 | BF26: 0.21623968 | BG26: =BF26/J26 -> 1.2013315 | BH26: 0.18343056 | BI26: 0.29328844 | BJ26: =BI26/J26 -> 1.6293802 | BK26: 0.4881997 | BL26: 0.22225378 | BM26: =BL26/J26 -> 1.2347432 | BN26: 0.21086301 | BS26: =IF(AND(B26<=12.7,F26<=45),TRUE,FALSE) -> TRUE | BU26: =IF(AND(B26>12.7,F26<=45),TRUE,FALSE) -> FALSE | BW26: =IF(AND(F26<=45,C26>1),TRUE,FALSE) -> TRUE
B27: ='[5]Dados de entrada'!$B$28 -> 10 | C27: ='[5]Dados de entrada'!$B$31 -> 8 | D27: ='[5]Dados de entrada'!$B$32 -> 87.7 | E27: ='[5]Dados de entrada'!$B$27 -> 4.1311268 | F27: ='[5]Dados de entrada'!$B$30 -> 25 | G27: ='[5]Dados de entrada'!$B$22 -> 53 | H27: ='[5]Dados de entrada'!$B$29/(2*'[5]Dados de entrada'!$B$20*G27) -> 0.019235481 | I27: 500 | J27: 0.26 | K27: 0.34177788 | L27: =K27/J27 -> 1.3145303 | M27: =LN(L27) -> 0.27347941 | N27: 0.28140108 | O27: =N27/J27 -> 1.0823118 | P27: =LN(O27) -> 0.079099355 | Q27: 0.28982664 | R27: =Q27/J27 -> 1.1147179 | S27: =LN(R27) -> 0.10860132 | T27: 0.34199178 | U27: 0.28639935 | V27: 1.1015359 | W27: =LN(V27) -> 0.096705518 | X27: 0.46050539 | Y27: =X27/J27 -> 1.7711746 | Z27: =LN(Y27) -> 0.57164293 | AA27: 0.34103522 | AB27: =AA27/J27 -> 1.3116739 | AC27: =LN(AB27) -> 0.27130412 | AD27: 0.37520202 | AE27: =AD27/J27 -> 1.4430847 | AF27: 0.36678296 | AG27: 0.30991424 | AH27: =AG27/J27 -> 1.1919778 | AI27: 0.17561397 | AJ27: 0.31817022 | AK27: =AJ27/J27 -> 1.2237316 | AL27: 0.20190488 | AM27: 0.3630486 | AN27: 0.32275295 | AO27: 1.2413575 | AP27: 0.21620553 | AQ27: 0.33174401 | AR27: =AQ27/J27 -> 1.2759385 | AS27: 0.243682 | AT27: 0.42745969 | AU27: =AT27/J27 -> 1.6440757 | AV27: 0.49717836 | AW27: 0.41077916 | AX27: =AW27/J27 -> 1.5799198 | AY27: 0.45737412 | AZ27: 0.17044377 | BA27: =AZ27/J27 -> 0.65555297 | BB27: -0.42227616 | BC27: 0.43772597 | BD27: =BC27/J27 -> 1.6835614 | BE27: 0.52091146 | BF27: 0.30517474 | BG27: =BF27/J27 -> 1.173749 | BH27: 0.16020288 | BI27: 0.49160614 | BJ27: =BI27/J27 -> 1.8907928 | BK27: 0.63699624 | BL27: 0.37485186 | BM27: =BL27/J27 -> 1.4417379 | BN27: 0.36584929 | BS27: =IF(AND(B27<=12.7,F27<=45),TRUE,FALSE) -> TRUE | BU27: =IF(AND(B27>12.7,F27<=45),TRUE,FALSE) -> FALSE | BW27: =IF(AND(F27<=45,C27>1),TRUE,FALSE) -> TRUE
A28: Viga V1 - Oliveira (2007) | B28: ='[6]Dados de entrada'!$B$28 -> 10 | C28: ='[6]Dados de entrada'!$B$31 -> 4 | D28: ='[6]Leonhardt (1977)'!$B$27 -> 32.466667 | E28: ='[6]Dados de entrada'!$B$27 -> 3.262 | F28: ='[6]Dados de entrada'!$B$30 -> 25 | G28: ='[6]Dados de entrada'!$B$22 -> 36 | H28: ='[6]Dados de entrada'!$B$29/('[6]Dados de entrada'!$B$20*2*G28) -> 0.021805556 | I28: ='[6]fib Model Code 2010'!$K$5 -> 285.04803 | J28: ='[6]Dados de entrada'!$C$7 -> 0.16 | K28: ='[6]fib Model Code 2010'!$F$5 -> 0.10601037 | L28: =K28/J28 -> 0.6625648 | M28: =LN(L28) -> -0.41163692 | N28: ='[6]fib Model Code 2020'!$F$5 -> 0.093253932 | O28: =N28/J28 -> 0.58283707 | P28: =LN(O28) -> -0.53984759 | Q28: ='[6]Eurocode 2'!$F$5 -> 0.120309 | R28: =Q28/J28 -> 0.75193125 | S28: =LN(R28) -> -0.28511038 | T28: ='[6]NBR 6118'!$F$5 -> 0.14505628 | U28: ='[6]NBR 6118'!$G$5 -> 0.082939124 | V28: ='[6]NBR 6118'!$L$5 -> 0.51836953 | W28: =LN(V28) -> -0.65706692 | X28: {=[6]Sugestão!$G$5:$G$9} -> 0.1036973 | Y28: =X28/J28 -> 0.6481081 | Z28: =LN(Y28) -> -0.43369778 | AA28: {='[6]fib Model Code 2020 modificado'!$F$5:$F$9} -> 0.11850024 | AB28: =AA28/J28 -> 0.74062649 | AC28: =LN(AB28) -> -0.30025884 | AD28: ='[6]fib Model Code 2010'!$L$5 -> 0.16007092 | AE28: =AD28/J28 -> 1.0004432 | AF28: =LN(AE28) -> 0.00044314 | AG28: ='[6]fib Model Code 2020'!$L$5 -> 0.13868029 | AH28: =AG28/J28 -> 0.86675181 | AI28: =LN(AH28) -> -0.1430026 | AJ28: ='[6]Eurocode 2'!$L$5 -> 0.14859328 | AK28: =AJ28/J28 -> 0.92870802 | AL28: =LN(AK28) -> -0.073960888 | AM28: ='[6]NBR 6118'!$Q$5 -> 0.184404 | AN28: ='[6]NBR 6118'!$R$5 -> 0.13403772 | AO28: ='[6]NBR 6118'!$W$5 -> 0.83773573 | AP28: =LN(AO28) -> -0.17705258 | AQ28: ='[6]Clark (1956)'!$L$5 -> 0.10601728 | AR28: =AQ28/J28 -> 0.66260803 | AS28: =LN(AR28) -> -0.41157168 | AT28: ='[6]Leonhardt (1977)'!$L$5 -> 0.22216283 | AU28: =AT28/J28 -> 1.3885177 | AV28: =LN(AU28) -> 0.32823675 | AW28: ='[6]Desayi; Ganesan (1985)'!$L$5 -> 0.16892963 | AX28: =AW28/J28 -> 1.0558102 | AY28: =LN(AX28) -> 0.054308402 | AZ28: ='[6]Oh; Kang (1987)'!$L$5 -> 0.11084938 | BA28: =AZ28/J28 -> 0.69280866 | BB28: =LN(BA28) -> -0.36700143 | BC28: ='[6]Caldas (1997)'!$L$5 -> 0.21176099 | BD28: =BC28/J28 -> 1.3235062 | BE28: =LN(BD28) -> 0.2802844 | BF28: {='[6]Gergely e Lutz (1968)'!$L$5:$L$14} -> 0.17087505 | BG28: =BF28/J28 -> 1.0679691 | BH28: =LN(BG28) -> 0.065758788 | BI28: {=[6]Sugestão!$N$5:$N$14} -> 0.16724728 | BJ28: =BI28/J28 -> 1.0452955 | BK28: =LN(BJ28) -> 0.04429965 | BL28: {='[6]fib Model Code 2020 modificado'!$L$5:$L$14} -> 0.17212596 | BM28: =BL28/J28 -> 1.0757873 | BN28: =LN(BM28) -> 0.073052743 | BS28: =IF(AND(B28<=12.7,F28<=45),TRUE,FALSE) -> TRUE | BU28: =IF(AND(B28>12.7,F28<=45),TRUE,FALSE) -> FALSE | BW28: =IF(AND(F28<=45,C28>1),TRUE,FALSE) -> TRUE
B29: =B32 -> 10 | C29: ='[6]Dados de entrada'!$B$31 -> 4 | D29: ='[6]Leonhardt (1977)'!$B$27 -> 32.466667 | E29: ='[6]Dados de entrada'!$B$27 -> 3.262 | F29: ='[6]Dados de entrada'!$B$30 -> 25 | G29: ='[6]Dados de entrada'!$B$22 -> 36 | H29: ='[6]Dados de entrada'!$B$29/('[6]Dados de entrada'!$B$20*2*G29) -> 0.021805556 | I29: ='[6]fib Model Code 2010'!$K$6 -> 324.99965 | J29: ='[6]Dados de entrada'!$C$8 -> 0.2 | K29: ='[6]fib Model Code 2010'!$F$6 -> 0.16627024 | L29: =K29/J29 -> 0.8313512 | M29: =LN(L29) -> -0.18470295 | N29: ='[6]fib Model Code 2020'!$F$6 -> 0.1438895 | O29: =N29/J29 -> 0.71944749 | P29: =LN(O29) -> -0.32927174 | Q29: ='[6]Eurocode 2'!$F$6 -> 0.15183675 | R29: =Q29/J29 -> 0.75918373 | S29: =LN(R29) -> -0.27551147 | T29: ='[6]NBR 6118'!$F$6 -> 0.18306921 | U29: ='[6]NBR 6118'!$G$6 -> 0.13210431 | V29: ='[6]NBR 6118'!$L$6 -> 0.66052155 | W29: =LN(V29) -> -0.41472554 | X29: 0.1745348 | Y29: =X29/J29 -> 0.87267398 | Z29: =LN(Y29) -> -0.13619324 | AA29: 0.17833051 | AB29: =AA29/J29 -> 0.89165255 | AC29: =LN(AB29) -> -0.11467875 | AD29: ='[6]fib Model Code 2010'!$L$6 -> 0.19987712 | AE29: =AD29/J29 -> 0.99938561 | AF29: =LN(AE29) -> -0.00061458239 | AG29: ='[6]fib Model Code 2020'!$L$6 -> 0.17212891 | AH29: =AG29/J29 -> 0.86064456 | AI29: =LN(AH29) -> -0.15007369 | AJ29: ='[6]Eurocode 2'!$L$6 -> 0.17429163 | AK29: =AJ29/J29 -> 0.87145816 | AL29: =LN(AK29) -> -0.13758742 | AM29: ='[6]NBR 6118'!$Q$6 -> 0.2102496 | AN29: ='[6]NBR 6118'!$R$6 -> 0.17424355 | AO29: ='[6]NBR 6118'!$W$6 -> 0.87121774 | AP29: =LN(AO29) -> -0.13786335 | AQ29: ='[6]Clark (1956)'!$L$6 -> 0.13588175 | AR29: =AQ29/J29 -> 0.67940876 | AS29: =LN(AR29) -> -0.38653233 | AT29: ='[6]Leonhardt (1977)'!$L$6 -> 0.26988804 | AU29: =AT29/J29 -> 1.3494402 | AV29: =LN(AU29) -> 0.29968985 | AW29: ='[6]Desayi; Ganesan (1985)'!$L$6 -> 0.19260638 | AX29: =AW29/J29 -> 0.96303189 | AY29: =LN(AX29) -> -0.037668756 | AZ29: ='[6]Oh; Kang (1987)'!$L$6 -> 0.12907052 | BA29: =AZ29/J29 -> 0.64535262 | BB29: =LN(BA29) -> -0.43795842 | BC29: ='[6]Caldas (1997)'!$L$6 -> 0.24668621 | BD29: =BC29/J29 -> 1.233431 | BE29: =LN(BD29) -> 0.20979976 | BF29: 0.19482447 | BG29: =BF29/J29 -> 0.97412235 | BH29: =LN(BG29) -> -0.026218369 | BI29: 0.21404081 | BJ29: =BI29/J29 -> 1.0702041 | BK29: =LN(BJ29) -> 0.067849335 | BL29: 0.21216297 | BM29: =BL29/J29 -> 1.0608148 | BN29: =LN(BM29) -> 0.059037331 | BS29: =IF(AND(B29<=12.7,F29<=45),TRUE,FALSE) -> TRUE | BU29: =IF(AND(B29>12.7,F29<=45),TRUE,FALSE) -> FALSE | BW29: =IF(AND(F29<=45,C29>1),TRUE,FALSE) -> TRUE
B30: ='Dados gerais'!$B$32 -> 10 | C30: ='[6]Dados de entrada'!$B$31 -> 4 | D30: ='[6]Leonhardt (1977)'!$B$27 -> 32.466667 | E30: ='[6]Dados de entrada'!$B$27 -> 3.262 | F30: ='[6]Dados de entrada'!$B$30 -> 25 | G30: ='[6]Dados de entrada'!$B$22 -> 36 | H30: ='[6]Dados de entrada'!$B$29/('[6]Dados de entrada'!$B$20*2*G30) -> 0.021805556 | I30: ='[6]fib Model Code 2010'!$K$7 -> 367.64463 | J30: ='[6]Dados de entrada'!$C$9 -> 0.2 | K30: ='[6]fib Model Code 2010'!$F$7 -> 0.22443776 | L30: =K30/J30 -> 1.1221888 | M30: =LN(L30) -> 0.11528105 | N30: ='[6]fib Model Code 2020'!$F$7 -> 0.19276688 | O30: =N30/J30 -> 0.96383442 | P30: =LN(O30) -> -0.036835762 | Q30: ='[6]Eurocode 2'!$F$7 -> 0.19570836 | R30: =Q30/J30 -> 0.97854178 | S30: =LN(R30) -> -0.021691791 | T30: ='[6]NBR 6118'!$F$7 -> 0.21976225 | U30: ='[6]NBR 6118'!$G$7 -> 0.19036738 | V30: ='[6]NBR 6118'!$L$7 -> 0.95183691 | W30: =LN(V30) -> -0.049361572 | X30: 0.24291266 | Y30: =X30/J30 -> 1.2145633 | Z30: =LN(Y30) -> 0.19438459 | AA30: 0.23709912 | AB30: =AA30/J30 -> 1.1854956 | AC30: =LN(AB30) -> 0.17016093 | AD30: ='[6]fib Model Code 2010'!$L$7 -> 0.24236689 | AE30: =AD30/J30 -> 1.2118344 | AF30: =LN(AE30) -> 0.19213528 | AG30: ='[6]fib Model Code 2020'!$L$7 -> 0.20783249 | AH30: =AG30/J30 -> 1.0391625 | AI30: =LN(AH30) -> 0.038415076 | AJ30: ='[6]Eurocode 2'!$L$7 -> 0.21134245 | AK30: =AJ30/J30 -> 1.0567123 | AL30: =LN(AK30) -> 0.055162444 | AM30: ='[6]NBR 6118'!$Q$7 -> 0.2378376 | AN30: ='[6]NBR 6118'!$R$7 -> 0.22297048 | AO30: ='[6]NBR 6118'!$W$7 -> 1.1148524 | AP30: =LN(AO30) -> 0.10872204 | AQ30: ='[6]Clark (1956)'!$L$7 -> 0.16775955 | AR30: =AQ30/J30 -> 0.83879777 | AS30: =LN(AR30) -> -0.17578564 | AT30: ='[6]Leonhardt (1977)'!$L$7 -> 0.31897202 | AU30: =AT30/J30 -> 1.5948601 | AV30: =LN(AU30) -> 0.46678603 | AW30: ='[6]Desayi; Ganesan (1985)'!$L$7 -> 0.21787931 | AX30: =AW30/J30 -> 1.0893966 | AY30: =LN(AX30) -> 0.085623936 | AZ30: ='[6]Oh; Kang (1987)'!$L$7 -> 0.14852005 | BA30: =AZ30/J30 -> 0.74260027 | BB30: =LN(BA30) -> -0.29759738 | BC30: ='[6]Caldas (1997)'!$L$7 -> 0.28396594 | BD30: =BC30/J30 -> 1.4198297 | BE30: =LN(BD30) -> 0.35053695 | BF30: 0.22038845 | BG30: =BF30/J30 -> 1.1019423 | BH30: =LN(BG30) -> 0.097074322 | BI30: 0.26398896 | BJ30: =BI30/J30 -> 1.3199448 | BK30: =LN(BJ30) -> 0.2775899 | BL30: 0.25541472 | BM30: =BL30/J30 -> 1.2770736 | BN30: =LN(BM30) -> 0.2445712 | BS30: =IF(AND(B30<=12.7,F30<=45),TRUE,FALSE) -> TRUE | BU30: =IF(AND(B30>12.7,F30<=45),TRUE,FALSE) -> FALSE | BW30: =IF(AND(F30<=45,C30>1),TRUE,FALSE) -> TRUE
B31: ='[6]Dados de entrada'!$B$28 -> 10 | C31: ='[6]Dados de entrada'!$B$31 -> 4 | D31: ='[6]Leonhardt (1977)'!$B$27 -> 32.466667 | E31: ='[6]Dados de entrada'!$B$27 -> 3.262 | F31: ='[6]Dados de entrada'!$B$30 -> 25 | G31: ='[6]Dados de entrada'!$B$22 -> 36 | H31: ='[6]Dados de entrada'!$B$29/('[6]Dados de entrada'!$B$20*2*G31) -> 0.021805556 | I31: ='[6]fib Model Code 2010'!$K$8 -> 410.7385 | J31: ='[6]Dados de entrada'!$C$10 -> 0.24 | K31: ='[6]fib Model Code 2010'!$F$8 -> 0.26712183 | L31: =K31/J31 -> 1.1130076 | M31: =LN(L31) -> 0.10706593 | N31: ='[6]fib Model Code 2020'!$F$8 -> 0.22863374 | O31: =N31/J31 -> 0.9526406 | P31: =LN(O31) -> -0.048517574 | Q31: ='[6]Eurocode 2'!$F$8 -> 0.23292861 | R31: =Q31/J31 -> 0.97053588 | S31: =LN(R31) -> -0.029906905 | T31: ='[6]NBR 6118'!$F$8 -> 0.24668807 | U31: ='[6]NBR 6118'!$G$8 -> 0.23987372 | V31: ='[6]NBR 6118'!$L$8 -> 0.99947382 | W31: =LN(V31) -> -0.00052631874 | X31: 0.29308922 | Y31: =X31/J31 -> 1.2212051 | Z31: =LN(Y31) -> 0.19983815 | AA31: 0.28085906 | AB31: =AA31/J31 -> 1.1702461 | AC31: =LN(AB31) -> 0.15721407 | AD31: ='[6]fib Model Code 2010'!$L$8 -> 0.28530392 | AE31: =AD31/J31 -> 1.1887663 | AF31: =LN(AE31) -> 0.17291606 | AG31: ='[6]fib Model Code 2020'!$L$8 -> 0.24391191 | AH31: =AG31/J31 -> 1.0162996 | AI31: =LN(AH31) -> 0.016168196 | AJ31: ='[6]Eurocode 2'!$L$8 -> 0.24878328 | AK31: =AJ31/J31 -> 1.036597 | AL31: =LN(AK31) -> 0.035943227 | AM31: ='[6]NBR 6118'!$Q$8 -> 0.265716 | AN31: ='[6]NBR 6118'!$R$8 -> 0.27830548 | AO31: ='[6]NBR 6118'!$W$8 -> 1.10715 | AP31: =LN(AO31) -> 0.10178913 | AQ31: ='[6]Clark (1956)'!$L$8 -> 0.19997291 | AR31: =AQ31/J31 -> 0.83322047 | AS31: =LN(AR31) -> -0.182457 | AT31: ='[6]Leonhardt (1977)'!$L$8 -> 0.36721962 | AU31: =AT31/J31 -> 1.5300817 | AV31: =LN(AU31) -> 0.42532116 | AW31: ='[6]Desayi; Ganesan (1985)'!$L$8 -> 0.24341828 | AX31: =AW31/J31 -> 1.0142428 | AY31: =LN(AX31) -> 0.01414236 | AZ31: ='[6]Oh; Kang (1987)'!$L$8 -> 0.16817431 | BA31: =AZ31/J31 -> 0.70072631 | BB31: =LN(BA31) -> -0.35563789 | BC31: ='[6]Caldas (1997)'!$L$8 -> 0.3216381 | BD31: =BC31/J31 -> 1.3401587 | BE31: =LN(BD31) -> 0.29278806 | BF31: 0.24622153 | BG31: =BF31/J31 -> 1.0259231 | BH31: =LN(BG31) -> 0.025592747 | BI31: 0.31446287 | BJ31: =BI31/J31 -> 1.310262 | BK31: =LN(BJ31) -> 0.27022709 | BL31: 0.29966262 | BM31: =BL31/J31 -> 1.2485943 | BN31: =LN(BM31) -> 0.22201833 | BS31: =IF(AND(B31<=12.7,F31<=45),TRUE,FALSE) -> TRUE | BU31: =IF(AND(B31>12.7,F31<=45),TRUE,FALSE) -> FALSE | BW31: =IF(AND(F31<=45,C31>1),TRUE,FALSE) -> TRUE
B32: ='[6]Dados de entrada'!$B$28 -> 10 | C32: ='[6]Dados de entrada'!$B$31 -> 4 | D32: ='[6]Leonhardt (1977)'!$B$27 -> 32.466667 | E32: ='[6]Dados de entrada'!$B$27 -> 3.262 | F32: ='[6]Dados de entrada'!$B$30 -> 25 | G32: ='[6]Dados de entrada'!$B$22 -> 36 | H32: ='[6]Dados de entrada'!$B$29/('[6]Dados de entrada'!$B$20*2*G32) -> 0.021805556 | I32: ='[6]fib Model Code 2010'!$K$9 -> 438.56996 | J32: ='[6]Dados de entrada'!$C$11 -> 0.3 | K32: ='[6]fib Model Code 2010'!$F$9 -> 0.2792575 | L32: =K32/J32 -> 0.93085834 | M32: =LN(L32) -> -0.071648175 | N32: ='[6]fib Model Code 2020'!$F$9 -> 0.23883118 | O32: =N32/J32 -> 0.79610395 | P32: =LN(O32) -> -0.22802552 | Q32: ='[6]Eurocode 2'!$F$9 -> 0.24351084 | R32: =Q32/J32 -> 0.8117028 | S32: =LN(R32) -> -0.20862101 | T32: ='[6]NBR 6118'!$F$9 -> 0.25434346 | U32: ='[6]NBR 6118'!$G$9 -> 0.25499255 | V32: ='[6]NBR 6118'!$L$9 -> 0.84781152 | W32: =LN(V32) -> -0.16509694 | X32: 0.30735511 | Y32: =X32/J32 -> 1.024517 | Z32: =LN(Y32) -> 0.024221307 | AA32: 0.29339872 | AB32: =AA32/J32 -> 0.97799572 | AC32: =LN(AB32) -> -0.022249983 | AD32: ='[6]fib Model Code 2010'!$L$9 -> 0.31303408 | AE32: =AD32/J32 -> 1.0434469 | AF32: =LN(AE32) -> 0.042529595 | AG32: ='[6]fib Model Code 2020'!$L$9 -> 0.26721319 | AH32: =AG32/J32 -> 0.89071064 | AI32: =LN(AH32) -> -0.11573566 | AJ32: ='[6]Eurocode 2'!$L$9 -> 0.27296381 | AK32: =AJ32/J32 -> 0.90987938 | AL32: =LN(AK32) -> -0.094443243 | AM32: ='[6]NBR 6118'!$Q$9 -> 0.2837208 | AN32: ='[6]NBR 6118'!$R$9 -> 0.317299 | AO32: ='[6]NBR 6118'!$W$9 -> 0.94573599 | AP32: =LN(AO32) -> -0.05579183 | AQ32: ='[6]Clark (1956)'!$L$9 -> 0.22077737 | AR32: =AQ32/J32 -> 0.73592458 | AS32: =LN(AR32) -> -0.30662764 | AT32: ='[6]Leonhardt (1977)'!$L$9 -> 0.39784385 | AU32: =AT32/J32 -> 1.3261462 | AV32: =LN(AU32) -> 0.28227711 | AW32: ='[6]Desayi; Ganesan (1985)'!$L$9 -> 0.2599122 | AX32: =AW32/J32 -> 0.86637399 | AY32: =LN(AX32) -> -0.1434386 | AZ32: ='[6]Oh; Kang (1987)'!$L$9 -> 0.18086769 | BA32: =AZ32/J32 -> 0.60289231 | BB32: =LN(BA32) -> -0.50601669 | BC32: ='[6]Caldas (1997)'!$L$9 -> 0.34596803 | BD32: =BC32/J32 -> 1.1532268 | BE32: =LN(BD32) -> 0.14256389 | BF32: 0.2629054 | BG32: =BF32/J32 -> 0.87635132 | BH32: =LN(BG32) -> -0.13198822 | BI32: 0.34706061 | BJ32: =BI32/J32 -> 1.1568687 | BK32: =LN(BJ32) -> 0.14571696 | BL32: 0.32852835 | BM32: =BL32/J32 -> 1.0950945 | BN32: =LN(BM32) -> 0.090840673 | BS32: =IF(AND(B32<=12.7,F32<=45),TRUE,FALSE) -> TRUE | BU32: =IF(AND(B32>12.7,F32<=45),TRUE,FALSE) -> FALSE | BW32: =IF(AND(F32<=45,C32>1),TRUE,FALSE) -> TRUE
B33: ='[6]Dados de entrada'!$B$28 -> 10 | C33: ='[6]Dados de entrada'!$B$31 -> 4 | D33: ='[6]Leonhardt (1977)'!$B$27 -> 32.466667 | E33: ='[6]Dados de entrada'!$B$27 -> 3.262 | F33: ='[6]Dados de entrada'!$B$30 -> 25 | G33: ='[6]Dados de entrada'!$B$22 -> 36 | H33: ='[6]Dados de entrada'!$B$29/('[6]Dados de entrada'!$B$20*2*G33) -> 0.021805556 | I33: ='[6]fib Model Code 2010'!$K$10 -> 498.27294 | J33: ='[6]Dados de entrada'!$C$12 -> 0.32 | AD33: ='[6]fib Model Code 2010'!$L$10 -> 0.37251976 | AE33: =AD33/J33 -> 1.1641242 | AF33: =LN(AE33) -> 0.15196907 | AG33: ='[6]fib Model Code 2020'!$L$10 -> 0.31719821 | AH33: =AG33/J33 -> 0.99124441 | AI33: =LN(AH33) -> -0.008794149 | AJ33: ='[6]Eurocode 2'!$L$10 -> 0.32483496 | AK33: =AJ33/J33 -> 1.0151092 | AL33: =LN(AK33) -> 0.014996238 | AM33: ='[6]NBR 6118'!$Q$10 -> 0.322344 | AN33: ='[6]NBR 6118'!$R$10 -> 0.40956754 | AO33: ='[6]NBR 6118'!$W$10 -> 1.007325 | AP33: =LN(AO33) -> 0.0072982911 | AQ33: ='[6]Clark (1956)'!$L$10 -> 0.2654063 | AR33: =AQ33/J33 -> 0.82939468 | AS33: =LN(AR33) -> -0.18705915 | AT33: ='[6]Leonhardt (1977)'!$L$10 -> 0.46249134 | AU33: =AT33/J33 -> 1.4452854 | AV33: =LN(AU33) -> 0.36830683 | AW33: ='[6]Desayi; Ganesan (1985)'!$L$10 -> 0.29529431 | AX33: =AW33/J33 -> 0.92279471 | AY33: =LN(AX33) -> -0.080348483 | AZ33: ='[6]Oh; Kang (1987)'!$L$10 -> 0.20809703 | BA33: =AZ33/J33 -> 0.65030323 | BB33: =LN(BA33) -> -0.43031652 | BC33: ='[6]Caldas (1997)'!$L$10 -> 0.39815965 | BD33: =BC33/J33 -> 1.2442489 | BE33: =LN(BD33) -> 0.21853207 | BF33: 0.29869497 | BG33: =BF33/J33 -> 0.93342179 | BH33: =LN(BG33) -> -0.068898097 | BI33: 0.41698801 | BJ33: =BI33/J33 -> 1.3030875 | BK33: =LN(BJ33) -> 0.26473648 | BL33: 0.39121503 | BM33: =BL33/J33 -> 1.222547 | BN33: =LN(BM33) -> 0.20093636 | BS33: =IF(AND(B33<=12.7,F33<=45),TRUE,FALSE) -> TRUE | BU33: =IF(AND(B33>12.7,F33<=45),TRUE,FALSE) -> FALSE | BW33: =IF(AND(F33<=45,C33>1),TRUE,FALSE) -> TRUE
B34: ='[6]Dados de entrada'!$B$28 -> 10 | C34: ='[6]Dados de entrada'!$B$31 -> 4 | D34: ='[6]Leonhardt (1977)'!$B$27 -> 32.466667 | E34: ='[6]Dados de entrada'!$B$27 -> 3.262 | F34: ='[6]Dados de entrada'!$B$30 -> 25 | G34: ='[6]Dados de entrada'!$B$22 -> 36 | H34: ='[6]Dados de entrada'!$B$29/('[6]Dados de entrada'!$B$20*2*G34) -> 0.021805556 | I34: ='[6]fib Model Code 2010'!$K$11 -> 502.76188 | J34: ='[6]Dados de entrada'!$C$13 -> 0.38 | AD34: ='[6]fib Model Code 2010'!$L$11 -> 0.37699236 | AE34: =AD34/J34 -> 0.99208516 | AF34: =LN(AE34) -> -0.0079463245 | AG34: ='[6]fib Model Code 2020'!$L$11 -> 0.32095648 | AH34: =AG34/J34 -> 0.84462232 | AI34: =LN(AH34) -> -0.16886571 | AJ34: ='[6]Eurocode 2'!$L$11 -> 0.32873504 | AK34: =AJ34/J34 -> 0.86509222 | AL34: =LN(AK34) -> -0.14491916 | AM34: ='[6]NBR 6118'!$Q$11 -> 0.325248 | AN34: ='[6]NBR 6118'!$R$11 -> 0.41698038 | AO34: ='[6]NBR 6118'!$W$11 -> 0.85591578 | AP34: =LN(AO34) -> -0.1555833 | AQ34: ='[6]Clark (1956)'!$L$11 -> 0.26876185 | AR34: =AQ34/J34 -> 0.70726804 | AS34: =LN(AR34) -> -0.34634556 | AT34: ='[6]Leonhardt (1977)'!$L$11 -> 0.46730491 | AU34: =AT34/J34 -> 1.2297498 | AV34: =LN(AU34) -> 0.20681071 | AW34: ='[6]Desayi; Ganesan (1985)'!$L$11 -> 0.29795462 | AX34: =AW34/J34 -> 0.7840911 | AY34: =LN(AX34) -> -0.24323007 | AZ34: ='[6]Oh; Kang (1987)'!$L$11 -> 0.21014435 | BA34: =AZ34/J34 -> 0.55301145 | BB34: =LN(BA34) -> -0.59237656 | BC34: ='[6]Caldas (1997)'!$L$11 -> 0.40208384 | BD34: =BC34/J34 -> 1.0581154 | BE34: =LN(BD34) -> 0.056489364 | BF34: 0.30138592 | BG34: =BF34/J34 -> 0.79312084 | BH34: =LN(BG34) -> -0.23177968 | BI34: 0.42092646 | BJ34: =BI34/J34 -> 1.1077012 | BK34: =LN(BJ34) -> 0.10228689 | BL34: 0.3959705 | BM34: =BL34/J34 -> 1.0420276 | BN34: =LN(BM34) -> 0.041168453 | BS34: =IF(AND(B34<=12.7,F34<=45),TRUE,FALSE) -> TRUE | BU34: =IF(AND(B34>12.7,F34<=45),TRUE,FALSE) -> FALSE | BW34: =IF(AND(F34<=45,C34>1),TRUE,FALSE) -> TRUE
B35: ='[6]Dados de entrada'!$B$28 -> 10 | C35: ='[6]Dados de entrada'!$B$31 -> 4 | D35: ='[6]Leonhardt (1977)'!$B$27 -> 32.466667 | E35: ='[6]Dados de entrada'!$B$27 -> 3.262 | F35: ='[6]Dados de entrada'!$B$30 -> 25 | G35: ='[6]Dados de entrada'!$B$22 -> 36 | H35: ='[6]Dados de entrada'!$B$29/('[6]Dados de entrada'!$B$20*2*G35) -> 0.021805556 | I35: ='[6]fib Model Code 2010'!$K$12 -> 538.67345 | J35: ='[6]Dados de entrada'!$C$14 -> 0.42 | AD35: ='[6]fib Model Code 2010'!$L$12 -> 0.41277322 | AE35: =AD35/J35 -> 0.98279338 | AF35: =LN(AE35) -> -0.017356375 | AG35: ='[6]fib Model Code 2020'!$L$12 -> 0.35102266 | AH35: =AG35/J35 -> 0.83576823 | AI35: =LN(AH35) -> -0.17940394 | AJ35: ='[6]Eurocode 2'!$L$12 -> 0.35993573 | AK35: =AJ35/J35 -> 0.85698984 | AL35: =LN(AK35) -> -0.15432921 | AM35: ='[6]NBR 6118'!$Q$12 -> 0.34848 | AN35: ='[6]NBR 6118'!$R$12 -> 0.47867645 | AO35: ='[6]NBR 6118'!$W$12 -> 0.82971428 | AP35: =LN(AO35) -> -0.18667388 | AQ35: ='[6]Clark (1956)'!$L$12 -> 0.29560632 | AR35: =AQ35/J35 -> 0.70382457 | AS35: =LN(AR35) -> -0.35122614 | AT35: ='[6]Leonhardt (1977)'!$L$12 -> 0.50562031 | AU35: =AT35/J35 -> 1.2038579 | AV35: =LN(AU35) -> 0.18553129 | AW35: ='[6]Desayi; Ganesan (1985)'!$L$12 -> 0.31923709 | AX35: =AW35/J35 -> 0.76008831 | AY35: =LN(AX35) -> -0.27432066 | AZ35: ='[6]Oh; Kang (1987)'!$L$12 -> 0.2265229 | BA35: =AZ35/J35 -> 0.53934025 | BB35: =LN(BA35) -> -0.61740865 | BC35: ='[6]Caldas (1997)'!$L$12 -> 0.4334773 | BD35: =BC35/J35 -> 1.0320888 | BE35: =LN(BD35) -> 0.031584712 | BF35: 0.32291349 | BG35: =BF35/J35 -> 0.76884163 | BH35: =LN(BG35) -> -0.26287027 | BI35: 0.45099264 | BJ35: =BI35/J35 -> 1.073792 | BK35: =LN(BJ35) -> 0.071196308 | BL35: 0.43422661 | BM35: =BL35/J35 -> 1.0338729 | BN35: =LN(BM35) -> 0.033311825 | BS35: =IF(AND(B35<=12.7,F35<=45),TRUE,FALSE) -> TRUE | BU35: =IF(AND(B35>12.7,F35<=45),TRUE,FALSE) -> FALSE | BW35: =IF(AND(F35<=45,C35>1),TRUE,FALSE) -> TRUE
B36: ='[6]Dados de entrada'!$B$28 -> 10 | C36: ='[6]Dados de entrada'!$B$31 -> 4 | D36: ='[6]Leonhardt (1977)'!$B$27 -> 32.466667 | E36: ='[6]Dados de entrada'!$B$27 -> 3.262 | F36: ='[6]Dados de entrada'!$B$30 -> 25 | G36: ='[6]Dados de entrada'!$B$22 -> 36 | H36: ='[6]Dados de entrada'!$B$29/('[6]Dados de entrada'!$B$20*2*G36) -> 0.021805556 | I36: ='[6]fib Model Code 2010'!$K$13 -> 628 | J36: ='[6]Dados de entrada'!$C$15 -> 0.44 | AD36: ='[6]fib Model Code 2010'!$L$13 -> 0.50177465 | AE36: =AD36/J36 -> 1.1403969 | AF36: =LN(AE36) -> 0.13137639 | AG36: ='[6]fib Model Code 2020'!$L$13 -> 0.42580937 | AH36: =AG36/J36 -> 0.96774858 | AI36: =LN(AH36) -> -0.03278296 | AJ36: ='[6]Eurocode 2'!$L$13 -> 0.43754444 | AK36: =AJ36/J36 -> 0.99441919 | AL36: =LN(AK36) -> -0.0055964433 | AM36: ='[6]NBR 6118'!$Q$13 -> 0.39471097 | AN36: ='[6]NBR 6118'!$R$13 -> 0.61410801 | AO36: ='[6]NBR 6118'!$W$13 -> 0.8970704 | AP36: =LN(AO36) -> -0.10862094 | AQ36: ='[6]Clark (1956)'!$L$13 -> 0.36237934 | AR36: =AQ36/J36 -> 0.82358941 | AS36: =LN(AR36) -> -0.19408316 | AT36: ='[6]Leonhardt (1977)'!$L$13 -> 0.59974401 | AU36: =AT36/J36 -> 1.3630546 | AV36: =LN(AU36) -> 0.30972819 | AW36: ='[6]Desayi; Ganesan (1985)'!$L$13 -> 0.37217519 | AX36: =AW36/J36 -> 0.8458527 | AY36: =LN(AX36) -> -0.16741004 | AZ36: ='[6]Oh; Kang (1987)'!$L$13 -> 0.26726297 | BA36: =AZ36/J36 -> 0.60741585 | BB36: =LN(BA36) -> -0.49854164 | BC36: ='[6]Caldas (1997)'!$L$13 -> 0.5115655 | BD36: =BC36/J36 -> 1.1626489 | BE36: =LN(BD36) -> 0.15070091 | BF36: 0.37646123 | BG36: =BF36/J36 -> 0.85559371 | BH36: =LN(BG36) -> -0.15595966 | BI36: 0.52577936 | BJ36: =BI36/J36 -> 1.1949531 | BK36: =LN(BJ36) -> 0.17810692 | BL36: 0.53102264 | BM36: =BL36/J36 -> 1.2068696 | BN36: =LN(BM36) -> 0.18802993 | BS36: =IF(AND(B36<=12.7,F36<=45),TRUE,FALSE) -> TRUE | BU36: =IF(AND(B36>12.7,F36<=45),TRUE,FALSE) -> FALSE | BW36: =IF(AND(F36<=45,C36>1),TRUE,FALSE) -> TRUE
B37: ='[6]Dados de entrada'!$B$28 -> 10 | C37: ='[6]Dados de entrada'!$B$31 -> 4 | D37: ='[6]Leonhardt (1977)'!$B$27 -> 32.466667 | E37: ='[6]Dados de entrada'!$B$27 -> 3.262 | F37: ='[6]Dados de entrada'!$B$30 -> 25 | G37: ='[6]Dados de entrada'!$B$22 -> 36 | H37: ='[6]Dados de entrada'!$B$29/('[6]Dados de entrada'!$B$20*2*G37) -> 0.021805556 | I37: ='[6]fib Model Code 2010'!$K$14 -> 628 | J37: ='[6]Dados de entrada'!$C$16 -> 0.5 | AD37: ='[6]fib Model Code 2010'!$L$14 -> 0.50177465 | AE37: =AD37/J37 -> 1.0035493 | AF37: =LN(AE37) -> 0.0035430223 | AG37: ='[6]fib Model Code 2020'!$L$14 -> 0.42580937 | AH37: =AG37/J37 -> 0.85161875 | AI37: =LN(AH37) -> -0.16061633 | AJ37: ='[6]Eurocode 2'!$L$14 -> 0.43754444 | AK37: =AJ37/J37 -> 0.87508889 | AL37: =LN(AK37) -> -0.13342981 | AM37: ='[6]NBR 6118'!$Q$14 -> 0.39471097 | AN37: ='[6]NBR 6118'!$R$14 -> 0.61410801 | AO37: ='[6]NBR 6118'!$W$14 -> 0.78942195 | AP37: =LN(AO37) -> -0.23645431 | AQ37: ='[6]Clark (1956)'!$L$14 -> 0.36237934 | AR37: =AQ37/J37 -> 0.72475868 | AS37: =LN(AR37) -> -0.32191653 | AT37: ='[6]Leonhardt (1977)'!$L$14 -> 0.59974401 | AU37: =AT37/J37 -> 1.199488 | AV37: =LN(AU37) -> 0.18189482 | AW37: ='[6]Desayi; Ganesan (1985)'!$L$14 -> 0.37217519 | AX37: =AW37/J37 -> 0.74435038 | AY37: =LN(AX37) -> -0.29524341 | AZ37: ='[6]Oh; Kang (1987)'!$L$14 -> 0.26726297 | BA37: =AZ37/J37 -> 0.53452595 | BB37: =LN(BA37) -> -0.62637501 | BC37: ='[6]Caldas (1997)'!$L$14 -> 0.5115655 | BD37: =BC37/J37 -> 1.023131 | BE37: =LN(BD37) -> 0.022867542 | BF37: 0.37646123 | BG37: =BF37/J37 -> 0.75292246 | BH37: =LN(BG37) -> -0.28379303 | BI37: 0.52577936 | BJ37: =BI37/J37 -> 1.0515587 | BK37: =LN(BJ37) -> 0.05027355 | BL37: 0.53102264 | BM37: =BL37/J37 -> 1.0620453 | BN37: =LN(BM37) -> 0.060196557 | BS37: =IF(AND(B37<=12.7,F37<=45),TRUE,FALSE) -> TRUE | BU37: =IF(AND(B37>12.7,F37<=45),TRUE,FALSE) -> FALSE | BW37: =IF(AND(F37<=45,C37>1),TRUE,FALSE) -> TRUE
A38: Viga V2 - Oliveira (2007) | B38: ='[7]Dados de entrada'!$B$26 -> 10 | C38: ='[7]Dados de entrada'!$B$29 -> 4 | D38: ='[7]Leonhardt (1977)'!$B$25 -> 32.466667 | E38: ='[7]Dados de entrada'!$B$25 -> 3.514 | F38: ='[7]Dados de entrada'!$B$28 -> 25 | G38: ='[7]Dados de entrada'!$B$20 -> 36 | H38: ='[7]Dados de entrada'!$B$27/(2*'[7]Dados de entrada'!$B$18*G38) -> 0.021805556 | I38: ='[7]fib Model Code 2010'!$K$7 -> 321.47188 | J38: ='[7]Dados de entrada'!$C$9 -> 0.24 | K38: ='[7]fib Model Code 2010'!$F$7 -> 0.19627327 | L38: =K38/J38 -> 0.81780528 | M38: =LN(L38) -> -0.20113102 | N38: ='[7]fib Model Code 2020'!$F$7 -> 0.16925117 | O38: =N38/J38 -> 0.70521319 | P38: =LN(O38) -> -0.34925513 | Q38: ='[7]Eurocode 2'!$F$7 -> 0.17126581 | R38: =Q38/J38 -> 0.71360755 | S38: =LN(R38) -> -0.33742212 | T38: ='[7]NBR 6118'!$F$7 -> 0.20649479 | U38: ='[7]NBR 6118'!$G$7 -> 0.15602233 | V38: ='[7]NBR 6118'!$L$7 -> 0.65009305 | W38: =LN(V38) -> -0.43063977 | X38: {=[7]Sugestão!$G$7:$G$12} -> 0.21474423 | Y38: =X38/J38 -> 0.89476761 | Z38: =LN(Y38) -> -0.11119125 | AA38: {='[7]fib Model Code 2020 modificado'!$F$7:$F$12} -> 0.20734643 | AB38: =AA38/J38 -> 0.86394347 | AC38: =LN(AB38) -> -0.14624794 | AD38: ='[7]fib Model Code 2010'!$L$7 -> 0.18922989 | AE38: =AD38/J38 -> 0.78845789 | AF38: =LN(AE38) -> -0.23767628 | AG38: ='[7]fib Model Code 2020'!$L$7 -> 0.16333872 | AH38: =AG38/J38 -> 0.680578 | AI38: =LN(AH38) -> -0.38481284 | AJ38: ='[7]Eurocode 2'!$L$7 -> 0.16758074 | AK38: =AJ38/J38 -> 0.6982531 | AL38: =LN(AK38) -> -0.35917363 | AM38: ='[7]NBR 6118'!$Q$7 -> 0.209088 | AN38: ='[7]NBR 6118'!$R$7 -> 0.15996566 | AO38: ='[7]NBR 6118'!$W$7 -> 0.66652359 | AP38: =LN(AO38) -> -0.40567975 | AQ38: ='[7]Clark (1956)'!$L$7 -> 0.13324469 | AR38: =AQ38/J38 -> 0.5551862 | AS38: =LN(AR38) -> -0.58845173 | AT38: ='[7]Leonhardt (1977)'!$L$7 -> 0.26595117 | AU38: =AT38/J38 -> 1.1081299 | AV38: =LN(AU38) -> 0.10267381 | AW38: ='[7]Desayi; Ganesan (1985)'!$L$7 -> 0.19995733 | AX38: =AW38/J38 -> 0.83315554 | AY38: =LN(AX38) -> -0.18253493 | AZ38: ='[7]Oh; Kang (1987)'!$L$7 -> 0.12790721 | BA38: =AZ38/J38 -> 0.53294669 | BB38: =LN(BA38) -> -0.62933388 | BC38: ='[7]Caldas (1997)'!$L$7 -> 0.24360228 | BD38: =BC38/J38 -> 1.0150095 | BE38: =LN(BD38) -> 0.014897953 | BF38: {='[7]Gergely e Lutz (1968)'!$L$7:$L$12} -> 0.19246158 | BG38: =BF38/J38 -> 0.80192323 | BH38: =LN(BG38) -> -0.2207424 | BI38: {=[7]Sugestão!$N$7:$N$12} -> 0.20633911 | BJ38: =BI38/J38 -> 0.85974627 | BK38: =LN(BJ38) -> -0.15111796 | BL38: {='[7]fib Model Code 2020 modificado'!$L$7:$L$12} -> 0.20031653 | BM38: =BL38/J38 -> 0.83465223 | BN38: =LN(BM38) -> -0.18074013 | BS38: =IF(AND(B38<=12.7,F38<=45),TRUE,FALSE) -> TRUE | BU38: =IF(AND(B38>12.7,F38<=45),TRUE,FALSE) -> FALSE | BW38: =IF(AND(F38<=45,C38>1),TRUE,FALSE) -> TRUE
B39: ='[7]Dados de entrada'!$B$26 -> 10 | C39: ='[7]Dados de entrada'!$B$29 -> 4 | D39: ='[7]Leonhardt (1977)'!$B$25 -> 32.466667 | E39: ='[7]Dados de entrada'!$B$25 -> 3.514 | F39: ='[7]Dados de entrada'!$B$28 -> 25 | G39: ='[7]Dados de entrada'!$B$20 -> 36 | H39: ='[7]Dados de entrada'!$B$27/(2*'[7]Dados de entrada'!$B$18*G39) -> 0.021805556 | I39: ='[7]fib Model Code 2010'!$K$8 -> 357.19097 | J39: ='[7]Dados de entrada'!$C$10 -> 0.3 | K39: ='[7]fib Model Code 2010'!$F$8 -> 0.31720045 | L39: =K39/J39 -> 1.0573348 | M39: =LN(L39) -> 0.055751448 | N39: ='[7]fib Model Code 2020'!$F$8 -> 0.27076151 | O39: =N39/J39 -> 0.90253837 | P39: =LN(O39) -> -0.10254408 | Q39: ='[7]Eurocode 2'!$F$8 -> 0.27659687 | R39: =Q39/J39 -> 0.92198955 | S39: =LN(R39) -> -0.081221389 | T39: ='[7]NBR 6118'!$F$8 -> 0.28277767 | U39: ='[7]NBR 6118'!$G$8 -> 0.29258954 | V39: ='[7]NBR 6118'!$L$8 -> 0.94259224 | W39: =LN(V39) -> -0.059121493 | X39: 0.35905114 | Y39: =X39/J39 -> 1.1968371 | Z39: =LN(Y39) -> 0.17968236 | AA39: 0.33008483 | AB39: =AA39/J39 -> 1.1002828 | AC39: =LN(AB39) -> 0.095567218 | AD39: ='[7]fib Model Code 2010'!$L$8 -> 0.22481898 | AE39: =AD39/J39 -> 0.74939662 | AF39: =LN(AE39) -> -0.28848691 | AG39: ='[7]fib Model Code 2020'!$L$8 -> 0.1932134 | AH39: =AG39/J39 -> 0.64404467 | AI39: =LN(AH39) -> -0.4399872 | AJ39: ='[7]Eurocode 2'!$L$8 -> 0.19604079 | AK39: =AJ39/J39 -> 0.65346929 | AL39: =LN(AK39) -> -0.42545975 | AM39: ='[7]NBR 6118'!$Q$8 -> 0.23232 | AN39: ='[7]NBR 6118'!$R$8 -> 0.19748847 | AO39: ='[7]NBR 6118'!$W$8 -> 0.6582949 | AP39: =LN(AO39) -> -0.41810227 | AQ39: ='[7]Clark (1956)'!$L$8 -> 0.15994528 | AR39: =AQ39/J39 -> 0.53315094 | AS39: =LN(AR39) -> -0.62895071 | AT39: ='[7]Leonhardt (1977)'!$L$8 -> 0.30872458 | AU39: =AT39/J39 -> 1.0290819 | AV39: =LN(AU39) -> 0.028667085 | AW39: ='[7]Desayi; Ganesan (1985)'!$L$8 -> 0.22217481 | AX39: =AW39/J39 -> 0.74058271 | AY39: =LN(AX39) -> -0.30031796 | AZ39: ='[7]Oh; Kang (1987)'!$L$8 -> 0.14425493 | BA39: =AZ39/J39 -> 0.48084977 | BB39: =LN(BA39) -> -0.73220038 | BC39: ='[7]Caldas (1997)'!$L$8 -> 0.27482748 | BD39: =BC39/J39 -> 0.91609161 | BE39: =LN(BD39) -> -0.087638904 | BF39: 0.21384619 | BG39: =BF39/J39 -> 0.71282065 | BH39: =LN(BG39) -> -0.33852543 | BI39: 0.24880889 | BJ39: =BI39/J39 -> 0.82936298 | BK39: =LN(BJ39) -> -0.18709737 | BL39: 0.23597163 | BM39: =BL39/J39 -> 0.7865721 | BN39: =LN(BM39) -> -0.24007089 | BS39: =IF(AND(B39<=12.7,F39<=45),TRUE,FALSE) -> TRUE | BU39: =IF(AND(B39>12.7,F39<=45),TRUE,FALSE) -> FALSE | BW39: =IF(AND(F39<=45,C39>1),TRUE,FALSE) -> TRUE
B40: ='[7]Dados de entrada'!$B$26 -> 10 | C40: ='[7]Dados de entrada'!$B$29 -> 4 | D40: ='[7]Leonhardt (1977)'!$B$25 -> 32.466667 | E40: ='[7]Dados de entrada'!$B$25 -> 3.514 | F40: ='[7]Dados de entrada'!$B$28 -> 25 | G40: ='[7]Dados de entrada'!$B$20 -> 36 | H40: ='[7]Dados de entrada'!$B$27/(2*'[7]Dados de entrada'!$B$18*G40) -> 0.021805556 | I40: ='[7]fib Model Code 2010'!$K$9 -> 370.58564 | J40: ='[7]Dados de entrada'!$C$11 -> 0.3 | K40: ='[7]fib Model Code 2010'!$F$9 -> 0.34534943 | L40: =K40/J40 -> 1.1511648 | M40: =LN(L40) -> 0.14077426 | N40: ='[7]fib Model Code 2020'!$F$9 -> 0.2943907 | O40: =N40/J40 -> 0.98130234 | P40: =LN(O40) -> -0.018874667 | Q40: ='[7]Eurocode 2'!$F$9 -> 0.3011426 | R40: =Q40/J40 -> 1.0038087 | S40: =LN(R40) -> 0.0038014238 | T40: ='[7]NBR 6118'!$F$9 -> 0.30053451 | U40: ='[7]NBR 6118'!$G$9 -> 0.33048919 | V40: ='[7]NBR 6118'!$L$9 -> 1.0017817 | W40: =LN(V40) -> 0.0017801243 | X40: 0.39264236 | Y40: =X40/J40 -> 1.3088079 | Z40: =LN(Y40) -> 0.2691167 | AA40: 0.35920929 | AB40: =AA40/J40 -> 1.1973643 | AC40: =LN(AB40) -> 0.18012272 | AD40: ='[7]fib Model Code 2010'!$L$9 -> 0.23816489 | AE40: =AD40/J40 -> 0.79388298 | AF40: =LN(AE40) -> -0.23081921 | AG40: ='[7]fib Model Code 2020'!$L$9 -> 0.2044164 | AH40: =AG40/J40 -> 0.68138802 | AI40: =LN(AH40) -> -0.38362336 | AJ40: ='[7]Eurocode 2'!$L$9 -> 0.20767834 | AK40: =AJ40/J40 -> 0.69226113 | AL40: =LN(AK40) -> -0.36779205 | AM40: ='[7]NBR 6118'!$Q$9 -> 0.241032 | AN40: ='[7]NBR 6118'!$R$9 -> 0.21257782 | AO40: ='[7]NBR 6118'!$W$9 -> 0.70859275 | AP40: =LN(AO40) -> -0.34447432 | AQ40: ='[7]Clark (1956)'!$L$9 -> 0.169958 | AR40: =AQ40/J40 -> 0.56652668 | AS40: =LN(AR40) -> -0.5682311 | AT40: ='[7]Leonhardt (1977)'!$L$9 -> 0.32445331 | AU40: =AT40/J40 -> 1.081511 | AV40: =LN(AU40) -> 0.078359182 | AW40: ='[7]Desayi; Ganesan (1985)'!$L$9 -> 0.23050637 | AX40: =AW40/J40 -> 0.76835456 | AY40: =LN(AX40) -> -0.26350399 | AZ40: ='[7]Oh; Kang (1987)'!$L$9 -> 0.15038533 | BA40: =AZ40/J40 -> 0.50128443 | BB40: =LN(BA40) -> -0.69058161 | BC40: ='[7]Caldas (1997)'!$L$9 -> 0.28653694 | BD40: =BC40/J40 -> 0.95512313 | BE40: =LN(BD40) -> -0.04591502 | BF40: 0.22186543 | BG40: =BF40/J40 -> 0.73955142 | BH40: =LN(BG40) -> -0.30171146 | BI40: 0.26473506 | BJ40: =BI40/J40 -> 0.88245022 | BK40: =LN(BJ40) -> -0.1250529 | BL40: 0.24942849 | BM40: =BL40/J40 -> 0.8314283 | BN40: =LN(BM40) -> -0.18461021 | BS40: =IF(AND(B40<=12.7,F40<=45),TRUE,FALSE) -> TRUE | BU40: =IF(AND(B40>12.7,F40<=45),TRUE,FALSE) -> FALSE | BW40: =IF(AND(F40<=45,C40>1),TRUE,FALSE) -> TRUE
B41: ='[7]Dados de entrada'!$B$26 -> 10 | C41: ='[7]Dados de entrada'!$B$29 -> 4 | D41: ='[7]Leonhardt (1977)'!$B$25 -> 32.466667 | E41: ='[7]Dados de entrada'!$B$25 -> 3.514 | F41: ='[7]Dados de entrada'!$B$28 -> 25 | G41: ='[7]Dados de entrada'!$B$20 -> 36 | H41: ='[7]Dados de entrada'!$B$27/(2*'[7]Dados de entrada'!$B$18*G41) -> 0.021805556 | I41: ='[7]fib Model Code 2010'!$K$10 -> 392.91007 | J41: ='[7]Dados de entrada'!$C$12 -> 0.3 | K41: ='[7]fib Model Code 2010'!$F$10 -> 0.37235394 | L41: =K41/J41 -> 1.2411798 | M41: =LN(L41) -> 0.21606237 | N41: ='[7]fib Model Code 2020'!$F$10 -> 0.3170592 | O41: =N41/J41 -> 1.056864 | P41: =LN(O41) -> 0.055306023 | Q41: ='[7]Eurocode 2'!$F$10 -> 0.32469037 | R41: =Q41/J41 -> 1.0823012 | S41: =LN(R41) -> 0.079089535 | T41: ='[7]NBR 6118'!$F$10 -> 0.31756941 | U41: ='[7]NBR 6118'!$G$10 -> 0.36901658 | V41: ='[7]NBR 6118'!$L$10 -> 1.0585647 | W41: =LN(V41) -> 0.056913925 | X41: 0.42259259 | Y41: =X41/J41 -> 1.408642 | Z41: =LN(Y41) -> 0.3426261 | AA41: 0.38734621 | AB41: =AA41/J41 -> 1.291154 | AC41: =LN(AB41) -> 0.25553642 | AD41: ='[7]fib Model Code 2010'!$L$10 -> 0.26040808 | AE41: =AD41/J41 -> 0.86802692 | AF41: =LN(AE41) -> -0.14153255 | AG41: ='[7]fib Model Code 2020'!$L$10 -> 0.22308808 | AH41: =AG41/J41 -> 0.74362693 | AI41: =LN(AH41) -> -0.29621581 | AJ41: ='[7]Eurocode 2'!$L$10 -> 0.22707426 | AK41: =AJ41/J41 -> 0.75691419 | AL41: =LN(AK41) -> -0.27850539 | AM41: ='[7]NBR 6118'!$Q$10 -> 0.255552 | AN41: ='[7]NBR 6118'!$R$10 -> 0.23896105 | AO41: ='[7]NBR 6118'!$W$10 -> 0.79653683 | AP41: =LN(AO41) -> -0.22748191 | AQ41: ='[7]Clark (1956)'!$L$10 -> 0.18664588 | AR41: =AQ41/J41 -> 0.62215292 | AS41: =LN(AR41) -> -0.47456937 | AT41: ='[7]Leonhardt (1977)'!$L$10 -> 0.35035914 | AU41: =AT41/J41 -> 1.1678638 | AV41: =LN(AU41) -> 0.15517628 | AW41: ='[7]Desayi; Ganesan (1985)'!$L$10 -> 0.24439229 | AX41: =AW41/J41 -> 0.81464098 | AY41: =LN(AX41) -> -0.20500778 | AZ41: ='[7]Oh; Kang (1987)'!$L$10 -> 0.16060266 | BA41: =AZ41/J41 -> 0.5353422 | BB41: =LN(BA41) -> -0.62484912 | BC41: ='[7]Caldas (1997)'!$L$10 -> 0.30605269 | BD41: =BC41/J41 -> 1.0201756 | BE41: =LN(BD41) -> 0.019974812 | BF41: 0.23523081 | BG41: =BF41/J41 -> 0.78410271 | BH41: =LN(BG41) -> -0.24321525 | BI41: 0.29127868 | BJ41: =BI41/J41 -> 0.97092894 | BK41: =LN(BJ41) -> -0.029501994 | BL41: 0.27196108 | BM41: =BL41/J41 -> 0.90653693 | BN41: =LN(BM41) -> -0.098123516 | BS41: =IF(AND(B41<=12.7,F41<=45),TRUE,FALSE) -> TRUE | BU41: =IF(AND(B41>12.7,F41<=45),TRUE,FALSE) -> FALSE | BW41: =IF(AND(F41<=45,C41>1),TRUE,FALSE) -> TRUE
B42: ='[7]Dados de entrada'!$B$26 -> 10 | C42: ='[7]Dados de entrada'!$B$29 -> 4 | D42: ='[7]Leonhardt (1977)'!$B$25 -> 32.466667 | E42: ='[7]Dados de entrada'!$B$25 -> 3.514 | F42: ='[7]Dados de entrada'!$B$28 -> 25 | G42: ='[7]Dados de entrada'!$B$20 -> 36 | H42: ='[7]Dados de entrada'!$B$27/(2*'[7]Dados de entrada'!$B$18*G42) -> 0.021805556 | I42: ='[7]fib Model Code 2010'!$K$11 -> 424.16428 | J42: ='[7]Dados de entrada'!$C$13 -> 0.38 | K42: ='[7]fib Model Code 2010'!$F$11 -> 0.3997807 | L42: =K42/J42 -> 1.0520545 | M42: =LN(L42) -> 0.050744889 | N42: ='[7]fib Model Code 2020'!$F$11 -> 0.34008214 | O42: =N42/J42 -> 0.894953 | P42: =LN(O42) -> -0.11098407 | Q42: ='[7]Eurocode 2'!$F$11 -> 0.34860633 | R42: =Q42/J42 -> 0.91738509 | S42: =LN(R42) -> -0.086227948 | T42: ='[7]NBR 6118'!$F$11 -> 0.33487066 | U42: ='[7]NBR 6118'!$G$11 -> 0.41032007 | V42: ='[7]NBR 6118'!$L$11 -> 0.88123859 | W42: =LN(V42) -> -0.12642687 | X42: 0.44561553 | Y42: =X42/J42 -> 1.1726725 | Z42: =LN(Y42) -> 0.1592853 | AA42: 0.41612013 | AB42: =AA42/J42 -> 1.095053 | AC42: =LN(AB42) -> 0.090802743 | AD42: ='[7]fib Model Code 2010'!$L$11 -> 0.29154853 | AE42: =AD42/J42 -> 0.76723298 | AF42: =LN(AE42) -> -0.26496477 | AG42: ='[7]fib Model Code 2020'!$L$11 -> 0.24922842 | AH42: =AG42/J42 -> 0.65586427 | AI42: =LN(AH42) -> -0.42180141 | AJ42: ='[7]Eurocode 2'!$L$11 -> 0.25422854 | AK42: =AJ42/J42 -> 0.66902248 | AL42: =LN(AK42) -> -0.40193761 | AM42: ='[7]NBR 6118'!$Q$11 -> 0.27588 | AN42: ='[7]NBR 6118'!$R$11 -> 0.2784896 | AO42: ='[7]NBR 6118'!$W$11 -> 0.72599999 | AP42: =LN(AO42) -> -0.32020528 | AQ42: ='[7]Clark (1956)'!$L$11 -> 0.2100089 | AR42: =AQ42/J42 -> 0.55265499 | AS42: =LN(AR42) -> -0.59302136 | AT42: ='[7]Leonhardt (1977)'!$L$11 -> 0.38608135 | AU42: =AT42/J42 -> 1.0160036 | AV42: =LN(AU42) -> 0.015876856 | AW42: ='[7]Desayi; Ganesan (1985)'!$L$11 -> 0.26383259 | AX42: =AW42/J42 -> 0.69429629 | AY42: =LN(AX42) -> -0.36485648 | AZ42: ='[7]Oh; Kang (1987)'!$L$11 -> 0.17490692 | BA42: =AZ42/J42 -> 0.46028137 | BB42: =LN(BA42) -> -0.77591731 | BC42: ='[7]Caldas (1997)'!$L$11 -> 0.33337475 | BD42: =BC42/J42 -> 0.87730198 | BE42: =LN(BD42) -> -0.13090402 | BF42: 0.25394236 | BG42: =BF42/J42 -> 0.66826936 | BH42: =LN(BG42) -> -0.40306396 | BI42: 0.32843975 | BJ42: =BI42/J42 -> 0.86431512 | BK42: =LN(BJ42) -> -0.14581785 | BL42: 0.30372612 | BM42: =BL42/J42 -> 0.79927926 | BN42: =LN(BM42) -> -0.22404488 | BS42: =IF(AND(B42<=12.7,F42<=45),TRUE,FALSE) -> TRUE | BU42: =IF(AND(B42>12.7,F42<=45),TRUE,FALSE) -> FALSE | BW42: =IF(AND(F42<=45,C42>1),TRUE,FALSE) -> TRUE
B43: ='[7]Dados de entrada'!$B$26 -> 10 | C43: ='[7]Dados de entrada'!$B$29 -> 4 | D43: ='[7]Leonhardt (1977)'!$B$25 -> 32.466667 | E43: ='[7]Dados de entrada'!$B$25 -> 3.514 | F43: ='[7]Dados de entrada'!$B$28 -> 25 | G43: ='[7]Dados de entrada'!$B$20 -> 36 | H43: ='[7]Dados de entrada'!$B$27/(2*'[7]Dados de entrada'!$B$18*G43) -> 0.021805556 | I43: ='[7]fib Model Code 2010'!$K$12 -> 491.13759 | J43: ='[7]Dados de entrada'!$C$14 -> 0.44 | K43: ='[7]fib Model Code 2010'!$F$12 -> 0.49464235 | L43: =K43/J43 -> 1.1241872 | M43: =LN(L43) -> 0.11706026 | N43: ='[7]fib Model Code 2020'!$F$12 -> 0.4197122 | O43: =N43/J43 -> 0.95389137 | P43: =LN(O43) -> -0.04720548 | Q43: ='[7]Eurocode 2'!$F$12 -> 0.43132512 | R43: =Q43/J43 -> 0.98028437 | S43: =LN(R43) -> -0.019912578 | T43: ='[7]NBR 6118'!$F$12 -> 0.39471097 | U43: ='[7]NBR 6118'!$G$12 -> 0.57006839 | V43: ='[7]NBR 6118'!$L$12 -> 0.8970704 | W43: =LN(V43) -> -0.10862094 | X43: 0.5252456 | Y43: =X43/J43 -> 1.19374 | Z43: =LN(Y43) -> 0.17709123 | AA43: 0.5171724 | AB43: =AA43/J43 -> 1.1753918 | AC43: =LN(AB43) -> 0.16160156 | AD43: ='[7]fib Model Code 2010'!$L$12 -> 0.35827808 | AE43: =AD43/J43 -> 0.81426836 | AF43: =LN(AE43) -> -0.20546529 | AG43: ='[7]fib Model Code 2020'!$L$12 -> 0.30524345 | AH43: =AG43/J43 -> 0.69373511 | AI43: =LN(AH43) -> -0.36566508 | AJ43: ='[7]Eurocode 2'!$L$12 -> 0.3124163 | AK43: =AJ43/J43 -> 0.71003705 | AL43: =LN(AK43) -> -0.34243812 | AM43: ='[7]NBR 6118'!$Q$12 -> 0.31944 | AN43: ='[7]NBR 6118'!$R$12 -> 0.37337664 | AO43: ='[7]NBR 6118'!$W$12 -> 0.72599999 | AP43: =LN(AO43) -> -0.32020528 | AQ43: ='[7]Clark (1956)'!$L$12 -> 0.26007251 | AR43: =AQ43/J43 -> 0.59107389 | AS43: =LN(AR43) -> -0.52581425 | AT43: ='[7]Leonhardt (1977)'!$L$12 -> 0.46101058 | AU43: =AT43/J43 -> 1.0477513 | AV43: =LN(AU43) -> 0.046646274 | AW43: ='[7]Desayi; Ganesan (1985)'!$L$12 -> 0.30549037 | AX43: =AW43/J43 -> 0.69429629 | AY43: =LN(AX43) -> -0.36485648 | AZ43: ='[7]Oh; Kang (1987)'!$L$12 -> 0.20555891 | BA43: =AZ43/J43 -> 0.46717934 | BB43: =LN(BA43) -> -0.76104208 | BC43: ='[7]Caldas (1997)'!$L$12 -> 0.39192202 | BD43: =BC43/J43 -> 0.89073186 | BE43: =LN(BD43) -> -0.11571184 | BF43: 0.29403852 | BG43: =BF43/J43 -> 0.66826936 | BH43: =LN(BG43) -> -0.40306396 | BI43: 0.4080706 | BJ43: =BI43/J43 -> 0.92743318 | BK43: =LN(BJ43) -> -0.075334527 | BL43: 0.37265607 | BM43: =BL43/J43 -> 0.84694562 | BN43: =LN(BM43) -> -0.16611879 | BS43: =IF(AND(B43<=12.7,F43<=45),TRUE,FALSE) -> TRUE | BU43: =IF(AND(B43>12.7,F43<=45),TRUE,FALSE) -> FALSE | BW43: =IF(AND(F43<=45,C43>1),TRUE,FALSE) -> TRUE
A44: Viga T1F000 - Silva Neto (2017) | B44: ='[8]Dados de entrada'!$B$28 -> 16 | C44: ='[8]Dados de entrada'!$B$31 -> 4 | D44: ='[8]Leonhardt (1977)'!$B$27 -> 37 | E44: ='[8]Dados de entrada'!$B$27 -> 4.2588 | F44: ='[8]Dados de entrada'!$B$30 -> 20 | G44: ='[8]Dados de entrada'!$B$22 -> 54 | H44: ='[8]Dados de entrada'!$B$29/('[8]Dados de entrada'!$B$20*2*G44) -> 0.059259259 | I44: ='[8]fib Model Code 2010'!$K$6 -> 136.24999 | J44: ='[8]Dados de entrada'!$C$8 -> 0.18 | K44: ='[8]fib Model Code 2010'!$F$6 -> 0.041165902 | L44: =K44/J44 -> 0.22869945 | M44: =LN(L44) -> -1.4753466 | N44: ='[8]fib Model Code 2020'!$F$6 -> 0.047218905 | O44: =N44/J44 -> 0.26232725 | P44: =LN(O44) -> -1.3381625 | Q44: ='[8]Eurocode 2'!$F$6 -> 0.048247002 | R44: =Q44/J44 -> 0.2680389 | S44: =LN(R44) -> -1.3166232 | T44: ='[8]NBR 6118'!$F$6 -> 0.047470444 | U44: ='[8]NBR 6118'!$G$6 -> 0.040432978 | V44: ='[8]NBR 6118'!$L$6 -> 0.22462766 | W44: =LN(V44) -> -1.4933111 | X44: {=[8]Sugestão!$G$6:$G$10} -> 0.047218905 | Y44: =X44/J44 -> 0.26232725 | Z44: =LN(Y44) -> -1.3381625 | AA44: {='[8]fib Model Code 2020 modificado'!$F$6:$F$10} -> 0.074847282 | AB44: =AA44/J44 -> 0.41581823 | AC44: =LN(AB44) -> -0.87750706 | AD44: ='[8]fib Model Code 2010'!$L$6 -> 0.03853784 | AE44: =AD44/J44 -> 0.21409911 | AF44: =LN(AE44) -> -1.5413162 | AG44: ='[8]fib Model Code 2020'!$L$6 -> 0.043068886 | AH44: =AG44/J44 -> 0.23927159 | AI44: =LN(AH44) -> -1.430156 | AJ44: ='[8]Eurocode 2'!$L$6 -> 0.045166878 | AK44: =AJ44/J44 -> 0.2509271 | AL44: =LN(AK44) -> -1.3825928 | AM44: ='[8]NBR 6118'!$Q$6 -> 0.048418034 | AN44: ='[8]NBR 6118'!$R$6 -> 0.04206331 | AO44: ='[8]NBR 6118'!$W$6 -> 0.23368505 | AP44: =LN(AO44) -> -1.453781 | AQ44: ='[8]Clark (1956)'!$L$6 -> 0.053334063 | AR44: =AQ44/J44 -> 0.29630035 | AS44: =LN(AR44) -> -1.2163817 | AT44: ='[8]Leonhardt (1977)'!$L$6 -> 0.076553053 | AU44: =AT44/J44 -> 0.42529474 | AV44: =LN(AU44) -> -0.85497285 | AW44: ='[8]Desayi; Ganesan (1985)'!$L$6 -> 0.11739336 | AX44: =AW44/J44 -> 0.65218532 | AY44: =LN(AX44) -> -0.42742653 | AZ44: ='[8]Oh; Kang (1987)'!$L$6 -> 0.053755393 | BA44: =AZ44/J44 -> 0.29864107 | BB44: =LN(BA44) -> -1.2085129 | BC44: ='[8]Caldas (1997)'!$L$6 -> 0.058045479 | BD44: =BC44/J44 -> 0.32247488 | BE44: =LN(BD44) -> -1.13173 | BF44: {='[8]Gergely e Lutz (1968)'!$L$6:$L$10} -> 0.10489888 | BG44: =BF44/J44 -> 0.58277156 | BH44: =LN(BG44) -> -0.53996 | BI44: {=[8]Sugestão!$N$6:$N$10} -> 0.043068886 | BJ44: =BI44/J44 -> 0.23927159 | BK44: =LN(BJ44) -> -1.430156 | BL44: {='[8]fib Model Code 2020 modificado'!$L$6:$L$10} -> 0.069035374 | BM44: =BL44/J44 -> 0.38352986 | BN44: =LN(BM44) -> -0.9583378 | BS44: =IF(AND(B44<=12.7,F44<=45),TRUE,FALSE) -> FALSE | BU44: =IF(AND(B44>12.7,F44<=45),TRUE,FALSE) -> TRUE | BW44: =IF(AND(F44<=45,C44>1),TRUE,FALSE) -> TRUE
B45: ='[8]Dados de entrada'!$B$28 -> 16 | C45: ='[8]Dados de entrada'!$B$31 -> 4 | D45: ='[8]Leonhardt (1977)'!$B$27 -> 37 | E45: ='[8]Dados de entrada'!$B$27 -> 4.2588 | F45: ='[8]Dados de entrada'!$B$30 -> 20 | G45: ='[8]Dados de entrada'!$B$22 -> 54 | H45: ='[8]Dados de entrada'!$B$29/('[8]Dados de entrada'!$B$20*2*G45) -> 0.059259259 | I45: ='[8]fib Model Code 2010'!$K$7 -> 196.14009 | J45: ='[8]Dados de entrada'!$C$9 -> 0.2 | K45: ='[8]fib Model Code 2010'!$F$7 -> 0.07116288 | L45: =K45/J45 -> 0.3558144 | M45: =LN(L45) -> -1.033346 | N45: ='[8]fib Model Code 2020'!$F$7 -> 0.09458767 | O45: =N45/J45 -> 0.47293835 | P45: =LN(O45) -> -0.74879024 | Q45: ='[8]Eurocode 2'!$F$7 -> 0.083403873 | R45: =Q45/J45 -> 0.41701937 | S45: =LN(R45) -> -0.87462262 | T45: ='[8]NBR 6118'!$F$7 -> 0.073461353 | U45: ='[8]NBR 6118'!$G$7 -> 0.096829346 | V45: ='[8]NBR 6118'!$L$7 -> 0.36730677 | W45: =LN(V45) -> -1.0015579 | X45: 0.098472203 | Y45: =X45/J45 -> 0.49236101 | Z45: =LN(Y45) -> -0.70854306 | AA45: 0.14358811 | AB45: =AA45/J45 -> 0.71794054 | AC45: =LN(AB45) -> -0.33136852 | AD45: ='[8]fib Model Code 2010'!$L$7 -> 0.061464946 | AE45: =AD45/J45 -> 0.30732473 | AF45: =LN(AE45) -> -1.1798503 | AG45: ='[8]fib Model Code 2020'!$L$7 -> 0.079273488 | AH45: =AG45/J45 -> 0.39636744 | AI45: =LN(AH45) -> -0.92541362 | AJ45: ='[8]Eurocode 2'!$L$7 -> 0.072037761 | AK45: =AJ45/J45 -> 0.3601888 | AL45: =LN(AK45) -> -1.0211269 | AM45: ='[8]NBR 6118'!$Q$7 -> 0.069700686 | AN45: ='[8]NBR 6118'!$R$7 -> 0.087169238 | AO45: ='[8]NBR 6118'!$W$7 -> 0.34850343 | AP45: =LN(AO45) -> -1.0541072 | AQ45: ='[8]Clark (1956)'!$L$7 -> 0.079691697 | AR45: =AQ45/J45 -> 0.39845849 | AS45: =LN(AR45) -> -0.92015196 | AT45: ='[8]Leonhardt (1977)'!$L$7 -> 0.12704735 | AU45: =AT45/J45 -> 0.63523675 | AV45: =LN(AU45) -> -0.45375752 | AW45: ='[8]Desayi; Ganesan (1985)'!$L$7 -> 0.16899483 | AX45: =AW45/J45 -> 0.84497416 | AY45: =LN(AX45) -> -0.16844923 | AZ45: ='[8]Oh; Kang (1987)'!$L$7 -> 0.087413695 | BA45: =AZ45/J45 -> 0.43706847 | BB45: =LN(BA45) -> -0.82766541 | BC45: ='[8]Caldas (1997)'!$L$7 -> 0.08825052 | BD45: =BC45/J45 -> 0.4412526 | BE45: =LN(BD45) -> -0.81813777 | BF45: 0.15100828 | BG45: =BF45/J45 -> 0.7550414 | BH45: =LN(BG45) -> -0.2809827 | BI45: 0.0797171 | BJ45: =BI45/J45 -> 0.3985855 | BK45: =LN(BJ45) -> -0.91983325 | BL45: 0.12088101 | BM45: =BL45/J45 -> 0.60440506 | BN45: =LN(BM45) -> -0.50351067 | BS45: =IF(AND(B45<=12.7,F45<=45),TRUE,FALSE) -> FALSE | BU45: =IF(AND(B45>12.7,F45<=45),TRUE,FALSE) -> TRUE | BW45: =IF(AND(F45<=45,C45>1),TRUE,FALSE) -> TRUE
B46: ='[8]Dados de entrada'!$B$28 -> 16 | C46: ='[8]Dados de entrada'!$B$31 -> 4 | D46: ='[8]Leonhardt (1977)'!$B$27 -> 37 | E46: ='[8]Dados de entrada'!$B$27 -> 4.2588 | F46: ='[8]Dados de entrada'!$B$30 -> 20 | G46: ='[8]Dados de entrada'!$B$22 -> 54 | H46: ='[8]Dados de entrada'!$B$29/('[8]Dados de entrada'!$B$20*2*G46) -> 0.059259259 | I46: ='[8]fib Model Code 2010'!$K$8 -> 237.31454 | J46: ='[8]Dados de entrada'!$C$10 -> 0.26 | K46: ='[8]fib Model Code 2010'!$F$8 -> 0.081576339 | L46: =K46/J46 -> 0.31375515 | M46: =LN(L46) -> -1.1591424 | N46: ='[8]fib Model Code 2020'!$F$8 -> 0.11103175 | O46: =N46/J46 -> 0.42704519 | P46: =LN(O46) -> -0.85086545 | Q46: ='[8]Eurocode 2'!$F$8 -> 0.09560859 | R46: =Q46/J46 -> 0.36772535 | S46: =LN(R46) -> -1.000419 | T46: ='[8]NBR 6118'!$F$8 -> 0.082484104 | U46: ='[8]NBR 6118'!$G$8 -> 0.12207583 | V46: ='[8]NBR 6118'!$L$8 -> 0.31724656 | W46: =LN(V46) -> -1.148076 | X46: 0.11861108 | Y46: =X46/J46 -> 0.45619645 | Z46: =LN(Y46) -> -0.78483175 | AA46: 0.16848482 | AB46: =AA46/J46 -> 0.64801852 | AC46: =LN(AB46) -> -0.433836 | AD46: ='[8]fib Model Code 2010'!$L$8 -> 0.077227331 | AE46: =AD46/J46 -> 0.2970282 | AF46: =LN(AE46) -> -1.2139282 | AG46: ='[8]fib Model Code 2020'!$L$8 -> 0.10416415 | AH46: =AG46/J46 -> 0.40063136 | AI46: =LN(AH46) -> -0.91471359 | AJ46: ='[8]Eurocode 2'!$L$8 -> 0.090511493 | AK46: =AJ46/J46 -> 0.34812113 | AL46: =LN(AK46) -> -1.0552048 | AM46: ='[8]NBR 6118'!$Q$8 -> 0.084332509 | AN46: ='[8]NBR 6118'!$R$8 -> 0.12760838 | AO46: ='[8]NBR 6118'!$W$8 -> 0.3243558 | AP46: =LN(AO46) -> -1.1259142 | AQ46: ='[8]Clark (1956)'!$L$8 -> 0.097812571 | AR46: =AQ46/J46 -> 0.3762022 | AS46: =LN(AR46) -> -0.97762852 | AT46: ='[8]Leonhardt (1977)'!$L$8 -> 0.15974057 | AU46: =AT46/J46 -> 0.61438682 | AV46: =LN(AU46) -> -0.48713056 | AW46: ='[8]Desayi; Ganesan (1985)'!$L$8 -> 0.20447085 | AX46: =AW46/J46 -> 0.78642634 | AY46: =LN(AX46) -> -0.24025622 | AZ46: ='[8]Oh; Kang (1987)'!$L$8 -> 0.11055378 | BA46: =AZ46/J46 -> 0.42520683 | BB46: =LN(BA46) -> -0.85517956 | BC46: ='[8]Caldas (1997)'!$L$8 -> 0.10901649 | BD46: =BC46/J46 -> 0.41929418 | BE46: =LN(BD46) -> -0.86918251 | BF46: 0.18270849 | BG46: =BF46/J46 -> 0.70272497 | BH46: =LN(BG46) -> -0.35278969 | BI46: 0.11020041 | BJ46: =BI46/J46 -> 0.42384773 | BK46: =LN(BJ46) -> -0.85838101 | BL46: 0.15802236 | BM46: =BL46/J46 -> 0.6077783 | BN46: =LN(BM46) -> -0.49794511 | BS46: =IF(AND(B46<=12.7,F46<=45),TRUE,FALSE) -> FALSE | BU46: =IF(AND(B46>12.7,F46<=45),TRUE,FALSE) -> TRUE | BW46: =IF(AND(F46<=45,C46>1),TRUE,FALSE) -> TRUE
B47: ='[8]Dados de entrada'!$B$28 -> 16 | C47: ='[8]Dados de entrada'!$B$31 -> 4 | D47: ='[8]Leonhardt (1977)'!$B$27 -> 37 | E47: ='[8]Dados de entrada'!$B$27 -> 4.2588 | F47: ='[8]Dados de entrada'!$B$30 -> 20 | G47: ='[8]Dados de entrada'!$B$22 -> 54 | H47: ='[8]Dados de entrada'!$B$29/('[8]Dados de entrada'!$B$20*2*G47) -> 0.059259259 | I47: ='[8]fib Model Code 2010'!$K$9 -> 305.43953 | J47: ='[8]Dados de entrada'!$C$11 -> 0.44 | K47: ='[8]fib Model Code 2010'!$F$9 -> 0.11678005 | L47: =K47/J47 -> 0.2654092 | M47: =LN(L47) -> -1.3264825 | N47: ='[8]fib Model Code 2020'!$F$9 -> 0.16662255 | O47: =N47/J47 -> 0.37868762 | P47: =LN(O47) -> -0.97104364 | Q47: ='[8]Eurocode 2'!$F$9 -> 0.13686782 | R47: =Q47/J47 -> 0.31106323 | S47: =LN(R47) -> -1.1677591 | T47: ='[8]NBR 6118'!$F$9 -> 0.11298639 | U47: ='[8]NBR 6118'!$G$9 -> 0.22905586 | V47: ='[8]NBR 6118'!$L$9 -> 0.25678725 | W47: =LN(V47) -> -1.3595074 | X47: 0.1866925 | Y47: =X47/J47 -> 0.42430113 | Z47: =LN(Y47) -> -0.85731186 | AA47: 0.25659384 | AB47: =AA47/J47 -> 0.58316783 | AC47: =LN(AB47) -> -0.53928027 | AD47: ='[8]fib Model Code 2010'!$L$9 -> 0.10330691 | AE47: =AD47/J47 -> 0.23478844 | AF47: =LN(AE47) -> -1.4490704 | AG47: ='[8]fib Model Code 2020'!$L$9 -> 0.14534689 | AH47: =AG47/J47 -> 0.33033384 | AI47: =LN(AH47) -> -1.1076515 | AJ47: ='[8]Eurocode 2'!$L$9 -> 0.12107712 | AK47: =AJ47/J47 -> 0.27517528 | AL47: =LN(AK47) -> -1.290347 | AM47: ='[8]NBR 6118'!$Q$9 -> 0.10854153 | AN47: ='[8]NBR 6118'!$R$9 -> 0.21138832 | AO47: ='[8]NBR 6118'!$W$9 -> 0.24668529 | AP47: =LN(AO47) -> -1.3996419 | AQ47: ='[8]Clark (1956)'!$L$9 -> 0.12779438 | AR47: =AQ47/J47 -> 0.29044177 | AS47: =LN(AR47) -> -1.2363522 | AT47: ='[8]Leonhardt (1977)'!$L$9 -> 0.21221936 | AU47: =AT47/J47 -> 0.48231673 | AV47: =LN(AU47) -> -0.72915427 | AW47: ='[8]Desayi; Ganesan (1985)'!$L$9 -> 0.26316753 | AX47: =AW47/J47 -> 0.59810801 | AY47: =LN(AX47) -> -0.51398392 | AZ47: ='[8]Oh; Kang (1987)'!$L$9 -> 0.1488401 | BA47: =AZ47/J47 -> 0.33827294 | BB47: =LN(BA47) -> -1.0839022 | BC47: ='[8]Caldas (1997)'!$L$9 -> 0.14337472 | BD47: =BC47/J47 -> 0.32585164 | BE47: =LN(BD47) -> -1.1213131 | BF47: 0.23515793 | BG47: =BF47/J47 -> 0.53444985 | BH47: =LN(BG47) -> -0.62651739 | BI47: 0.16063643 | BJ47: =BI47/J47 -> 0.3650828 | BK47: =LN(BJ47) -> -1.0076311 | BL47: 0.22215391 | BM47: =BL47/J47 -> 0.50489525 | BN47: =LN(BM47) -> -0.68340431 | BS47: =IF(AND(B47<=12.7,F47<=45),TRUE,FALSE) -> FALSE | BU47: =IF(AND(B47>12.7,F47<=45),TRUE,FALSE) -> TRUE | BW47: =IF(AND(F47<=45,C47>1),TRUE,FALSE) -> TRUE
B48: ='[8]Dados de entrada'!$B$28 -> 16 | C48: ='[8]Dados de entrada'!$B$31 -> 4 | D48: ='[8]Leonhardt (1977)'!$B$27 -> 37 | E48: ='[8]Dados de entrada'!$B$27 -> 4.2588 | F48: ='[8]Dados de entrada'!$B$30 -> 20 | G48: ='[8]Dados de entrada'!$B$22 -> 54 | H48: ='[8]Dados de entrada'!$B$29/('[8]Dados de entrada'!$B$20*2*G48) -> 0.059259259 | I48: ='[8]fib Model Code 2010'!$K$10 -> 405.00683 | J48: ='[8]Dados de entrada'!$C$12 -> 0.6 | K48: ='[8]fib Model Code 2010'!$F$10 -> 0.1660497 | L48: =K48/J48 -> 0.27674949 | M48: =LN(L48) -> -1.2846425 | N48: ='[8]fib Model Code 2020'!$F$10 -> 0.24442513 | O48: =N48/J48 -> 0.40737522 | P48: =LN(O48) -> -0.89802059 | Q48: ='[8]Eurocode 2'!$F$10 -> 0.19461252 | R48: =Q48/J48 -> 0.32435421 | S48: =LN(R48) -> -1.1259191 | T48: ='[8]NBR 6118'!$F$10 -> 0.15567612 | U48: ='[8]NBR 6118'!$G$10 -> 0.43484368 | V48: ='[8]NBR 6118'!$L$10 -> 0.2594602 | W48: =LN(V48) -> -1.3491519 | X48: 0.28197643 | Y48: =X48/J48 -> 0.46996071 | Z48: =LN(Y48) -> -0.75510618 | AA48: 0.39012737 | AB48: =AA48/J48 -> 0.65021228 | AC48: =LN(AB48) -> -0.43045639 | AD48: ='[8]fib Model Code 2010'!$L$10 -> 0.14142323 | AE48: =AD48/J48 -> 0.23570538 | AF48: =LN(AE48) -> -1.4451726 | AG48: ='[8]fib Model Code 2020'!$L$10 -> 0.20553704 | AH48: =AG48/J48 -> 0.34256173 | AI48: =LN(AH48) -> -1.0713034 | AJ48: ='[8]Eurocode 2'!$L$10 -> 0.16574997 | AK48: =AJ48/J48 -> 0.27624994 | AL48: =LN(AK48) -> -1.2864492 | AM48: ='[8]NBR 6118'!$Q$10 -> 0.14392393 | AN48: ='[8]NBR 6118'!$R$10 -> 0.37166802 | AO48: ='[8]NBR 6118'!$W$10 -> 0.23987322 | AP48: =LN(AO48) -> -1.4276447 | AQ48: ='[8]Clark (1956)'!$L$10 -> 0.17161395 | AR48: =AQ48/J48 -> 0.28602325 | AS48: =LN(AR48) -> -1.2516822 | AT48: ='[8]Leonhardt (1977)'!$L$10 -> 0.2871668 | AU48: =AT48/J48 -> 0.47861134 | AV48: =LN(AU48) -> -0.73686642 | AW48: ='[8]Desayi; Ganesan (1985)'!$L$10 -> 0.34895498 | AX48: =AW48/J48 -> 0.58159163 | AY48: =LN(AX48) -> -0.54198674 | AZ48: ='[8]Oh; Kang (1987)'!$L$10 -> 0.20479702 | BA48: =AZ48/J48 -> 0.34132837 | BB48: =LN(BA48) -> -1.0749103 | BC48: ='[8]Caldas (1997)'!$L$10 -> 0.1935906 | BD48: =BC48/J48 -> 0.322651 | BE48: =LN(BD48) -> -1.131184 | BF48: 0.31181481 | BG48: =BF48/J48 -> 0.51969135 | BH48: =LN(BG48) -> -0.65452021 | BI48: 0.23435062 | BJ48: =BI48/J48 -> 0.39058437 | BK48: =LN(BJ48) -> -0.94011128 | BL48: 0.32189306 | BM48: =BL48/J48 -> 0.53648844 | BN48: =LN(BM48) -> -0.62271027 | BS48: =IF(AND(B48<=12.7,F48<=45),TRUE,FALSE) -> FALSE | BU48: =IF(AND(B48>12.7,F48<=45),TRUE,FALSE) -> TRUE | BW48: =IF(AND(F48<=45,C48>1),TRUE,FALSE) -> TRUE
A49: Viga 12-20-00 - Caldentey et al (2013) | B49: ='[9]Dados de entrada'!$B$28 -> 12 | C49: ='[9]Dados de entrada'!$B$31 -> 4 | D49: ='[9]Dados de entrada'!$B$32 -> 79.3 | E49: ='[9]Dados de entrada'!$B$27 -> 2.6933292 | F49: ='[9]Dados de entrada'!$B$30 -> 32 | G49: ='[9]Dados de entrada'!$B$22 -> 38 | H49: ='[9]Dados de entrada'!$B$29/('[9]Dados de entrada'!$B$20*2*G49) -> 0.016992481 | I49: ='[9]fib Model Code 2010'!$K$6 -> 300.43296 | J49: ='[9]Dados de entrada'!$C$8 -> 0.36 | AD49: ='[9]fib Model Code 2010'!$L$6 -> 0.26398215 | AE49: =AD49/J49 -> 0.73328376 | AF49: =LN(AE49) -> -0.31022253 | AG49: ='[9]fib Model Code 2020'!$L$6 -> 0.2627182 | AH49: =AG49/J49 -> 0.72977278 | AI49: =LN(AH49) -> -0.31502205 | AJ49: ='[9]Eurocode 2'!$L$6 -> 0.23331597 | AK49: =AJ49/J49 -> 0.64809991 | AL49: =LN(AK49) -> -0.43371041 | AM49: ='[9]NBR 6118'!$Q$6 -> 0.27932606 | AN49: ='[9]NBR 6118'!$R$6 -> 0.22693429 | AO49: ='[9]NBR 6118'!$W$6 -> 0.63037303 | AP49: =LN(AO49) -> -0.46144353 | AQ49: ='[9]Clark (1956)'!$L$6 -> 0.19901622 | AR49: =AQ49/J49 -> 0.55282282 | AS49: =LN(AR49) -> -0.59271773 | AT49: ='[9]Leonhardt (1977)'!$L$6 -> 0.34838264 | AU49: =AT49/J49 -> 0.96772954 | AV49: =LN(AU49) -> -0.032802627 | AW49: ='[9]Desayi; Ganesan (1985)'!$L$6 -> 0.24008938 | AX49: =AW49/J49 -> 0.66691494 | AY49: =LN(AX49) -> -0.40509277 | AZ49: ='[9]Oh; Kang (1987)'!$L$6 -> 0.15276892 | BA49: =AZ49/J49 -> 0.42435811 | BB49: =LN(BA49) -> -0.85717758 | BC49: ='[9]Caldas (1997)'!$L$6 -> 0.25002483 | BD49: =BC49/J49 -> 0.69451341 | BE49: =LN(BD49) -> -0.36454381 | BF49: {='[9]Gergely e Lutz (1968)'!$L$6:$L$10} -> 0.23257512 | BG49: =BF49/J49 -> 0.646042 | BH49: =LN(BG49) -> -0.43689076 | BI49: {=[9]Sugestão!$M$6:$M$10} -> 0.34403441 | BJ49: =BI49/J49 -> 0.95565115 | BK49: =LN(BJ49) -> -0.045362342 | BL49: {='[9]fib Model Code 2020 modificado'!$L$6:$L$10} -> 0.31027906 | BM49: =BL49/J49 -> 0.86188627 | BN49: =LN(BM49) -> -0.14863195 | BS49: =IF(AND(B49<=12.7,F49<=45),TRUE,FALSE) -> TRUE | BU49: =IF(AND(B49>12.7,F49<=45),TRUE,FALSE) -> FALSE | BW49: =IF(AND(F49<=45,C49>1),TRUE,FALSE) -> TRUE
B50: ='[9]Dados de entrada'!$B$28 -> 12 | C50: ='[9]Dados de entrada'!$B$31 -> 4 | D50: ='[9]Dados de entrada'!$B$32 -> 79.3 | E50: ='[9]Dados de entrada'!$B$27 -> 2.6933292 | F50: ='[9]Dados de entrada'!$B$30 -> 32 | G50: ='[9]Dados de entrada'!$B$22 -> 38 | H50: ='[9]Dados de entrada'!$B$29/('[9]Dados de entrada'!$B$20*2*G50) -> 0.016992481 | I50: ='[9]fib Model Code 2010'!$K$7 -> 386.27094 | J50: ='[9]Dados de entrada'!$C$9 -> 0.43 | AD50: ='[9]fib Model Code 2010'!$L$7 -> 0.39669047 | AE50: =AD50/J50 -> 0.92253597 | AF50: =LN(AE50) -> -0.08062891 | AG50: ='[9]fib Model Code 2020'!$L$7 -> 0.39776006 | AH50: =AG50/J50 -> 0.9250234 | AI50: =LN(AH50) -> -0.077936246 | AJ50: ='[9]Eurocode 2'!$L$7 -> 0.33210759 | AK50: =AJ50/J50 -> 0.77234323 | AL50: =LN(AK50) -> -0.25832623 | AM50: ='[9]NBR 6118'!$Q$7 -> 0.35913351 | AN50: ='[9]NBR 6118'!$R$7 -> 0.37513627 | AO50: ='[9]NBR 6118'!$W$7 -> 0.8351942 | AP50: =LN(AO50) -> -0.18009101 | AQ50: ='[9]Clark (1956)'!$L$7 -> 0.29782409 | AR50: =AQ50/J50 -> 0.69261417 | AS50: =LN(AR50) -> -0.36728218 | AT50: ='[9]Leonhardt (1977)'!$L$7 -> 0.5232085 | AU50: =AT50/J50 -> 1.2167639 | AV50: =LN(AU50) -> 0.19619483 | AW50: ='[9]Desayi; Ganesan (1985)'!$L$7 -> 0.30868634 | AX50: =AW50/J50 -> 0.71787522 | AY50: =LN(AX50) -> -0.33145951 | AZ50: ='[9]Oh; Kang (1987)'!$L$7 -> 0.20312114 | BA50: =AZ50/J50 -> 0.47237473 | BB50: =LN(BA50) -> -0.74998268 | BC50: ='[9]Caldas (1997)'!$L$7 -> 0.33594505 | BD50: =BC50/J50 -> 0.78126757 | BE50: =LN(BD50) -> -0.24683759 | BF50: 0.29902516 | BG50: =BF50/J50 -> 0.69540734 | BH50: =LN(BG50) -> -0.3632575 | BI50: 0.54229582 | BJ50: =BI50/J50 -> 1.2611531 | BK50: =LN(BJ50) -> 0.23202644 | BL50: 0.46590306 | BM50: =BL50/J50 -> 1.0834955 | BN50: =LN(BM50) -> 0.080192374 | BS50: =IF(AND(B50<=12.7,F50<=45),TRUE,FALSE) -> TRUE | BU50: =IF(AND(B50>12.7,F50<=45),TRUE,FALSE) -> FALSE | BW50: =IF(AND(F50<=45,C50>1),TRUE,FALSE) -> TRUE
B51: ='[9]Dados de entrada'!$B$28 -> 12 | C51: ='[9]Dados de entrada'!$B$31 -> 4 | D51: ='[9]Dados de entrada'!$B$32 -> 79.3 | E51: ='[9]Dados de entrada'!$B$27 -> 2.6933292 | F51: ='[9]Dados de entrada'!$B$30 -> 32 | G51: ='[9]Dados de entrada'!$B$22 -> 38 | H51: ='[9]Dados de entrada'!$B$29/('[9]Dados de entrada'!$B$20*2*G51) -> 0.016992481 | I51: ='[9]fib Model Code 2010'!$K$8 -> 500 | J51: ='[9]Dados de entrada'!$C$10 -> 0.56 | AD51: ='[9]fib Model Code 2010'!$L$8 -> 0.57251928 | AE51: =AD51/J51 -> 1.0223559 | AF51: =LN(AE51) -> 0.022109626 | AG51: ='[9]fib Model Code 2020'!$L$8 -> 0.57668065 | AH51: =AG51/J51 -> 1.0297869 | AI51: =LN(AH51) -> 0.029351866 | AJ51: ='[9]Eurocode 2'!$L$8 -> 0.47931073 | AK51: =AJ51/J51 -> 0.85591202 | AL51: =LN(AK51) -> -0.15558769 | AM51: ='[9]NBR 6118'!$Q$8 -> 0.45193572 | AN51: ='[9]NBR 6118'!$R$8 -> 0.59406032 | AO51: ='[9]NBR 6118'!$W$8 -> 0.80702807 | AP51: =LN(AO51) -> -0.21439683 | AQ51: ='[9]Clark (1956)'!$L$8 -> 0.42873731 | AR51: =AQ51/J51 -> 0.76560234 | AS51: =LN(AR51) -> -0.26709238 | AT51: ='[9]Leonhardt (1977)'!$L$8 -> 0.73742133 | AU51: =AT51/J51 -> 1.3168238 | AV51: =LN(AU51) -> 0.27522263 | AW51: ='[9]Desayi; Ganesan (1985)'!$L$8 -> 0.39957231 | AX51: =AW51/J51 -> 0.71352198 | AY51: =LN(AX51) -> -0.33754204 | AZ51: ='[9]Oh; Kang (1987)'!$L$8 -> 0.26983414 | BA51: =AZ51/J51 -> 0.48184668 | BB51: =LN(BA51) -> -0.73012931 | BC51: ='[9]Caldas (1997)'!$L$8 -> 0.44978307 | BD51: =BC51/J51 -> 0.80318405 | BE51: =LN(BD51) -> -0.21917138 | BF51: 0.38706659 | BG51: =BF51/J51 -> 0.69119034 | BH51: =LN(BG51) -> -0.36934003 | BI51: 0.78660896 | BJ51: =BI51/J51 -> 1.4046589 | BK51: =LN(BJ51) -> 0.33979447 | BL51: 0.67688058 | BM51: =BL51/J51 -> 1.2087153 | BN51: =LN(BM51) -> 0.18955807 | BS51: =IF(AND(B51<=12.7,F51<=45),TRUE,FALSE) -> TRUE | BU51: =IF(AND(B51>12.7,F51<=45),TRUE,FALSE) -> FALSE | BW51: =IF(AND(F51<=45,C51>1),TRUE,FALSE) -> TRUE
B52: ='[9]Dados de entrada'!$B$28 -> 12 | C52: ='[9]Dados de entrada'!$B$31 -> 4 | D52: ='[9]Dados de entrada'!$B$32 -> 79.3 | E52: ='[9]Dados de entrada'!$B$27 -> 2.6933292 | F52: ='[9]Dados de entrada'!$B$30 -> 32 | G52: ='[9]Dados de entrada'!$B$22 -> 38 | H52: ='[9]Dados de entrada'!$B$29/('[9]Dados de entrada'!$B$20*2*G52) -> 0.016992481 | I52: ='[9]fib Model Code 2010'!$K$9 -> 500 | J52: ='[9]Dados de entrada'!$C$11 -> 0.71 | AD52: ='[9]fib Model Code 2010'!$L$9 -> 0.57251928 | AE52: =AD52/J52 -> 0.80636518 | AF52: =LN(AE52) -> -0.21521856 | AG52: ='[9]fib Model Code 2020'!$L$9 -> 0.57668065 | AH52: =AG52/J52 -> 0.81222627 | AI52: =LN(AH52) -> -0.20797632 | AJ52: ='[9]Eurocode 2'!$L$9 -> 0.47931073 | AK52: =AJ52/J52 -> 0.67508554 | AL52: =LN(AK52) -> -0.39291588 | AM52: ='[9]NBR 6118'!$Q$9 -> 0.45193572 | AN52: ='[9]NBR 6118'!$R$9 -> 0.59406032 | AO52: ='[9]NBR 6118'!$W$9 -> 0.63652918 | AP52: =LN(AO52) -> -0.45172502 | AQ52: ='[9]Clark (1956)'!$L$9 -> 0.42873731 | AR52: =AQ52/J52 -> 0.60385537 | AS52: =LN(AR52) -> -0.50442057 | AT52: ='[9]Leonhardt (1977)'!$L$9 -> 0.73742133 | AU52: =AT52/J52 -> 1.0386216 | AV52: =LN(AU52) -> 0.037894444 | AW52: ='[9]Desayi; Ganesan (1985)'!$L$9 -> 0.39957231 | AX52: =AW52/J52 -> 0.5627779 | AY52: =LN(AX52) -> -0.57487023 | AZ52: ='[9]Oh; Kang (1987)'!$L$9 -> 0.26983414 | BA52: =AZ52/J52 -> 0.38004808 | BB52: =LN(BA52) -> -0.9674575 | BC52: ='[9]Caldas (1997)'!$L$9 -> 0.44978307 | BD52: =BC52/J52 -> 0.63349728 | BE52: =LN(BD52) -> -0.45649957 | BF52: 0.38706659 | BG52: =BF52/J52 -> 0.54516422 | BH52: =LN(BG52) -> -0.60666822 | BI52: 0.78660896 | BJ52: =BI52/J52 -> 1.1078999 | BK52: =LN(BJ52) -> 0.10246629 | BL52: 0.67688058 | BM52: =BL52/J52 -> 0.95335292 | BN52: =LN(BM52) -> -0.047770116 | BS52: =IF(AND(B52<=12.7,F52<=45),TRUE,FALSE) -> TRUE | BU52: =IF(AND(B52>12.7,F52<=45),TRUE,FALSE) -> FALSE | BW52: =IF(AND(F52<=45,C52>1),TRUE,FALSE) -> TRUE
B53: ='[9]Dados de entrada'!$B$28 -> 12 | C53: ='[9]Dados de entrada'!$B$31 -> 4 | D53: ='[9]Dados de entrada'!$B$32 -> 79.3 | E53: ='[9]Dados de entrada'!$B$27 -> 2.6933292 | F53: ='[9]Dados de entrada'!$B$30 -> 32 | G53: ='[9]Dados de entrada'!$B$22 -> 38 | H53: ='[9]Dados de entrada'!$B$29/('[9]Dados de entrada'!$B$20*2*G53) -> 0.016992481 | I53: ='[9]fib Model Code 2010'!$K$10 -> 500 | J53: ='[9]Dados de entrada'!$C$12 -> 0.79 | AD53: ='[9]fib Model Code 2010'!$L$10 -> 0.57251928 | AE53: =AD53/J53 -> 0.72470795 | AF53: =LN(AE53) -> -0.32198654 | AG53: ='[9]fib Model Code 2020'!$L$10 -> 0.57668065 | AH53: =AG53/J53 -> 0.72997551 | AI53: =LN(AH53) -> -0.3147443 | AJ53: ='[9]Eurocode 2'!$L$10 -> 0.47931073 | AK53: =AJ53/J53 -> 0.60672244 | AL53: =LN(AK53) -> -0.49968385 | AM53: ='[9]NBR 6118'!$Q$10 -> 0.45193572 | AN53: ='[9]NBR 6118'!$R$10 -> 0.59406032 | AO53: ='[9]NBR 6118'!$W$10 -> 0.57207053 | AP53: =LN(AO53) -> -0.55849299 | AQ53: ='[9]Clark (1956)'!$L$10 -> 0.42873731 | AR53: =AQ53/J53 -> 0.54270546 | AS53: =LN(AR53) -> -0.61118855 | AT53: ='[9]Leonhardt (1977)'!$L$10 -> 0.73742133 | AU53: =AT53/J53 -> 0.93344472 | AV53: =LN(AU53) -> -0.068873532 | AW53: ='[9]Desayi; Ganesan (1985)'!$L$10 -> 0.39957231 | AX53: =AW53/J53 -> 0.50578773 | AY53: =LN(AX53) -> -0.6816382 | AZ53: ='[9]Oh; Kang (1987)'!$L$10 -> 0.26983414 | BA53: =AZ53/J53 -> 0.3415622 | BB53: =LN(BA53) -> -1.0742255 | BC53: ='[9]Caldas (1997)'!$L$10 -> 0.44978307 | BD53: =BC53/J53 -> 0.56934566 | BE53: =LN(BD53) -> -0.56326755 | BF53: 0.38706659 | BG53: =BF53/J53 -> 0.48995771 | BH53: =LN(BG53) -> -0.71343619 | BI53: 0.78660896 | BJ53: =BI53/J53 -> 0.99570755 | BK53: =LN(BJ53) -> -0.0043016894 | BL53: 0.67688058 | BM53: =BL53/J53 -> 0.85681085 | BN53: =LN(BM53) -> -0.15453809 | BS53: =IF(AND(B53<=12.7,F53<=45),TRUE,FALSE) -> TRUE | BU53: =IF(AND(B53>12.7,F53<=45),TRUE,FALSE) -> FALSE | BW53: =IF(AND(F53<=45,C53>1),TRUE,FALSE) -> TRUE
A54: Viga 25-20-00 - Caldentey et al (2013) | B54: ='[10]Dados de entrada'!$B$28 -> 25 | C54: ='[10]Dados de entrada'!$B$31 -> 4 | D54: ='[10]Dados de entrada'!$B$32 -> 62 | E54: ='[10]Dados de entrada'!$B$27 -> 2.6933292 | F54: ='[10]Dados de entrada'!$B$30 -> 32 | G54: ='[10]Dados de entrada'!$B$22 -> 44.5 | H54: ='[10]Dados de entrada'!$B$29/('[10]Dados de entrada'!$B$20*2*G54) -> 0.063049759 | I54: ='[10]fib Model Code 2010'!$K$5 -> 85.210124 | J54: ='[10]Dados de entrada'!$C$7 -> 0.15 | AD54: ='[10]fib Model Code 2010'!$L$5 -> 0.04283042 | AE54: =AD54/J54 -> 0.28553613 | AF54: =LN(AE54) -> -1.2533867 | AG54: ='[10]fib Model Code 2020'!$L$5 -> 0.041078709 | AH54: =AG54/J54 -> 0.27385806 | AI54: =LN(AH54) -> -1.2951453 | AJ54: ='[10]Eurocode 2'!$L$5 -> 0.047759122 | AK54: =AJ54/J54 -> 0.31839415 | AL54: =LN(AK54) -> -1.1444652 | AM54: ='[10]NBR 6118'!$Q$5 -> 0.083899401 | AN54: ='[10]NBR 6118'!$R$5 -> 0.039488243 | AO54: ='[10]NBR 6118'!$W$5 -> 0.26325496 | AP54: =LN(AO54) -> -1.3346323 | AQ54: ='[10]Clark (1956)'!$L$5 -> 0.034841196 | AR54: =AQ54/J54 -> 0.23227464 | AS54: =LN(AR54) -> -1.4598348 | AT54: ='[10]Leonhardt (1977)'!$L$5 -> 0.033217083 | AU54: =AT54/J54 -> 0.22144722 | AV54: =LN(AU54) -> -1.507571 | AW54: ='[10]Desayi; Ganesan (1985)'!$L$5 -> 0.063652882 | AX54: =AW54/J54 -> 0.42435254 | AY54: =LN(AX54) -> -0.8571907 | AZ54: ='[10]Oh; Kang (1987)'!$L$5 -> 0.034441476 | BA54: =AZ54/J54 -> 0.22960984 | BB54: =LN(BA54) -> -1.4713738 | BC54: ='[10]Caldas (1997)'!$L$5 -> 0.06758138 | BD54: =BC54/J54 -> 0.45054253 | BE54: =LN(BD54) -> -0.79730279 | BF54: {='[10]Gergely e Lutz (1968)'!$L$5:$L$11} -> 0.076910475 | BG54: =BF54/J54 -> 0.5127365 | BH54: =LN(BG54) -> -0.66799321 | BI54: {=[10]Sugestão!$M$5:$M$11} -> 0.041078709 | BJ54: =BI54/J54 -> 0.27385806 | BK54: =LN(BJ54) -> -1.2951453 | BL54: {='[10]fib Model Code 2020 modificado'!$L$5:$L$11} -> 0.070068155 | BM54: =BL54/J54 -> 0.46712103 | BN54: =LN(BM54) -> -0.76116689 | BS54: =IF(AND(B54<=12.7,F54<=45),TRUE,FALSE) -> FALSE | BU54: =IF(AND(B54>12.7,F54<=45),TRUE,FALSE) -> TRUE | BW54: =IF(AND(F54<=45,C54>1),TRUE,FALSE) -> TRUE
B55: ='[10]Dados de entrada'!$B$28 -> 25 | C55: ='[10]Dados de entrada'!$B$31 -> 4 | D55: ='[10]Dados de entrada'!$B$32 -> 62 | E55: ='[10]Dados de entrada'!$B$27 -> 2.6933292 | F55: ='[10]Dados de entrada'!$B$30 -> 32 | G55: ='[10]Dados de entrada'!$B$22 -> 44.5 | H55: ='[10]Dados de entrada'!$B$29/('[10]Dados de entrada'!$B$20*2*G55) -> 0.063049759 | I55: ='[10]fib Model Code 2010'!$K$6 -> 106.51266 | J55: ='[10]Dados de entrada'!$C$8 -> 0.2 | AD55: ='[10]fib Model Code 2010'!$L$6 -> 0.063227389 | AE55: =AD55/J55 -> 0.31613694 | AF55: =LN(AE55) -> -1.1515798 | AG55: ='[10]fib Model Code 2020'!$L$6 -> 0.06128577 | AH55: =AG55/J55 -> 0.30642885 | AI55: =LN(AH55) -> -1.1827697 | AJ55: ='[10]Eurocode 2'!$L$6 -> 0.061685729 | AK55: =AJ55/J55 -> 0.30842865 | AL55: =LN(AK55) -> -1.1762648 | AM55: ='[10]NBR 6118'!$Q$6 -> 0.10487425 | AN55: ='[10]NBR 6118'!$R$6 -> 0.06170038 | AO55: ='[10]NBR 6118'!$W$6 -> 0.3085019 | AP55: =LN(AO55) -> -1.1760273 | AQ55: ='[10]Clark (1956)'!$L$6 -> 0.04860934 | AR55: =AQ55/J55 -> 0.2430467 | AS55: =LN(AR55) -> -1.4145017 | AT55: ='[10]Leonhardt (1977)'!$L$6 -> 0.083108795 | AU55: =AT55/J55 -> 0.41554398 | AV55: =LN(AU55) -> -0.87816683 | AW55: ='[10]Desayi; Ganesan (1985)'!$L$6 -> 0.079566102 | AX55: =AW55/J55 -> 0.39783051 | AY55: =LN(AX55) -> -0.92172922 | AZ55: ='[10]Oh; Kang (1987)'!$L$6 -> 0.050669934 | BA55: =AZ55/J55 -> 0.25334967 | BB55: =LN(BA55) -> -1.3729846 | BC55: ='[10]Caldas (1997)'!$L$6 -> 0.090550252 | BD55: =BC55/J55 -> 0.45275126 | BE55: =LN(BD55) -> -0.7924124 | BF55: 0.096138094 | BG55: =BF55/J55 -> 0.48069047 | BH55: =LN(BG55) -> -0.73253173 | BI55: 0.06128577 | BJ55: =BI55/J55 -> 0.30642885 | BK55: =LN(BJ55) -> -1.1827697 | BL55: 0.099804834 | BM55: =BL55/J55 -> 0.49902417 | BN55: =LN(BM55) -> -0.69510074 | BS55: =IF(AND(B55<=12.7,F55<=45),TRUE,FALSE) -> FALSE | BU55: =IF(AND(B55>12.7,F55<=45),TRUE,FALSE) -> TRUE | BW55: =IF(AND(F55<=45,C55>1),TRUE,FALSE) -> TRUE
B56: ='[10]Dados de entrada'!$B$28 -> 25 | C56: ='[10]Dados de entrada'!$B$31 -> 4 | D56: ='[10]Dados de entrada'!$B$32 -> 62 | E56: ='[10]Dados de entrada'!$B$27 -> 2.6933292 | F56: ='[10]Dados de entrada'!$B$30 -> 32 | G56: ='[10]Dados de entrada'!$B$22 -> 44.5 | H56: ='[10]Dados de entrada'!$B$29/('[10]Dados de entrada'!$B$20*2*G56) -> 0.063049759 | I56: ='[10]fib Model Code 2010'!$K$7 -> 191.72278 | J56: ='[10]Dados de entrada'!$C$9 -> 0.25 | AD56: ='[10]fib Model Code 2010'!$L$7 -> 0.14481526 | AE56: =AD56/J56 -> 0.57926106 | AF56: =LN(AE56) -> -0.54600203 | AG56: ='[10]fib Model Code 2020'!$L$7 -> 0.16398254 | AH56: =AG56/J56 -> 0.65593017 | AI56: =LN(AH56) -> -0.42170094 | AJ56: ='[10]Eurocode 2'!$L$7 -> 0.14128427 | AK56: =AJ56/J56 -> 0.56513706 | AL56: =LN(AK56) -> -0.57068699 | AM56: ='[10]NBR 6118'!$Q$7 -> 0.18877365 | AN56: ='[10]NBR 6118'!$R$7 -> 0.19990923 | AO56: ='[10]NBR 6118'!$W$7 -> 0.75509461 | AP56: =LN(AO56) -> -0.28091223 | AQ56: ='[10]Clark (1956)'!$L$7 -> 0.10368191 | AR56: =AQ56/J56 -> 0.41472766 | AS56: =LN(AR56) -> -0.88013322 | AT56: ='[10]Leonhardt (1977)'!$L$7 -> 0.24160163 | AU56: =AT56/J56 -> 0.96640651 | AV56: =LN(AU56) -> -0.034170716 | AW56: ='[10]Desayi; Ganesan (1985)'!$L$7 -> 0.14321898 | AX56: =AW56/J56 -> 0.57287593 | AY56: =LN(AX56) -> -0.55708611 | AZ56: ='[10]Oh; Kang (1987)'!$L$7 -> 0.11558377 | BA56: =AZ56/J56 -> 0.46233507 | BB56: =LN(BA56) -> -0.77146539 | BC56: ='[10]Caldas (1997)'!$L$7 -> 0.18242574 | BD56: =BC56/J56 -> 0.72970296 | BE56: =LN(BD56) -> -0.31511773 | BF56: 0.17304857 | BG56: =BF56/J56 -> 0.69219427 | BH56: =LN(BG56) -> -0.36788862 | BI56: 0.16438242 | BJ56: =BI56/J56 -> 0.65752968 | BK56: =LN(BJ56) -> -0.41926537 | BL56: 0.24974911 | BM56: =BL56/J56 -> 0.99899644 | BN56: =LN(BM56) -> -0.0010040631 | BS56: =IF(AND(B56<=12.7,F56<=45),TRUE,FALSE) -> FALSE | BU56: =IF(AND(B56>12.7,F56<=45),TRUE,FALSE) -> TRUE | BW56: =IF(AND(F56<=45,C56>1),TRUE,FALSE) -> TRUE
B57: ='[10]Dados de entrada'!$B$28 -> 25 | C57: ='[10]Dados de entrada'!$B$31 -> 4 | D57: ='[10]Dados de entrada'!$B$32 -> 62 | E57: ='[10]Dados de entrada'!$B$27 -> 2.6933292 | F57: ='[10]Dados de entrada'!$B$30 -> 32 | G57: ='[10]Dados de entrada'!$B$22 -> 44.5 | H57: ='[10]Dados de entrada'!$B$29/('[10]Dados de entrada'!$B$20*2*G57) -> 0.063049759 | I57: ='[10]fib Model Code 2010'!$K$8 -> 276.9329 | J57: ='[10]Dados de entrada'!$C$10 -> 0.36 | AD57: ='[10]fib Model Code 2010'!$L$8 -> 0.22640314 | AE57: =AD57/J57 -> 0.62889761 | AF57: =LN(AE57) -> -0.46378682 | AG57: ='[10]fib Model Code 2020'!$L$8 -> 0.26667931 | AH57: =AG57/J57 -> 0.74077587 | AI57: =LN(AH57) -> -0.30005716 | AJ57: ='[10]Eurocode 2'!$L$8 -> 0.2208828 | AK57: =AJ57/J57 -> 0.61356334 | AL57: =LN(AK57) -> -0.48847177 | AM57: ='[10]NBR 6118'!$Q$8 -> 0.27267305 | AN57: ='[10]NBR 6118'!$R$8 -> 0.41709457 | AO57: ='[10]NBR 6118'!$W$8 -> 0.75742515 | AP57: =LN(AO57) -> -0.27783056 | AQ57: ='[10]Clark (1956)'!$L$8 -> 0.15875449 | AR57: =AQ57/J57 -> 0.44098469 | AS57: =LN(AR57) -> -0.81874512 | AT57: ='[10]Leonhardt (1977)'!$L$8 -> 0.37987341 | AU57: =AT57/J57 -> 1.0552039 | AV57: =LN(AU57) -> 0.053734023 | AW57: ='[10]Desayi; Ganesan (1985)'!$L$8 -> 0.20687186 | AX57: =AW57/J57 -> 0.57464407 | AY57: =LN(AX57) -> -0.55400444 | AZ57: ='[10]Oh; Kang (1987)'!$L$8 -> 0.1804976 | BA57: =AZ57/J57 -> 0.50138222 | BB57: =LN(BA57) -> -0.69038655 | BC57: ='[10]Caldas (1997)'!$L$8 -> 0.27430123 | BD57: =BC57/J57 -> 0.76194786 | BE57: =LN(BD57) -> -0.27187716 | BF57: 0.24995904 | BG57: =BF57/J57 -> 0.69433068 | BH57: =LN(BG57) -> -0.36480695 | BI57: 0.28713401 | BJ57: =BI57/J57 -> 0.79759448 | BK57: =LN(BJ57) -> -0.22615499 | BL57: 0.41429983 | BM57: =BL57/J57 -> 1.1508329 | BN57: =LN(BM57) -> 0.14048591 | BS57: =IF(AND(B57<=12.7,F57<=45),TRUE,FALSE) -> FALSE | BU57: =IF(AND(B57>12.7,F57<=45),TRUE,FALSE) -> TRUE | BW57: =IF(AND(F57<=45,C57>1),TRUE,FALSE) -> TRUE
B58: ='[10]Dados de entrada'!$B$28 -> 25 | C58: ='[10]Dados de entrada'!$B$31 -> 4 | D58: ='[10]Dados de entrada'!$B$32 -> 62 | E58: ='[10]Dados de entrada'!$B$27 -> 2.6933292 | F58: ='[10]Dados de entrada'!$B$30 -> 32 | G58: ='[10]Dados de entrada'!$B$22 -> 44.5 | H58: ='[10]Dados de entrada'!$B$29/('[10]Dados de entrada'!$B$20*2*G58) -> 0.063049759 | I58: ='[10]fib Model Code 2010'!$K$9 -> 362.14303 | J58: ='[10]Dados de entrada'!$C$11 -> 0.47 | AD58: ='[10]fib Model Code 2010'!$L$9 -> 0.30799102 | AE58: =AD58/J58 -> 0.65530003 | AF58: =LN(AE58) -> -0.42266208 | AG58: ='[10]fib Model Code 2020'!$L$9 -> 0.36937609 | AH58: =AG58/J58 -> 0.78590657 | AI58: =LN(AH58) -> -0.24091736 | AJ58: ='[10]Eurocode 2'!$L$9 -> 0.30048134 | AK58: =AJ58/J58 -> 0.639322 | AL58: =LN(AK58) -> -0.44734704 | AM58: ='[10]NBR 6118'!$Q$9 -> 0.35657245 | AN58: ='[10]NBR 6118'!$R$9 -> 0.71325639 | AO58: ='[10]NBR 6118'!$W$9 -> 0.75866479 | AP58: =LN(AO58) -> -0.27619524 | AQ58: ='[10]Clark (1956)'!$L$9 -> 0.21382706 | AR58: =AQ58/J58 -> 0.4549512 | AS58: =LN(AR58) -> -0.78756512 | AT58: ='[10]Leonhardt (1977)'!$L$9 -> 0.51219781 | AU58: =AT58/J58 -> 1.0897826 | AV58: =LN(AU58) -> 0.085978213 | AW58: ='[10]Desayi; Ganesan (1985)'!$L$9 -> 0.27052475 | AX58: =AW58/J58 -> 0.57558457 | AY58: =LN(AX58) -> -0.55236912 | AZ58: ='[10]Oh; Kang (1987)'!$L$9 -> 0.24541143 | BA58: =AZ58/J58 -> 0.52215199 | BB58: =LN(BA58) -> -0.64979657 | BC58: ='[10]Caldas (1997)'!$L$9 -> 0.36617672 | BD58: =BC58/J58 -> 0.7790994 | BE58: =LN(BD58) -> -0.24961665 | BF58: 0.32686952 | BG58: =BF58/J58 -> 0.69546706 | BH58: =LN(BG58) -> -0.36317163 | BI58: 0.4098856 | BJ58: =BI58/J58 -> 0.87209703 | BK58: =LN(BJ58) -> -0.13685459 | BL58: 0.593457 | BM58: =BL58/J58 -> 1.2626745 | BN58: =LN(BM58) -> 0.23323207 | BS58: =IF(AND(B58<=12.7,F58<=45),TRUE,FALSE) -> FALSE | BU58: =IF(AND(B58>12.7,F58<=45),TRUE,FALSE) -> TRUE | BW58: =IF(AND(F58<=45,C58>1),TRUE,FALSE) -> TRUE
B59: ='[10]Dados de entrada'!$B$28 -> 25 | C59: ='[10]Dados de entrada'!$B$31 -> 4 | D59: ='[10]Dados de entrada'!$B$32 -> 62 | E59: ='[10]Dados de entrada'!$B$27 -> 2.6933292 | F59: ='[10]Dados de entrada'!$B$30 -> 32 | G59: ='[10]Dados de entrada'!$B$22 -> 44.5 | H59: ='[10]Dados de entrada'!$B$29/('[10]Dados de entrada'!$B$20*2*G59) -> 0.063049759 | I59: ='[10]fib Model Code 2010'!$K$10 -> 426.05062 | J59: ='[10]Dados de entrada'!$C$12 -> 0.57 | AD59: ='[10]fib Model Code 2010'!$L$10 -> 0.36918192 | AE59: =AD59/J59 -> 0.64768758 | AF59: =LN(AE59) -> -0.43434682 | AG59: ='[10]fib Model Code 2020'!$L$10 -> 0.44639867 | AH59: =AG59/J59 -> 0.78315555 | AI59: =LN(AH59) -> -0.24442394 | AJ59: ='[10]Eurocode 2'!$L$10 -> 0.36018024 | AK59: =AJ59/J59 -> 0.63189516 | AL59: =LN(AK59) -> -0.45903178 | AM59: ='[10]NBR 6118'!$Q$10 -> 0.419497 | AN59: ='[10]NBR 6118'!$R$10 -> 0.98720608 | AO59: ='[10]NBR 6118'!$W$10 -> 0.73595966 | AP59: =LN(AO59) -> -0.30657998 | AQ59: ='[10]Clark (1956)'!$L$10 -> 0.25513149 | AR59: =AQ59/J59 -> 0.44759911 | AS59: =LN(AR59) -> -0.80385728 | AT59: ='[10]Leonhardt (1977)'!$L$10 -> 0.60968479 | AU59: =AT59/J59 -> 1.0696224 | AV59: =LN(AU59) -> 0.067305724 | AW59: ='[10]Desayi; Ganesan (1985)'!$L$10 -> 0.31826441 | AX59: =AW59/J59 -> 0.55835861 | AY59: =LN(AX59) -> -0.58275385 | AZ59: ='[10]Oh; Kang (1987)'!$L$10 -> 0.29409681 | BA59: =AZ59/J59 -> 0.51595931 | BB59: =LN(BA59) -> -0.66172737 | BC59: ='[10]Caldas (1997)'!$L$10 -> 0.43508333 | BD59: =BC59/J59 -> 0.76330409 | BE59: =LN(BD59) -> -0.27009878 | BF59: 0.38455237 | BG59: =BF59/J59 -> 0.67465329 | BH59: =LN(BG59) -> -0.39355637 | BI59: 0.5019493 | BJ59: =BI59/J59 -> 0.8806128 | BK59: =LN(BJ59) -> -0.12713725 | BL59: 0.73741036 | BM59: =BL59/J59 -> 1.2937024 | BN59: =LN(BM59) -> 0.25750817 | BS59: =IF(AND(B59<=12.7,F59<=45),TRUE,FALSE) -> FALSE | BU59: =IF(AND(B59>12.7,F59<=45),TRUE,FALSE) -> TRUE | BW59: =IF(AND(F59<=45,C59>1),TRUE,FALSE) -> TRUE
B60: ='[10]Dados de entrada'!$B$28 -> 25 | C60: ='[10]Dados de entrada'!$B$31 -> 4 | D60: ='[10]Dados de entrada'!$B$32 -> 62 | E60: ='[10]Dados de entrada'!$B$27 -> 2.6933292 | F60: ='[10]Dados de entrada'!$B$30 -> 32 | G60: ='[10]Dados de entrada'!$B$22 -> 44.5 | H60: ='[10]Dados de entrada'!$B$29/('[10]Dados de entrada'!$B$20*2*G60) -> 0.063049759 | I60: ='[10]fib Model Code 2010'!$K$11 -> 500 | J60: ='[10]Dados de entrada'!$C$13 -> 0.78 | AD60: ='[10]fib Model Code 2010'!$L$11 -> 0.43998774 | AE60: =AD60/J60 -> 0.56408685 | AF60: =LN(AE60) -> -0.57254705 | AG60: ='[10]fib Model Code 2020'!$L$11 -> 0.53552379 | AH60: =AG60/J60 -> 0.68656896 | AI60: =LN(AH60) -> -0.37604861 | AJ60: ='[10]Eurocode 2'!$L$11 -> 0.42925962 | AK60: =AJ60/J60 -> 0.55033285 | AL60: =LN(AK60) -> -0.59723201 | AM60: ='[10]NBR 6118'!$Q$11 -> 0.46969897 | AN60: ='[10]NBR 6118'!$R$11 -> 1.2376257 | AO60: ='[10]NBR 6118'!$W$11 -> 0.60217816 | AP60: =LN(AO60) -> -0.50720193 | AQ60: ='[10]Clark (1956)'!$L$11 -> 0.30292608 | AR60: =AQ60/J60 -> 0.38836677 | AS60: =LN(AR60) -> -0.9458051 | AT60: ='[10]Leonhardt (1977)'!$L$11 -> 0.72144925 | AU60: =AT60/J60 -> 0.92493494 | AV60: =LN(AU60) -> -0.078031884 | AW60: ='[10]Desayi; Ganesan (1985)'!$L$11 -> 0.37350539 | AX60: =AW60/J60 -> 0.47885307 | AY60: =LN(AX60) -> -0.73636148 | AZ60: ='[10]Oh; Kang (1987)'!$L$11 -> 0.35043211 | BA60: =AZ60/J60 -> 0.44927193 | BB60: =LN(BA60) -> -0.80012694 | BC60: ='[10]Caldas (1997)'!$L$11 -> 0.51481723 | BD60: =BC60/J60 -> 0.66002209 | BE60: =LN(BD60) -> -0.41548197 | BF60: 0.45129892 | BG60: =BF60/J60 -> 0.57858837 | BH60: =LN(BG60) -> -0.547164 | BI60: 0.60260898 | BJ60: =BI60/J60 -> 0.77257562 | BK60: =LN(BJ60) -> -0.25802539 | BL60: 0.91423712 | BM60: =BL60/J60 -> 1.1720989 | BN60: =LN(BM60) -> 0.15879605 | BS60: =IF(AND(B60<=12.7,F60<=45),TRUE,FALSE) -> FALSE | BU60: =IF(AND(B60>12.7,F60<=45),TRUE,FALSE) -> TRUE | BW60: =IF(AND(F60<=45,C60>1),TRUE,FALSE) -> TRUE
A61: Viga 12-20-10 - Caldentey et al (2013) | B61: ='[11]Dados de entrada'!$B$28 -> 12 | C61: ='[11]Dados de entrada'!$B$31 -> 4 | D61: ='[11]Dados de entrada'!$B$32 -> 79.3 | E61: ='[11]Dados de entrada'!$B$27 -> 2.6933292 | F61: ='[11]Dados de entrada'!$B$30 -> 32 | G61: ='[11]Dados de entrada'!$B$22 -> 38 | H61: ='[11]Dados de entrada'!$B$29/('[11]Dados de entrada'!$B$20*2*G61) -> 0.016992481 | I61: ='[11]fib Model Code 2010'!$K$5 -> 214.59497 | J61: ='[11]Dados de entrada'!$C$7 -> 0.21 | AD61: ='[11]fib Model Code 2010'!$L$5 -> 0.13127384 | AE61: =AD61/J61 -> 0.62511352 | AF61: =LN(AE61) -> -0.46982201 | AG61: ='[11]fib Model Code 2020'!$L$5 -> 0.13504186 | AH61: =AG61/J61 -> 0.64305648 | AI61: =LN(AH61) -> -0.44152272 | AJ61: ='[11]Eurocode 2'!$L$5 -> 0.16665426 | AK61: =AJ61/J61 -> 0.79359173 | AL61: =LN(AK61) -> -0.23118615 | AM61: ='[11]NBR 6118'!$Q$5 -> 0.19951861 | AN61: ='[11]NBR 6118'!$R$5 -> 0.1157828 | AO61: ='[11]NBR 6118'!$W$5 -> 0.55134667 | AP61: =LN(AO61) -> -0.5953915 | AQ61: ='[11]Clark (1956)'!$L$5 -> 0.10020834 | AR61: =AQ61/J61 -> 0.47718255 | AS61: =LN(AR61) -> -0.73985615 | AT61: ='[11]Leonhardt (1977)'!$L$5 -> 0.14720599 | AU61: =AT61/J61 -> 0.7009809 | AV61: =LN(AU61) -> -0.35527464 | AW61: ='[11]Desayi; Ganesan (1985)'!$L$5 -> 0.17149241 | AX61: =AW61/J61 -> 0.81663054 | AY61: =LN(AX61) -> -0.2025685 | AZ61: ='[11]Oh; Kang (1987)'!$L$5 -> 0.1024167 | BA61: =AZ61/J61 -> 0.48769858 | BB61: =LN(BA61) -> -0.71805772 | BC61: ='[11]Caldas (1997)'!$L$5 -> 0.1641046 | BD61: =BC61/J61 -> 0.78145049 | BE61: =LN(BD61) -> -0.24660349 | BF61: {='[11]Gergely e Lutz (1968)'!$L$5:$L$9} -> 0.16612509 | BG61: =BF61/J61 -> 0.79107184 | BH61: =LN(BG61) -> -0.23436649 | BI61: {=[11]Sugestão!$M$5:$M$9} -> 0.15250359 | BJ61: =BI61/J61 -> 0.72620756 | BK61: =LN(BJ61) -> -0.31991941 | BL61: {='[11]fib Model Code 2020 modificado'!$L$5:$L$9} -> 0.16512872 | BM61: =BL61/J61 -> 0.78632725 | BN61: =LN(BM61) -> -0.24038223 | BS61: =IF(AND(B61<=12.7,F61<=45),TRUE,FALSE) -> TRUE | BU61: =IF(AND(B61>12.7,F61<=45),TRUE,FALSE) -> FALSE | BW61: =IF(AND(F61<=45,C61>1),TRUE,FALSE) -> TRUE
B62: ='[11]Dados de entrada'!$B$28 -> 12 | C62: ='[11]Dados de entrada'!$B$31 -> 4 | D62: ='[11]Dados de entrada'!$B$32 -> 79.3 | E62: ='[11]Dados de entrada'!$B$27 -> 2.6933292 | F62: ='[11]Dados de entrada'!$B$30 -> 32 | G62: ='[11]Dados de entrada'!$B$22 -> 38 | H62: ='[11]Dados de entrada'!$B$29/('[11]Dados de entrada'!$B$20*2*G62) -> 0.016992481 | I62: ='[11]fib Model Code 2010'!$K$6 -> 257.51396 | J62: ='[11]Dados de entrada'!$C$8 -> 0.31 | AD62: ='[11]fib Model Code 2010'!$L$6 -> 0.197628 | AE62: =AD62/J62 -> 0.63750967 | AF62: =LN(AE62) -> -0.45018584 | AG62: ='[11]fib Model Code 2020'!$L$6 -> 0.19519727 | AH62: =AG62/J62 -> 0.62966861 | AI62: =LN(AH62) -> -0.46256161 | AJ62: ='[11]Eurocode 2'!$L$6 -> 0.19998512 | AK62: =AJ62/J62 -> 0.64511328 | AL62: =LN(AK62) -> -0.43832936 | AM62: ='[11]NBR 6118'!$Q$6 -> 0.23942234 | AN62: ='[11]NBR 6118'!$R$6 -> 0.16672723 | AO62: ='[11]NBR 6118'!$W$6 -> 0.53782978 | AP62: =LN(AO62) -> -0.62021315 | AQ62: ='[11]Clark (1956)'!$L$6 -> 0.14961228 | AR62: =AQ62/J62 -> 0.48262024 | AS62: =LN(AR62) -> -0.72852518 | AT62: ='[11]Leonhardt (1977)'!$L$6 -> 0.25273509 | AU62: =AT62/J62 -> 0.81527447 | AV62: =LN(AU62) -> -0.20423045 | AW62: ='[11]Desayi; Ganesan (1985)'!$L$6 -> 0.2057909 | AX62: =AW62/J62 -> 0.6638416 | AY62: =LN(AX62) -> -0.40971171 | AZ62: ='[11]Oh; Kang (1987)'!$L$6 -> 0.12759281 | BA62: =AZ62/J62 -> 0.41158971 | BB62: =LN(BA62) -> -0.88772827 | BC62: ='[11]Caldas (1997)'!$L$6 -> 0.20706471 | BD62: =BC62/J62 -> 0.66795069 | BE62: =LN(BD62) -> -0.40354092 | BF62: 0.1993501 | BG62: =BF62/J62 -> 0.64306485 | BH62: =LN(BG62) -> -0.4415097 | BI62: 0.24490371 | BJ62: =BI62/J62 -> 0.79001196 | BK62: =LN(BJ62) -> -0.23570719 | BL62: 0.23363261 | BM62: =BL62/J62 -> 0.75365359 | BN62: =LN(BM62) -> -0.28282245 | BS62: =IF(AND(B62<=12.7,F62<=45),TRUE,FALSE) -> TRUE | BU62: =IF(AND(B62>12.7,F62<=45),TRUE,FALSE) -> FALSE | BW62: =IF(AND(F62<=45,C62>1),TRUE,FALSE) -> TRUE
B63: ='[11]Dados de entrada'!$B$28 -> 12 | C63: ='[11]Dados de entrada'!$B$31 -> 4 | D63: ='[11]Dados de entrada'!$B$32 -> 79.3 | E63: ='[11]Dados de entrada'!$B$27 -> 2.6933292 | F63: ='[11]Dados de entrada'!$B$30 -> 32 | G63: ='[11]Dados de entrada'!$B$22 -> 38 | H63: ='[11]Dados de entrada'!$B$29/('[11]Dados de entrada'!$B$20*2*G63) -> 0.016992481 | I63: ='[11]fib Model Code 2010'!$K$7 -> 300.43296 | J63: ='[11]Dados de entrada'!$C$9 -> 0.38 | AD63: ='[11]fib Model Code 2010'!$L$7 -> 0.26398215 | AE63: =AD63/J63 -> 0.69468988 | AF63: =LN(AE63) -> -0.36428975 | AG63: ='[11]fib Model Code 2020'!$L$7 -> 0.2627182 | AH63: =AG63/J63 -> 0.69136369 | AI63: =LN(AH63) -> -0.36908928 | AJ63: ='[11]Eurocode 2'!$L$7 -> 0.23331597 | AK63: =AJ63/J63 -> 0.61398939 | AL63: =LN(AK63) -> -0.48777763 | AM63: ='[11]NBR 6118'!$Q$7 -> 0.27932606 | AN63: ='[11]NBR 6118'!$R$7 -> 0.22693429 | AO63: ='[11]NBR 6118'!$W$7 -> 0.5971955 | AP63: =LN(AO63) -> -0.51551075 | AQ63: ='[11]Clark (1956)'!$L$7 -> 0.19901622 | AR63: =AQ63/J63 -> 0.52372688 | AS63: =LN(AR63) -> -0.64678495 | AT63: ='[11]Leonhardt (1977)'!$L$7 -> 0.34838264 | AU63: =AT63/J63 -> 0.91679641 | AV63: =LN(AU63) -> -0.086869848 | AW63: ='[11]Desayi; Ganesan (1985)'!$L$7 -> 0.24008938 | AX63: =AW63/J63 -> 0.63181415 | AY63: =LN(AX63) -> -0.45915999 | AZ63: ='[11]Oh; Kang (1987)'!$L$7 -> 0.15276892 | BA63: =AZ63/J63 -> 0.40202347 | BB63: =LN(BA63) -> -0.91124481 | BC63: ='[11]Caldas (1997)'!$L$7 -> 0.25002483 | BD63: =BC63/J63 -> 0.65796007 | BE63: =LN(BD63) -> -0.41861103 | BF63: 0.23257512 | BG63: =BF63/J63 -> 0.61203979 | BH63: =LN(BG63) -> -0.49095798 | BI63: 0.34403441 | BJ63: =BI63/J63 -> 0.90535372 | BK63: =LN(BJ63) -> -0.099429563 | BL63: 0.31027906 | BM63: =BL63/J63 -> 0.81652384 | BN63: =LN(BM63) -> -0.20269917 | BS63: =IF(AND(B63<=12.7,F63<=45),TRUE,FALSE) -> TRUE | BU63: =IF(AND(B63>12.7,F63<=45),TRUE,FALSE) -> FALSE | BW63: =IF(AND(F63<=45,C63>1),TRUE,FALSE) -> TRUE
B64: ='[11]Dados de entrada'!$B$28 -> 12 | C64: ='[11]Dados de entrada'!$B$31 -> 4 | D64: ='[11]Dados de entrada'!$B$32 -> 79.3 | E64: ='[11]Dados de entrada'!$B$27 -> 2.6933292 | F64: ='[11]Dados de entrada'!$B$30 -> 32 | G64: ='[11]Dados de entrada'!$B$22 -> 38 | H64: ='[11]Dados de entrada'!$B$29/('[11]Dados de entrada'!$B$20*2*G64) -> 0.016992481 | I64: ='[11]fib Model Code 2010'!$K$8 -> 386.27094 | J64: ='[11]Dados de entrada'!$C$10 -> 0.52 | AD64: ='[11]fib Model Code 2010'!$L$8 -> 0.39669047 | AE64: =AD64/J64 -> 0.76286628 | AF64: =LN(AE64) -> -0.27067251 | AG64: ='[11]fib Model Code 2020'!$L$8 -> 0.39776006 | AH64: =AG64/J64 -> 0.76492319 | AI64: =LN(AH64) -> -0.26797985 | AJ64: ='[11]Eurocode 2'!$L$8 -> 0.33210759 | AK64: =AJ64/J64 -> 0.63866844 | AL64: =LN(AK64) -> -0.44836983 | AM64: ='[11]NBR 6118'!$Q$8 -> 0.35913351 | AN64: ='[11]NBR 6118'!$R$8 -> 0.37513627 | AO64: ='[11]NBR 6118'!$W$8 -> 0.69064136 | AP64: =LN(AO64) -> -0.37013461 | AQ64: ='[11]Clark (1956)'!$L$8 -> 0.29782409 | AR64: =AQ64/J64 -> 0.57273864 | AS64: =LN(AR64) -> -0.55732578 | AT64: ='[11]Leonhardt (1977)'!$L$8 -> 0.5232085 | AU64: =AT64/J64 -> 1.0061702 | AV64: =LN(AU64) -> 0.0061512268 | AW64: ='[11]Desayi; Ganesan (1985)'!$L$8 -> 0.30868634 | AX64: =AW64/J64 -> 0.59362758 | AY64: =LN(AX64) -> -0.52150312 | AZ64: ='[11]Oh; Kang (1987)'!$L$8 -> 0.20312114 | BA64: =AZ64/J64 -> 0.39061757 | BB64: =LN(BA64) -> -0.94002628 | BC64: ='[11]Caldas (1997)'!$L$8 -> 0.33594505 | BD64: =BC64/J64 -> 0.64604818 | BE64: =LN(BD64) -> -0.4368812 | BF64: 0.29902516 | BG64: =BF64/J64 -> 0.57504838 | BH64: =LN(BG64) -> -0.55330111 | BI64: 0.54229582 | BJ64: =BI64/J64 -> 1.0428766 | BK64: =LN(BJ64) -> 0.041982839 | BL64: 0.46590306 | BM64: =BL64/J64 -> 0.89596742 | BN64: =LN(BM64) -> -0.10985123 | BS64: =IF(AND(B64<=12.7,F64<=45),TRUE,FALSE) -> TRUE | BU64: =IF(AND(B64>12.7,F64<=45),TRUE,FALSE) -> FALSE | BW64: =IF(AND(F64<=45,C64>1),TRUE,FALSE) -> TRUE
B65: ='[11]Dados de entrada'!$B$28 -> 12 | C65: ='[11]Dados de entrada'!$B$31 -> 4 | D65: ='[11]Dados de entrada'!$B$32 -> 79.3 | E65: ='[11]Dados de entrada'!$B$27 -> 2.6933292 | F65: ='[11]Dados de entrada'!$B$30 -> 32 | G65: ='[11]Dados de entrada'!$B$22 -> 38 | H65: ='[11]Dados de entrada'!$B$29/('[11]Dados de entrada'!$B$20*2*G65) -> 0.016992481 | I65: ='[11]fib Model Code 2010'!$K$9 -> 500 | J65: ='[11]Dados de entrada'!$C$11 -> 0.74 | AD65: ='[11]fib Model Code 2010'!$L$9 -> 0.57251928 | AE65: =AD65/J65 -> 0.7736747 | AF65: =LN(AE65) -> -0.25660378 | AG65: ='[11]fib Model Code 2020'!$L$9 -> 0.57668065 | AH65: =AG65/J65 -> 0.77929818 | AI65: =LN(AH65) -> -0.24936154 | AJ65: ='[11]Eurocode 2'!$L$9 -> 0.47931073 | AK65: =AJ65/J65 -> 0.6477172 | AL65: =LN(AK65) -> -0.43430109 | AM65: ='[11]NBR 6118'!$Q$9 -> 0.45193572 | AN65: ='[11]NBR 6118'!$R$9 -> 0.59406032 | AO65: ='[11]NBR 6118'!$W$9 -> 0.61072394 | AP65: =LN(AO65) -> -0.49311024 | AQ65: ='[11]Clark (1956)'!$L$9 -> 0.42873731 | AR65: =AQ65/J65 -> 0.57937474 | AS65: =LN(AR65) -> -0.54580579 | AT65: ='[11]Leonhardt (1977)'!$L$9 -> 0.73742133 | AU65: =AT65/J65 -> 0.99651531 | AV65: =LN(AU65) -> -0.0034907726 | AW65: ='[11]Desayi; Ganesan (1985)'!$L$9 -> 0.39957231 | AX65: =AW65/J65 -> 0.53996258 | AY65: =LN(AX65) -> -0.61625544 | AZ65: ='[11]Oh; Kang (1987)'!$L$9 -> 0.26983414 | BA65: =AZ65/J65 -> 0.36464073 | BB65: =LN(BA65) -> -1.0088427 | BC65: ='[11]Caldas (1997)'!$L$9 -> 0.44978307 | BD65: =BC65/J65 -> 0.60781496 | BE65: =LN(BD65) -> -0.49788479 | BF65: 0.38706659 | BG65: =BF65/J65 -> 0.52306296 | BH65: =LN(BG65) -> -0.64805343 | BI65: 0.78660896 | BJ65: =BI65/J65 -> 1.0629851 | BK65: =LN(BJ65) -> 0.06108107 | BL65: 0.67688058 | BM65: =BL65/J65 -> 0.91470348 | BN65: =LN(BM65) -> -0.089155332 | BS65: =IF(AND(B65<=12.7,F65<=45),TRUE,FALSE) -> TRUE | BU65: =IF(AND(B65>12.7,F65<=45),TRUE,FALSE) -> FALSE | BW65: =IF(AND(F65<=45,C65>1),TRUE,FALSE) -> TRUE
A66: Viga 12-20-30 - Caldentey et al (2013) | B66: ='[12]Dados de entrada'!$B$28 -> 12 | C66: ='[12]Dados de entrada'!$B$31 -> 4 | D66: ='[12]Dados de entrada'!$B$32 -> 79.3 | E66: ='[12]Dados de entrada'!$B$27 -> 2.6933292 | F66: ='[12]Dados de entrada'!$B$30 -> 32 | G66: ='[12]Dados de entrada'!$B$22 -> 38 | H66: ='[12]Dados de entrada'!$B$29/('[12]Dados de entrada'!$B$20*2*G66) -> 0.016992481 | I66: ='[12]fib Model Code 2010'!$K$5 -> 214.59497 | J66: ='[12]Dados de entrada'!$C$7 -> 0.17 | AD66: ='[12]fib Model Code 2010'!$L$5 -> 0.13127384 | AE66: =AD66/J66 -> 0.77219906 | AF66: =LN(AE66) -> -0.25851292 | AG66: ='[12]fib Model Code 2020'!$L$5 -> 0.13504186 | AH66: =AG66/J66 -> 0.79436389 | AI66: =LN(AH66) -> -0.23021363 | AJ66: ='[12]Eurocode 2'!$L$5 -> 0.16665426 | AK66: =AJ66/J66 -> 0.98031919 | AL66: =LN(AK66) -> -0.019877053 | AM66: ='[12]NBR 6118'!$Q$5 -> 0.19951861 | AN66: ='[12]NBR 6118'!$R$5 -> 0.1157828 | AO66: ='[12]NBR 6118'!$W$5 -> 0.6810753 | AP66: =LN(AO66) -> -0.38408241 | AQ66: ='[12]Clark (1956)'!$L$5 -> 0.10020834 | AR66: =AQ66/J66 -> 0.5894608 | AS66: =LN(AR66) -> -0.52854706 | AT66: ='[12]Leonhardt (1977)'!$L$5 -> 0.14720599 | AU66: =AT66/J66 -> 0.86591758 | AV66: =LN(AU66) -> -0.14396555 | AW66: ='[12]Desayi; Ganesan (1985)'!$L$5 -> 0.17149241 | AX66: =AW66/J66 -> 1.0087789 | AY66: =LN(AX66) -> 0.008740592 | AZ66: ='[12]Oh; Kang (1987)'!$L$5 -> 0.1024167 | BA66: =AZ66/J66 -> 0.60245119 | BB66: =LN(BA66) -> -0.50674862 | BC66: ='[12]Caldas (1997)'!$L$5 -> 0.1641046 | BD66: =BC66/J66 -> 0.96532119 | BE66: =LN(BD66) -> -0.035294396 | BF66: {='[12]Gergely e Lutz (1968)'!$L$5:$L$8} -> 0.16612509 | BG66: =BF66/J66 -> 0.97720639 | BH66: =LN(BG66) -> -0.023057398 | BI66: {=[12]Sugestão!$M$5:$M$8} -> 0.15250359 | BJ66: =BI66/J66 -> 0.89707992 | BK66: =LN(BJ66) -> -0.10861032 | BL66: {='[12]fib Model Code 2020 modificado'!$L$5:$L$8} -> 0.16512872 | BM66: =BL66/J66 -> 0.97134543 | BN66: =LN(BM66) -> -0.029073132 | BS66: =IF(AND(B66<=12.7,F66<=45),TRUE,FALSE) -> TRUE | BU66: =IF(AND(B66>12.7,F66<=45),TRUE,FALSE) -> FALSE | BW66: =IF(AND(F66<=45,C66>1),TRUE,FALSE) -> TRUE
B67: ='[12]Dados de entrada'!$B$28 -> 12 | C67: ='[12]Dados de entrada'!$B$31 -> 4 | D67: ='[12]Dados de entrada'!$B$32 -> 79.3 | E67: ='[12]Dados de entrada'!$B$27 -> 2.6933292 | F67: ='[12]Dados de entrada'!$B$30 -> 32 | G67: ='[12]Dados de entrada'!$B$22 -> 38 | H67: ='[12]Dados de entrada'!$B$29/('[12]Dados de entrada'!$B$20*2*G67) -> 0.016992481 | I67: ='[12]fib Model Code 2010'!$K$6 -> 300.43296 | J67: ='[12]Dados de entrada'!$C$8 -> 0.36 | AD67: ='[12]fib Model Code 2010'!$L$6 -> 0.26398215 | AE67: =AD67/J67 -> 0.73328376 | AF67: =LN(AE67) -> -0.31022253 | AG67: ='[12]fib Model Code 2020'!$L$6 -> 0.2627182 | AH67: =AG67/J67 -> 0.72977278 | AI67: =LN(AH67) -> -0.31502205 | AJ67: ='[12]Eurocode 2'!$L$6 -> 0.23331597 | AK67: =AJ67/J67 -> 0.64809991 | AL67: =LN(AK67) -> -0.43371041 | AM67: ='[12]NBR 6118'!$Q$6 -> 0.27932606 | AN67: ='[12]NBR 6118'!$R$6 -> 0.22693429 | AO67: ='[12]NBR 6118'!$W$6 -> 0.63037303 | AP67: =LN(AO67) -> -0.46144353 | AQ67: ='[12]Clark (1956)'!$L$6 -> 0.19901622 | AR67: =AQ67/J67 -> 0.55282282 | AS67: =LN(AR67) -> -0.59271773 | AT67: ='[12]Leonhardt (1977)'!$L$6 -> 0.34838264 | AU67: =AT67/J67 -> 0.96772954 | AV67: =LN(AU67) -> -0.032802627 | AW67: ='[12]Desayi; Ganesan (1985)'!$L$6 -> 0.24008938 | AX67: =AW67/J67 -> 0.66691494 | AY67: =LN(AX67) -> -0.40509277 | AZ67: ='[12]Oh; Kang (1987)'!$L$6 -> 0.15276892 | BA67: =AZ67/J67 -> 0.42435811 | BB67: =LN(BA67) -> -0.85717758 | BC67: ='[12]Caldas (1997)'!$L$6 -> 0.25002483 | BD67: =BC67/J67 -> 0.69451341 | BE67: =LN(BD67) -> -0.36454381 | BF67: 0.23257512 | BG67: =BF67/J67 -> 0.646042 | BH67: =LN(BG67) -> -0.43689076 | BI67: 0.34403441 | BJ67: =BI67/J67 -> 0.95565115 | BK67: =LN(BJ67) -> -0.045362342 | BL67: 0.31027906 | BM67: =BL67/J67 -> 0.86188627 | BN67: =LN(BM67) -> -0.14863195 | BS67: =IF(AND(B67<=12.7,F67<=45),TRUE,FALSE) -> TRUE | BU67: =IF(AND(B67>12.7,F67<=45),TRUE,FALSE) -> FALSE | BW67: =IF(AND(F67<=45,C67>1),TRUE,FALSE) -> TRUE
B68: ='[12]Dados de entrada'!$B$28 -> 12 | C68: ='[12]Dados de entrada'!$B$31 -> 4 | D68: ='[12]Dados de entrada'!$B$32 -> 79.3 | E68: ='[12]Dados de entrada'!$B$27 -> 2.6933292 | F68: ='[12]Dados de entrada'!$B$30 -> 32 | G68: ='[12]Dados de entrada'!$B$22 -> 38 | H68: ='[12]Dados de entrada'!$B$29/('[12]Dados de entrada'!$B$20*2*G68) -> 0.016992481 | I68: ='[12]fib Model Code 2010'!$K$7 -> 386.27094 | J68: ='[12]Dados de entrada'!$C$9 -> 0.56 | AD68: ='[12]fib Model Code 2010'!$L$7 -> 0.39669047 | AE68: =AD68/J68 -> 0.70837584 | AF68: =LN(AE68) -> -0.34478049 | AG68: ='[12]fib Model Code 2020'!$L$7 -> 0.39776006 | AH68: =AG68/J68 -> 0.71028582 | AI68: =LN(AH68) -> -0.34208782 | AJ68: ='[12]Eurocode 2'!$L$7 -> 0.33210759 | AK68: =AJ68/J68 -> 0.59304927 | AL68: =LN(AK68) -> -0.5224778 | AM68: ='[12]NBR 6118'!$Q$7 -> 0.35913351 | AN68: ='[12]NBR 6118'!$R$7 -> 0.37513627 | AO68: ='[12]NBR 6118'!$W$7 -> 0.64130983 | AP68: =LN(AO68) -> -0.44424258 | AQ68: ='[12]Clark (1956)'!$L$7 -> 0.29782409 | AR68: =AQ68/J68 -> 0.53182874 | AS68: =LN(AR68) -> -0.63143376 | AT68: ='[12]Leonhardt (1977)'!$L$7 -> 0.5232085 | AU68: =AT68/J68 -> 0.93430089 | AV68: =LN(AU68) -> -0.067956745 | AW68: ='[12]Desayi; Ganesan (1985)'!$L$7 -> 0.30868634 | AX68: =AW68/J68 -> 0.55122561 | AY68: =LN(AX68) -> -0.59561109 | AZ68: ='[12]Oh; Kang (1987)'!$L$7 -> 0.20312114 | BA68: =AZ68/J68 -> 0.36271631 | BB68: =LN(BA68) -> -1.0141343 | BC68: ='[12]Caldas (1997)'!$L$7 -> 0.33594505 | BD68: =BC68/J68 -> 0.59990188 | BE68: =LN(BD68) -> -0.51098917 | BF68: 0.29902516 | BG68: =BF68/J68 -> 0.53397349 | BH68: =LN(BG68) -> -0.62740908 | BI68: 0.54229582 | BJ68: =BI68/J68 -> 0.9683854 | BK68: =LN(BJ68) -> -0.032125134 | BL68: 0.46590306 | BM68: =BL68/J68 -> 0.83196975 | BN68: =LN(BM68) -> -0.1839592 | BS68: =IF(AND(B68<=12.7,F68<=45),TRUE,FALSE) -> TRUE | BU68: =IF(AND(B68>12.7,F68<=45),TRUE,FALSE) -> FALSE | BW68: =IF(AND(F68<=45,C68>1),TRUE,FALSE) -> TRUE
B69: ='[12]Dados de entrada'!$B$28 -> 12 | C69: ='[12]Dados de entrada'!$B$31 -> 4 | D69: ='[12]Dados de entrada'!$B$32 -> 79.3 | E69: ='[12]Dados de entrada'!$B$27 -> 2.6933292 | F69: ='[12]Dados de entrada'!$B$30 -> 32 | G69: ='[12]Dados de entrada'!$B$22 -> 38 | H69: ='[12]Dados de entrada'!$B$29/('[12]Dados de entrada'!$B$20*2*G69) -> 0.016992481 | I69: ='[12]fib Model Code 2010'!$K$8 -> 500 | J69: ='[12]Dados de entrada'!$C$10 -> 0.78 | AD69: ='[12]fib Model Code 2010'!$L$8 -> 0.57251928 | AE69: =AD69/J69 -> 0.73399908 | AF69: =LN(AE69) -> -0.30924751 | AG69: ='[12]fib Model Code 2020'!$L$8 -> 0.57668065 | AH69: =AG69/J69 -> 0.73933417 | AI69: =LN(AH69) -> -0.30200527 | AJ69: ='[12]Eurocode 2'!$L$8 -> 0.47931073 | AK69: =AJ69/J69 -> 0.61450094 | AL69: =LN(AK69) -> -0.48694483 | AM69: ='[12]NBR 6118'!$Q$8 -> 0.45193572 | AN69: ='[12]NBR 6118'!$R$8 -> 0.59406032 | AO69: ='[12]NBR 6118'!$W$8 -> 0.57940477 | AP69: =LN(AO69) -> -0.54575397 | AQ69: ='[12]Clark (1956)'!$L$8 -> 0.42873731 | AR69: =AQ69/J69 -> 0.54966322 | AS69: =LN(AR69) -> -0.59844952 | AT69: ='[12]Leonhardt (1977)'!$L$8 -> 0.73742133 | AU69: =AT69/J69 -> 0.94541196 | AV69: =LN(AU69) -> -0.056134506 | AW69: ='[12]Desayi; Ganesan (1985)'!$L$8 -> 0.39957231 | AX69: =AW69/J69 -> 0.51227219 | AY69: =LN(AX69) -> -0.66889918 | AZ69: ='[12]Oh; Kang (1987)'!$L$8 -> 0.26983414 | BA69: =AZ69/J69 -> 0.34594121 | BB69: =LN(BA69) -> -1.0614864 | BC69: ='[12]Caldas (1997)'!$L$8 -> 0.44978307 | BD69: =BC69/J69 -> 0.57664496 | BE69: =LN(BD69) -> -0.55052852 | BF69: 0.38706659 | BG69: =BF69/J69 -> 0.49623922 | BH69: =LN(BG69) -> -0.70069717 | BI69: 0.78660896 | BJ69: =BI69/J69 -> 1.008473 | BK69: =LN(BJ69) -> 0.0084373364 | BL69: 0.67688058 | BM69: =BL69/J69 -> 0.86779561 | BN69: =LN(BM69) -> -0.14179907 | BS69: =IF(AND(B69<=12.7,F69<=45),TRUE,FALSE) -> TRUE | BU69: =IF(AND(B69>12.7,F69<=45),TRUE,FALSE) -> FALSE | BW69: =IF(AND(F69<=45,C69>1),TRUE,FALSE) -> TRUE
A70: Viga 12-70-00 - Caldentey et al (2013) | B70: ='[13]Dados de entrada'!$B$28 -> 12 | C70: ='[13]Dados de entrada'!$B$31 -> 4 | D70: ='[13]Dados de entrada'!$B$32 -> 46 | E70: ='[13]Dados de entrada'!$B$27 -> 2.6933292 | F70: ='[13]Dados de entrada'!$B$30 -> 82 | G70: ='[13]Dados de entrada'!$B$22 -> 88 | H70: ='[13]Dados de entrada'!$B$29/('[13]Dados de entrada'!$B$20*2*G70) -> 0.0073376623 | I70: ='[13]fib Model Code 2010'!$K$6 -> 245.19477 | J70: ='[13]Dados de entrada'!$C$8 -> 0.31 | AD70: ='[13]fib Model Code 2010'!$L$6 -> 0.18691066 | AE70: =AD70/J70 -> 0.60293761 | AF70: =LN(AE70) -> -0.50594156 | AG70: ='[13]fib Model Code 2020'!$L$6 -> 0.28097015 | AH70: =AG70/J70 -> 0.90635533 | AI70: =LN(AH70) -> -0.098323856 | AJ70: ='[13]Eurocode 2'!$L$6 -> 0.35190889 | AK70: =AJ70/J70 -> 1.13519 | AL70: =LN(AK70) -> 0.12680002 | AM70: ='[13]NBR 6118'!$Q$6 -> 0.4211536 | AN70: ='[13]NBR 6118'!$R$6 -> 0.15160705 | AO70: ='[13]NBR 6118'!$W$6 -> 0.48905499 | AP70: =LN(AO70) -> -0.71528034 | AQ70: ='[13]Clark (1956)'!$L$6 -> 0.35388215 | AR70: =AQ70/J70 -> 1.1415553 | AS70: =LN(AR70) -> 0.13239165 | AT70: ='[13]Leonhardt (1977)'!$L$6 -> 0.042260285 | AU70: =AT70/J70 -> 0.1363235 | AV70: =LN(AU70) -> -1.9927246 | AW70: ='[13]Desayi; Ganesan (1985)'!$L$6 -> 0.43368023 | AX70: =AW70/J70 -> 1.3989685 | AY70: =LN(AX70) -> 0.33573518 | AZ70: ='[13]Oh; Kang (1987)'!$L$6 -> 0.15711777 | BA70: =AZ70/J70 -> 0.50683151 | BB70: =LN(BA70) -> -0.67957665 | BC70: ='[13]Caldas (1997)'!$L$6 -> 0.27873857 | BD70: =BC70/J70 -> 0.89915669 | BE70: =LN(BD70) -> -0.10629797 | BF70: {='[13]Gergely e Lutz (1968)'!$L$6:$L$7} -> 0.38870615 | BG70: =BF70/J70 -> 1.2538908 | BH70: =LN(BG70) -> 0.22625136 | BI70: {=[13]Sugestão!$M$6:$M$7} -> 0.36254632 | BJ70: =BI70/J70 -> 1.1695042 | BK70: =LN(BJ70) -> 0.15657994 | BL70: {='[13]fib Model Code 2020 modificado'!$L$6:$L$7} -> 0.30371205 | BM70: =BL70/J70 -> 0.97971627 | BN70: =LN(BM70) -> -0.020492265 | BS70: =IF(AND(B70<=12.7,F70<=45),TRUE,FALSE) -> FALSE | BU70: =IF(AND(B70>12.7,F70<=45),TRUE,FALSE) -> FALSE | BW70: =IF(AND(F70<=45,C70>1),TRUE,FALSE) -> FALSE
B71: ='[13]Dados de entrada'!$B$28 -> 12 | C71: ='[13]Dados de entrada'!$B$31 -> 4 | D71: ='[13]Dados de entrada'!$B$32 -> 46 | E71: ='[13]Dados de entrada'!$B$27 -> 2.6933292 | F71: ='[13]Dados de entrada'!$B$30 -> 82 | G71: ='[13]Dados de entrada'!$B$22 -> 88 | H71: ='[13]Dados de entrada'!$B$29/('[13]Dados de entrada'!$B$20*2*G71) -> 0.0073376623 | I71: ='[13]fib Model Code 2010'!$K$7 -> 294.23372 | J71: ='[13]Dados de entrada'!$C$9 -> 0.44 | AD71: ='[13]fib Model Code 2010'!$L$7 -> 0.30709427 | AE71: =AD71/J71 -> 0.69794153 | AF71: =LN(AE71) -> -0.35961995 | AG71: ='[13]fib Model Code 2020'!$L$7 -> 0.38177508 | AH71: =AG71/J71 -> 0.86767065 | AI71: =LN(AH71) -> -0.14194308 | AJ71: ='[13]Eurocode 2'!$L$7 -> 0.42229067 | AK71: =AJ71/J71 -> 0.95975153 | AL71: =LN(AK71) -> -0.04108085 | AM71: ='[13]NBR 6118'!$Q$7 -> 0.50538432 | AN71: ='[13]NBR 6118'!$R$7 -> 0.21831415 | AO71: ='[13]NBR 6118'!$W$7 -> 0.49616852 | AP71: =LN(AO71) -> -0.70083966 | AQ71: ='[13]Clark (1956)'!$L$7 -> 0.48460525 | AR71: =AQ71/J71 -> 1.1013756 | AS71: =LN(AR71) -> 0.09655991 | AT71: ='[13]Leonhardt (1977)'!$L$7 -> 0.27291843 | AU71: =AT71/J71 -> 0.62026917 | AV71: =LN(AU71) -> -0.47760176 | AW71: ='[13]Desayi; Ganesan (1985)'!$L$7 -> 0.52041628 | AX71: =AW71/J71 -> 1.1827643 | AY71: =LN(AX71) -> 0.16785431 | AZ71: ='[13]Oh; Kang (1987)'!$L$7 -> 0.19466693 | BA71: =AZ71/J71 -> 0.44242484 | BB71: =LN(BA71) -> -0.81548469 | BC71: ='[13]Caldas (1997)'!$L$7 -> 0.34899936 | BD71: =BC71/J71 -> 0.79318036 | BE71: =LN(BD71) -> -0.23170465 | BF71: 0.46644738 | BG71: =BF71/J71 -> 1.0601077 | BH71: =LN(BG71) -> 0.058370484 | BI71: 0.55036771 | BJ71: =BI71/J71 -> 1.2508357 | BK71: =LN(BJ71) -> 0.22381188 | BL71: 0.41010471 | BM71: =BL71/J71 -> 0.93205616 | BN71: =LN(BM71) -> -0.070362207 | BS71: =IF(AND(B71<=12.7,F71<=45),TRUE,FALSE) -> FALSE | BU71: =IF(AND(B71>12.7,F71<=45),TRUE,FALSE) -> FALSE | BW71: =IF(AND(F71<=45,C71>1),TRUE,FALSE) -> FALSE
A72: Viga 12-70-10 - Caldentey et al (2013) | B72: ='[14]Dados de entrada'!$B$28 -> 12 | C72: ='[14]Dados de entrada'!$B$31 -> 4 | D72: ='[14]Dados de entrada'!$B$32 -> 46 | E72: ='[14]Dados de entrada'!$B$27 -> 2.6933292 | F72: ='[14]Dados de entrada'!$B$30 -> 82 | G72: ='[14]Dados de entrada'!$B$22 -> 88 | H72: ='[14]Dados de entrada'!$B$29/('[14]Dados de entrada'!$B$20*2*G72) -> 0.0073376623 | I72: ='[14]fib Model Code 2010'!$K$5 -> 196.15582 | J72: ='[14]Dados de entrada'!$C$7 -> 0.14 | AD72: ='[14]fib Model Code 2010'!$L$5 -> 0.066727044 | AE72: =AD72/J72 -> 0.47662174 | AF72: =LN(AE72) -> -0.74103209 | AG72: ='[14]fib Model Code 2020'!$L$5 -> 0.22477612 | AH72: =AG72/J72 -> 1.6055437 | AI72: =LN(AH72) -> 0.47346247 | AJ72: ='[14]Eurocode 2'!$L$5 -> 0.28152712 | AK72: =AJ72/J72 -> 2.010908 | AL72: =LN(AK72) -> 0.69858635 | AM72: ='[14]NBR 6118'!$Q$5 -> 0.33692288 | AN72: ='[14]NBR 6118'!$R$5 -> 0.09702851 | AO72: ='[14]NBR 6118'!$W$5 -> 0.69306079 | AP72: =LN(AO72) -> -0.36663757 | AQ72: ='[14]Clark (1956)'!$L$5 -> 0.22315905 | AR72: =AQ72/J72 -> 1.5939932 | AS72: =LN(AR72) -> 0.46624234 | AW72: ='[14]Desayi; Ganesan (1985)'!$L$5 -> 0.34694419 | AX72: =AW72/J72 -> 2.4781728 | AY72: =LN(AX72) -> 0.9075215 | AZ72: ='[14]Oh; Kang (1987)'!$L$5 -> 0.11956861 | BA72: =AZ72/J72 -> 0.8540615 | BB72: =LN(BA72) -> -0.15775207 | BC72: ='[14]Caldas (1997)'!$L$5 -> 0.20847779 | BD72: =BC72/J72 -> 1.4891271 | BE72: =LN(BD72) -> 0.39819008 | BF72: {='[14]Gergely e Lutz (1968)'!$L$5:$L$7} -> 0.31096492 | BG72: =BF72/J72 -> 2.221178 | BH72: =LN(BG72) -> 0.79803768 | BI72: {=[14]Sugestão!$M$5:$M$7} -> 0.23202964 | BJ72: =BI72/J72 -> 1.6573546 | BK72: =LN(BJ72) -> 0.50522271 | BL72: {='[14]fib Model Code 2020 modificado'!$L$5:$L$7} -> 0.24227673 | BM72: =BL72/J72 -> 1.7305481 | BN72: =LN(BM72) -> 0.54843818 | BS72: =IF(AND(B72<=12.7,F72<=45),TRUE,FALSE) -> FALSE | BU72: =IF(AND(B72>12.7,F72<=45),TRUE,FALSE) -> FALSE | BW72: =IF(AND(F72<=45,C72>1),TRUE,FALSE) -> FALSE
B73: ='[14]Dados de entrada'!$B$28 -> 12 | C73: ='[14]Dados de entrada'!$B$31 -> 4 | D73: ='[14]Dados de entrada'!$B$32 -> 46 | E73: ='[14]Dados de entrada'!$B$27 -> 2.6933292 | F73: ='[14]Dados de entrada'!$B$30 -> 82 | G73: ='[14]Dados de entrada'!$B$22 -> 88 | H73: ='[14]Dados de entrada'!$B$29/('[14]Dados de entrada'!$B$20*2*G73) -> 0.0073376623 | I73: ='[14]fib Model Code 2010'!$K$6 -> 245.19477 | J73: ='[14]Dados de entrada'!$C$8 -> 0.31 | AD73: ='[14]fib Model Code 2010'!$L$6 -> 0.18691066 | AE73: =AD73/J73 -> 0.60293761 | AF73: =LN(AE73) -> -0.50594156 | AG73: ='[14]fib Model Code 2020'!$L$6 -> 0.28097015 | AH73: =AG73/J73 -> 0.90635533 | AI73: =LN(AH73) -> -0.098323856 | AJ73: ='[14]Eurocode 2'!$L$6 -> 0.35190889 | AK73: =AJ73/J73 -> 1.13519 | AL73: =LN(AK73) -> 0.12680002 | AM73: ='[14]NBR 6118'!$Q$6 -> 0.4211536 | AN73: ='[14]NBR 6118'!$R$6 -> 0.15160705 | AO73: ='[14]NBR 6118'!$W$6 -> 0.48905499 | AP73: =LN(AO73) -> -0.71528034 | AQ73: ='[14]Clark (1956)'!$L$6 -> 0.35388215 | AR73: =AQ73/J73 -> 1.1415553 | AS73: =LN(AR73) -> 0.13239165 | AT73: ='[14]Leonhardt (1977)'!$L$6 -> 0.042260285 | AU73: =AT73/J73 -> 0.1363235 | AV73: =LN(AU73) -> -1.9927246 | AW73: ='[14]Desayi; Ganesan (1985)'!$L$6 -> 0.43368023 | AX73: =AW73/J73 -> 1.3989685 | AY73: =LN(AX73) -> 0.33573518 | AZ73: ='[14]Oh; Kang (1987)'!$L$6 -> 0.15711777 | BA73: =AZ73/J73 -> 0.50683151 | BB73: =LN(BA73) -> -0.67957665 | BC73: ='[14]Caldas (1997)'!$L$6 -> 0.27873857 | BD73: =BC73/J73 -> 0.89915669 | BE73: =LN(BD73) -> -0.10629797 | BF73: 0.38870615 | BG73: =BF73/J73 -> 1.2538908 | BH73: =LN(BG73) -> 0.22625136 | BI73: 0.36254632 | BJ73: =BI73/J73 -> 1.1695042 | BK73: =LN(BJ73) -> 0.15657994 | BL73: 0.30371205 | BM73: =BL73/J73 -> 0.97971627 | BN73: =LN(BM73) -> -0.020492265 | BS73: =IF(AND(B73<=12.7,F73<=45),TRUE,FALSE) -> FALSE | BU73: =IF(AND(B73>12.7,F73<=45),TRUE,FALSE) -> FALSE | BW73: =IF(AND(F73<=45,C73>1),TRUE,FALSE) -> FALSE
B74: ='[14]Dados de entrada'!$B$28 -> 12 | C74: ='[14]Dados de entrada'!$B$31 -> 4 | D74: ='[14]Dados de entrada'!$B$32 -> 46 | E74: ='[14]Dados de entrada'!$B$27 -> 2.6933292 | F74: ='[14]Dados de entrada'!$B$30 -> 82 | G74: ='[14]Dados de entrada'!$B$22 -> 88 | H74: ='[14]Dados de entrada'!$B$29/('[14]Dados de entrada'!$B$20*2*G74) -> 0.0073376623 | I74: ='[14]fib Model Code 2010'!$K$7 -> 294.23372 | J74: ='[14]Dados de entrada'!$C$9 -> 0.4 | AD74: ='[14]fib Model Code 2010'!$L$7 -> 0.30709427 | AE74: =AD74/J74 -> 0.76773568 | AF74: =LN(AE74) -> -0.26430977 | AG74: ='[14]fib Model Code 2020'!$L$7 -> 0.38177508 | AH74: =AG74/J74 -> 0.95443771 | AI74: =LN(AH74) -> -0.046632897 | AJ74: ='[14]Eurocode 2'!$L$7 -> 0.42229067 | AK74: =AJ74/J74 -> 1.0557267 | AL74: =LN(AK74) -> 0.05422933 | AM74: ='[14]NBR 6118'!$Q$7 -> 0.50538432 | AN74: ='[14]NBR 6118'!$R$7 -> 0.21831415 | AO74: ='[14]NBR 6118'!$W$7 -> 0.54578537 | AP74: =LN(AO74) -> -0.60552948 | AQ74: ='[14]Clark (1956)'!$L$7 -> 0.48460525 | AR74: =AQ74/J74 -> 1.2115131 | AS74: =LN(AR74) -> 0.19187009 | AT74: ='[14]Leonhardt (1977)'!$L$7 -> 0.27291843 | AU74: =AT74/J74 -> 0.68229608 | AV74: =LN(AU74) -> -0.38229158 | AW74: ='[14]Desayi; Ganesan (1985)'!$L$7 -> 0.52041628 | AX74: =AW74/J74 -> 1.3010407 | AY74: =LN(AX74) -> 0.26316449 | AZ74: ='[14]Oh; Kang (1987)'!$L$7 -> 0.19466693 | BA74: =AZ74/J74 -> 0.48666732 | BB74: =LN(BA74) -> -0.72017451 | BC74: ='[14]Caldas (1997)'!$L$7 -> 0.34899936 | BD74: =BC74/J74 -> 0.87249839 | BE74: =LN(BD74) -> -0.13639447 | BF74: 0.46644738 | BG74: =BF74/J74 -> 1.1661184 | BH74: =LN(BG74) -> 0.15368066 | BI74: 0.55036771 | BJ74: =BI74/J74 -> 1.3759193 | BK74: =LN(BJ74) -> 0.31912206 | BL74: 0.41010471 | BM74: =BL74/J74 -> 1.0252618 | BN74: =LN(BM74) -> 0.024947973 | BS74: =IF(AND(B74<=12.7,F74<=45),TRUE,FALSE) -> FALSE | BU74: =IF(AND(B74>12.7,F74<=45),TRUE,FALSE) -> FALSE | BW74: =IF(AND(F74<=45,C74>1),TRUE,FALSE) -> FALSE
A75: Viga 12-70-30 - Caldentey et al (2013) | B75: ='[15]Dados de entrada'!$B$28 -> 12 | C75: ='[15]Dados de entrada'!$B$31 -> 4 | D75: ='[15]Dados de entrada'!$B$32 -> 46 | E75: ='[15]Dados de entrada'!$B$27 -> 2.6933292 | F75: ='[15]Dados de entrada'!$B$30 -> 82 | G75: ='[15]Dados de entrada'!$B$22 -> 88 | H75: ='[15]Dados de entrada'!$B$29/('[15]Dados de entrada'!$B$20*2*G75) -> 0.0073376623 | I75: ='[15]fib Model Code 2010'!$K$5 -> 196.15582 | J75: ='[15]Dados de entrada'!$C$7 -> 0.25 | AD75: ='[15]fib Model Code 2010'!$L$5 -> 0.066727044 | AE75: =AD75/J75 -> 0.26690818 | AF75: =LN(AE75) -> -1.3208506 | AG75: ='[15]fib Model Code 2020'!$L$5 -> 0.22477612 | AH75: =AG75/J75 -> 0.89910448 | AI75: =LN(AH75) -> -0.10635603 | AJ75: ='[15]Eurocode 2'!$L$5 -> 0.28152712 | AK75: =AJ75/J75 -> 1.1261085 | AL75: =LN(AK75) -> 0.11876785 | AM75: ='[15]NBR 6118'!$Q$5 -> 0.33692288 | AN75: ='[15]NBR 6118'!$R$5 -> 0.09702851 | AO75: ='[15]NBR 6118'!$W$5 -> 0.38811404 | AP75: =LN(AO75) -> -0.94645606 | AQ75: ='[15]Clark (1956)'!$L$5 -> 0.22315905 | AR75: =AQ75/J75 -> 0.89263622 | AS75: =LN(AR75) -> -0.11357615 | AW75: ='[15]Desayi; Ganesan (1985)'!$L$5 -> 0.34694419 | AX75: =AW75/J75 -> 1.3877768 | AY75: =LN(AX75) -> 0.32770301 | AZ75: ='[15]Oh; Kang (1987)'!$L$5 -> 0.11956861 | BA75: =AZ75/J75 -> 0.47827444 | BB75: =LN(BA75) -> -0.73757057 | BC75: ='[15]Caldas (1997)'!$L$5 -> 0.20847779 | BD75: =BC75/J75 -> 0.83391115 | BE75: =LN(BD75) -> -0.18162841 | BF75: {='[15]Gergely e Lutz (1968)'!$L$5:$L$7} -> 0.31096492 | BG75: =BF75/J75 -> 1.2438597 | BH75: =LN(BG75) -> 0.21821919 | BI75: {=[15]Sugestão!$M$5:$M$7} -> 0.23202964 | BJ75: =BI75/J75 -> 0.92811857 | BK75: =LN(BJ75) -> -0.074595783 | BL75: {='[15]fib Model Code 2020 modificado'!$L$5:$L$7} -> 0.24227673 | BM75: =BL75/J75 -> 0.96910693 | BN75: =LN(BM75) -> -0.03138032 | BS75: =IF(AND(B75<=12.7,F75<=45),TRUE,FALSE) -> FALSE | BU75: =IF(AND(B75>12.7,F75<=45),TRUE,FALSE) -> FALSE | BW75: =IF(AND(F75<=45,C75>1),TRUE,FALSE) -> FALSE
B76: ='[15]Dados de entrada'!$B$28 -> 12 | C76: ='[15]Dados de entrada'!$B$31 -> 4 | D76: ='[15]Dados de entrada'!$B$32 -> 46 | E76: ='[15]Dados de entrada'!$B$27 -> 2.6933292 | F76: ='[15]Dados de entrada'!$B$30 -> 82 | G76: ='[15]Dados de entrada'!$B$22 -> 88 | H76: ='[15]Dados de entrada'!$B$29/('[15]Dados de entrada'!$B$20*2*G76) -> 0.0073376623 | I76: ='[15]fib Model Code 2010'!$K$6 -> 245.19477 | J76: ='[15]Dados de entrada'!$C$8 -> 0.44 | AD76: ='[15]fib Model Code 2010'!$L$6 -> 0.18691066 | AE76: =AD76/J76 -> 0.42479695 | AF76: =LN(AE76) -> -0.85614399 | AG76: ='[15]fib Model Code 2020'!$L$6 -> 0.28097015 | AH76: =AG76/J76 -> 0.63856853 | AI76: =LN(AH76) -> -0.44852629 | AJ76: ='[15]Eurocode 2'!$L$6 -> 0.35190889 | AK76: =AJ76/J76 -> 0.79979294 | AL76: =LN(AK76) -> -0.22340241 | AM76: ='[15]NBR 6118'!$Q$6 -> 0.4211536 | AN76: ='[15]NBR 6118'!$R$6 -> 0.15160705 | AO76: ='[15]NBR 6118'!$W$6 -> 0.34456147 | AP76: =LN(AO76) -> -1.0654828 | AQ76: ='[15]Clark (1956)'!$L$6 -> 0.35388215 | AR76: =AQ76/J76 -> 0.80427762 | AS76: =LN(AR76) -> -0.21781078 | AT76: ='[15]Leonhardt (1977)'!$L$6 -> 0.042260285 | AU76: =AT76/J76 -> 0.096046101 | AV76: =LN(AU76) -> -2.342927 | AW76: ='[15]Desayi; Ganesan (1985)'!$L$6 -> 0.43368023 | AX76: =AW76/J76 -> 0.9856369 | AY76: =LN(AX76) -> -0.01446725 | AZ76: ='[15]Oh; Kang (1987)'!$L$6 -> 0.15711777 | BA76: =AZ76/J76 -> 0.35708584 | BB76: =LN(BA76) -> -1.0297791 | BC76: ='[15]Caldas (1997)'!$L$6 -> 0.27873857 | BD76: =BC76/J76 -> 0.63349676 | BE76: =LN(BD76) -> -0.4565004 | BF76: 0.38870615 | BG76: =BF76/J76 -> 0.88342306 | BH76: =LN(BG76) -> -0.12395107 | BI76: 0.36254632 | BJ76: =BI76/J76 -> 0.8239689 | BK76: =LN(BJ76) -> -0.19362249 | BL76: 0.30371205 | BM76: =BL76/J76 -> 0.69025465 | BN76: =LN(BM76) -> -0.37069469 | BS76: =IF(AND(B76<=12.7,F76<=45),TRUE,FALSE) -> FALSE | BU76: =IF(AND(B76>12.7,F76<=45),TRUE,FALSE) -> FALSE | BW76: =IF(AND(F76<=45,C76>1),TRUE,FALSE) -> FALSE
B77: ='[15]Dados de entrada'!$B$28 -> 12 | C77: ='[15]Dados de entrada'!$B$31 -> 4 | D77: ='[15]Dados de entrada'!$B$32 -> 46 | E77: ='[15]Dados de entrada'!$B$27 -> 2.6933292 | F77: ='[15]Dados de entrada'!$B$30 -> 82 | G77: ='[15]Dados de entrada'!$B$22 -> 88 | H77: ='[15]Dados de entrada'!$B$29/('[15]Dados de entrada'!$B$20*2*G77) -> 0.0073376623 | I77: ='[15]fib Model Code 2010'!$K$7 -> 294.23372 | J77: ='[15]Dados de entrada'!$C$9 -> 0.56 | AD77: ='[15]fib Model Code 2010'!$L$7 -> 0.30709427 | AE77: =AD77/J77 -> 0.54838263 | AF77: =LN(AE77) -> -0.60078201 | AG77: ='[15]fib Model Code 2020'!$L$7 -> 0.38177508 | AH77: =AG77/J77 -> 0.68174122 | AI77: =LN(AH77) -> -0.38310513 | AJ77: ='[15]Eurocode 2'!$L$7 -> 0.42229067 | AK77: =AJ77/J77 -> 0.75409049 | AL77: =LN(AK77) -> -0.28224291 | AM77: ='[15]NBR 6118'!$Q$7 -> 0.50538432 | AN77: ='[15]NBR 6118'!$R$7 -> 0.21831415 | AO77: ='[15]NBR 6118'!$W$7 -> 0.38984669 | AP77: =LN(AO77) -> -0.94200171 | AQ77: ='[15]Clark (1956)'!$L$7 -> 0.48460525 | AR77: =AQ77/J77 -> 0.86536651 | AS77: =LN(AR77) -> -0.14460215 | AT77: ='[15]Leonhardt (1977)'!$L$7 -> 0.27291843 | AU77: =AT77/J77 -> 0.48735434 | AV77: =LN(AU77) -> -0.71876381 | AW77: ='[15]Desayi; Ganesan (1985)'!$L$7 -> 0.52041628 | AX77: =AW77/J77 -> 0.92931479 | AY77: =LN(AX77) -> -0.07330775 | AZ77: ='[15]Oh; Kang (1987)'!$L$7 -> 0.19466693 | BA77: =AZ77/J77 -> 0.34761952 | BB77: =LN(BA77) -> -1.0566467 | BC77: ='[15]Caldas (1997)'!$L$7 -> 0.34899936 | BD77: =BC77/J77 -> 0.62321314 | BE77: =LN(BD77) -> -0.4728667 | BF77: 0.46644738 | BG77: =BF77/J77 -> 0.83294175 | BH77: =LN(BG77) -> -0.18279157 | BI77: 0.55036771 | BJ77: =BI77/J77 -> 0.98279947 | BK77: =LN(BJ77) -> -0.017350174 | BL77: 0.41010471 | BM77: =BL77/J77 -> 0.73232984 | BN77: =LN(BM77) -> -0.31152426 | BS77: =IF(AND(B77<=12.7,F77<=45),TRUE,FALSE) -> FALSE | BU77: =IF(AND(B77>12.7,F77<=45),TRUE,FALSE) -> FALSE | BW77: =IF(AND(F77<=45,C77>1),TRUE,FALSE) -> FALSE
A78: Viga 25-20-10 - Caldentey et al (2013) | B78: ='[16]Dados de entrada'!$B$28 -> 25 | C78: ='[16]Dados de entrada'!$B$31 -> 4 | D78: ='[16]Dados de entrada'!$B$32 -> 62 | E78: ='[16]Dados de entrada'!$B$27 -> 2.6933292 | F78: ='[16]Dados de entrada'!$B$30 -> 32 | G78: ='[16]Dados de entrada'!$B$22 -> 44.5 | H78: ='[16]Dados de entrada'!$B$29/('[16]Dados de entrada'!$B$20*2*G78) -> 0.063049759 | I78: ='[16]fib Model Code 2010'!$K$6 -> 213.02531 | J78: ='[16]Dados de entrada'!$C$8 -> 0.23 | AD78: ='[16]fib Model Code 2010'!$L$6 -> 0.16521223 | AE78: =AD78/J78 -> 0.71831406 | AF78: =LN(AE78) -> -0.3308484 | AG78: ='[16]fib Model Code 2020'!$L$6 -> 0.18965674 | AH78: =AG78/J78 -> 0.8245945 | AI78: =LN(AH78) -> -0.19286353 | AJ78: ='[16]Eurocode 2'!$L$6 -> 0.1611839 | AK78: =AJ78/J78 -> 0.70079957 | AL78: =LN(AK78) -> -0.35553336 | AM78: ='[16]NBR 6118'!$Q$6 -> 0.2097485 | AN78: ='[16]NBR 6118'!$R$6 -> 0.24680152 | AO78: ='[16]NBR 6118'!$W$6 -> 0.91195001 | AP78: =LN(AO78) -> -0.092170106 | AQ78: ='[16]Clark (1956)'!$L$6 -> 0.11745006 | AR78: =AQ78/J78 -> 0.51065243 | AS78: =LN(AR78) -> -0.6720661 | AT78: ='[16]Leonhardt (1977)'!$L$6 -> 0.27711743 | AU78: =AT78/J78 -> 1.2048584 | AV78: =LN(AU78) -> 0.18636206 | AW78: ='[16]Desayi; Ganesan (1985)'!$L$6 -> 0.1591322 | AX78: =AW78/J78 -> 0.69187915 | AY78: =LN(AX78) -> -0.36834398 | AZ78: ='[16]Oh; Kang (1987)'!$L$6 -> 0.13181223 | BA78: =AZ78/J78 -> 0.57309663 | BB78: =LN(BA78) -> -0.55670093 | BC78: ='[16]Caldas (1997)'!$L$6 -> 0.20539461 | BD78: =BC78/J78 -> 0.89302005 | BE78: =LN(BD78) -> -0.11314624 | BF78: {='[16]Gergely e Lutz (1968)'!$L$6:$L$9} -> 0.19227619 | BG78: =BF78/J78 -> 0.83598342 | BH78: =LN(BG78) -> -0.1791465 | BI78: {=[16]Sugestão!$M$6:$M$9} -> 0.19507032 | BJ78: =BI78/J78 -> 0.84813182 | BK78: =LN(BJ78) -> -0.16471921 | BL78: {='[16]fib Model Code 2020 modificado'!$L$6:$L$9} -> 0.28951744 | BM78: =BL78/J78 -> 1.2587715 | BN78: =LN(BM78) -> 0.23013622 | BS78: =IF(AND(B78<=12.7,F78<=45),TRUE,FALSE) -> FALSE | BU78: =IF(AND(B78>12.7,F78<=45),TRUE,FALSE) -> TRUE | BW78: =IF(AND(F78<=45,C78>1),TRUE,FALSE) -> TRUE
B79: ='[16]Dados de entrada'!$B$28 -> 25 | C79: ='[16]Dados de entrada'!$B$31 -> 4 | D79: ='[16]Dados de entrada'!$B$32 -> 62 | E79: ='[16]Dados de entrada'!$B$27 -> 2.6933292 | F79: ='[16]Dados de entrada'!$B$30 -> 32 | G79: ='[16]Dados de entrada'!$B$22 -> 44.5 | H79: ='[16]Dados de entrada'!$B$29/('[16]Dados de entrada'!$B$20*2*G79) -> 0.063049759 | I79: ='[16]fib Model Code 2010'!$K$7 -> 319.53797 | J79: ='[16]Dados de entrada'!$C$9 -> 0.35 | AD79: ='[16]fib Model Code 2010'!$L$7 -> 0.26719708 | AE79: =AD79/J79 -> 0.76342022 | AF79: =LN(AE79) -> -0.26994665 | AG79: ='[16]fib Model Code 2020'!$L$7 -> 0.3180277 | AH79: =AG79/J79 -> 0.90865057 | AI79: =LN(AH79) -> -0.095794666 | AJ79: ='[16]Eurocode 2'!$L$7 -> 0.26068207 | AK79: =AJ79/J79 -> 0.74480592 | AL79: =LN(AK79) -> -0.29463161 | AM79: ='[16]NBR 6118'!$Q$7 -> 0.31462275 | AN79: ='[16]NBR 6118'!$R$7 -> 0.55530342 | AO79: ='[16]NBR 6118'!$W$7 -> 0.89892215 | AP79: =LN(AO79) -> -0.10655884 | AQ79: ='[16]Clark (1956)'!$L$7 -> 0.18629078 | AR79: =AQ79/J79 -> 0.53225936 | AS79: =LN(AR79) -> -0.63062439 | AT79: ='[16]Leonhardt (1977)'!$L$7 -> 0.44648166 | AU79: =AT79/J79 -> 1.2756619 | AV79: =LN(AU79) -> 0.24346518 | AW79: ='[16]Desayi; Ganesan (1985)'!$L$7 -> 0.23869831 | AX79: =AW79/J79 -> 0.68199516 | AY79: =LN(AX79) -> -0.38273272 | AZ79: ='[16]Oh; Kang (1987)'!$L$7 -> 0.21295452 | BA79: =AZ79/J79 -> 0.60844148 | BB79: =LN(BA79) -> -0.49685455 | BC79: ='[16]Caldas (1997)'!$L$7 -> 0.32023897 | BD79: =BC79/J79 -> 0.91496849 | BE79: =LN(BD79) -> -0.088865648 | BF79: 0.28841428 | BG79: =BF79/J79 -> 0.8240408 | BH79: =LN(BG79) -> -0.19353523 | BI79: 0.34850981 | BJ79: =BI79/J79 -> 0.9957423 | BK79: =LN(BJ79) -> -0.0042667848 | BL79: 0.50205261 | BM79: =BL79/J79 -> 1.434436 | BN79: =LN(BM79) -> 0.36077176 | BS79: =IF(AND(B79<=12.7,F79<=45),TRUE,FALSE) -> FALSE | BU79: =IF(AND(B79>12.7,F79<=45),TRUE,FALSE) -> TRUE | BW79: =IF(AND(F79<=45,C79>1),TRUE,FALSE) -> TRUE
B80: ='[16]Dados de entrada'!$B$28 -> 25 | C80: ='[16]Dados de entrada'!$B$31 -> 4 | D80: ='[16]Dados de entrada'!$B$32 -> 62 | E80: ='[16]Dados de entrada'!$B$27 -> 2.6933292 | F80: ='[16]Dados de entrada'!$B$30 -> 32 | G80: ='[16]Dados de entrada'!$B$22 -> 44.5 | H80: ='[16]Dados de entrada'!$B$29/('[16]Dados de entrada'!$B$20*2*G80) -> 0.063049759 | I80: ='[16]fib Model Code 2010'!$K$8 -> 426.05062 | J80: ='[16]Dados de entrada'!$C$10 -> 0.49 | AD80: ='[16]fib Model Code 2010'!$L$8 -> 0.36918192 | AE80: =AD80/J80 -> 0.7534325 | AF80: =LN(AE80) -> -0.28311585 | AG80: ='[16]fib Model Code 2020'!$L$8 -> 0.44639867 | AH80: =AG80/J80 -> 0.91101769 | AI80: =LN(AH80) -> -0.093192968 | AJ80: ='[16]Eurocode 2'!$L$8 -> 0.36018024 | AK80: =AJ80/J80 -> 0.73506172 | AL80: =LN(AK80) -> -0.30780081 | AM80: ='[16]NBR 6118'!$Q$8 -> 0.419497 | AN80: ='[16]NBR 6118'!$R$8 -> 0.98720608 | AO80: ='[16]NBR 6118'!$W$8 -> 0.85611633 | AP80: =LN(AO80) -> -0.15534901 | AQ80: ='[16]Clark (1956)'!$L$8 -> 0.25513149 | AR80: =AQ80/J80 -> 0.52067652 | AS80: =LN(AR80) -> -0.65262631 | AT80: ='[16]Leonhardt (1977)'!$L$8 -> 0.60968479 | AU80: =AT80/J80 -> 1.2442547 | AV80: =LN(AU80) -> 0.21853669 | AW80: ='[16]Desayi; Ganesan (1985)'!$L$8 -> 0.31826441 | AX80: =AW80/J80 -> 0.6495192 | AY80: =LN(AX80) -> -0.43152288 | AZ80: ='[16]Oh; Kang (1987)'!$L$8 -> 0.29409681 | BA80: =AZ80/J80 -> 0.60019757 | BB80: =LN(BA80) -> -0.5104964 | BC80: ='[16]Caldas (1997)'!$L$8 -> 0.43508333 | BD80: =BC80/J80 -> 0.88792517 | BE80: =LN(BD80) -> -0.11886781 | BF80: 0.38455237 | BG80: =BF80/J80 -> 0.78480076 | BH80: =LN(BG80) -> -0.2423254 | BI80: 0.5019493 | BJ80: =BI80/J80 -> 1.0243863 | BK80: =LN(BJ80) -> 0.024093718 | BL80: 0.73741036 | BM80: =BL80/J80 -> 1.5049191 | BN80: =LN(BM80) -> 0.40873914 | BS80: =IF(AND(B80<=12.7,F80<=45),TRUE,FALSE) -> FALSE | BU80: =IF(AND(B80>12.7,F80<=45),TRUE,FALSE) -> TRUE | BW80: =IF(AND(F80<=45,C80>1),TRUE,FALSE) -> TRUE
B81: ='[16]Dados de entrada'!$B$28 -> 25 | C81: ='[16]Dados de entrada'!$B$31 -> 4 | D81: ='[16]Dados de entrada'!$B$32 -> 62 | E81: ='[16]Dados de entrada'!$B$27 -> 2.6933292 | F81: ='[16]Dados de entrada'!$B$30 -> 32 | G81: ='[16]Dados de entrada'!$B$22 -> 44.5 | H81: ='[16]Dados de entrada'!$B$29/('[16]Dados de entrada'!$B$20*2*G81) -> 0.063049759 | I81: ='[16]fib Model Code 2010'!$K$9 -> 500 | J81: ='[16]Dados de entrada'!$C$11 -> 0.67 | AD81: ='[16]fib Model Code 2010'!$L$9 -> 0.43998774 | AE81: =AD81/J81 -> 0.65669812 | AF81: =LN(AE81) -> -0.42053084 | AG81: ='[16]fib Model Code 2020'!$L$9 -> 0.53552379 | AH81: =AG81/J81 -> 0.79928923 | AI81: =LN(AH81) -> -0.2240324 | AJ81: ='[16]Eurocode 2'!$L$9 -> 0.42925962 | AK81: =AJ81/J81 -> 0.640686 | AL81: =LN(AK81) -> -0.4452158 | AM81: ='[16]NBR 6118'!$Q$9 -> 0.46969897 | AN81: ='[16]NBR 6118'!$R$9 -> 1.2376257 | AO81: ='[16]NBR 6118'!$W$9 -> 0.70104323 | AP81: =LN(AO81) -> -0.35518572 | AQ81: ='[16]Clark (1956)'!$L$9 -> 0.30292608 | AR81: =AQ81/J81 -> 0.45212848 | AS81: =LN(AR81) -> -0.79378889 | AT81: ='[16]Leonhardt (1977)'!$L$9 -> 0.72144925 | AU81: =AT81/J81 -> 1.0767899 | AV81: =LN(AU81) -> 0.073984323 | AW81: ='[16]Desayi; Ganesan (1985)'!$L$9 -> 0.37350539 | AX81: =AW81/J81 -> 0.55747073 | AY81: =LN(AX81) -> -0.58434527 | AZ81: ='[16]Oh; Kang (1987)'!$L$9 -> 0.35043211 | BA81: =AZ81/J81 -> 0.52303299 | BB81: =LN(BA81) -> -0.64811073 | BC81: ='[16]Caldas (1997)'!$L$9 -> 0.51481723 | BD81: =BC81/J81 -> 0.76838393 | BE81: =LN(BD81) -> -0.26346577 | BF81: 0.45129892 | BG81: =BF81/J81 -> 0.67358048 | BH81: =LN(BG81) -> -0.39514779 | BI81: 0.60260898 | BJ81: =BI81/J81 -> 0.89941639 | BK81: =LN(BJ81) -> -0.10600918 | BL81: 0.91423712 | BM81: =BL81/J81 -> 1.364533 | BN81: =LN(BM81) -> 0.31081226 | BS81: =IF(AND(B81<=12.7,F81<=45),TRUE,FALSE) -> FALSE | BU81: =IF(AND(B81>12.7,F81<=45),TRUE,FALSE) -> TRUE | BW81: =IF(AND(F81<=45,C81>1),TRUE,FALSE) -> TRUE
A82: Viga 25-20-30 - Caldentey et al (2013) | B82: ='[17]Dados de entrada'!$B$28 -> 25 | C82: ='[17]Dados de entrada'!$B$31 -> 4 | D82: ='[17]Dados de entrada'!$B$32 -> 62 | E82: ='[17]Dados de entrada'!$B$27 -> 2.6933292 | F82: ='[17]Dados de entrada'!$B$30 -> 32 | G82: ='[17]Dados de entrada'!$B$22 -> 44.5 | H82: ='[17]Dados de entrada'!$B$29/('[17]Dados de entrada'!$B$20*2*G82) -> 0.063049759 | I82: ='[17]fib Model Code 2010'!$K$6 -> 213.02531 | J82: ='[17]Dados de entrada'!$C$8 -> 0.27 | AD82: ='[17]fib Model Code 2010'!$L$6 -> 0.16521223 | AE82: =AD82/J82 -> 0.61189716 | AF82: =LN(AE82) -> -0.49119105 | AG82: ='[17]fib Model Code 2020'!$L$6 -> 0.18965674 | AH82: =AG82/J82 -> 0.70243235 | AI82: =LN(AH82) -> -0.35320618 | AJ82: ='[17]Eurocode 2'!$L$6 -> 0.1611839 | AK82: =AJ82/J82 -> 0.59697741 | AL82: =LN(AK82) -> -0.51587601 | AM82: ='[17]NBR 6118'!$Q$6 -> 0.2097485 | AN82: ='[17]NBR 6118'!$R$6 -> 0.24680152 | AO82: ='[17]NBR 6118'!$W$6 -> 0.7768463 | AP82: =LN(AO82) -> -0.25251276 | AQ82: ='[17]Clark (1956)'!$L$6 -> 0.11745006 | AR82: =AQ82/J82 -> 0.43500022 | AS82: =LN(AR82) -> -0.83240875 | AT82: ='[17]Leonhardt (1977)'!$L$6 -> 0.27711743 | AU82: =AT82/J82 -> 1.0263609 | AV82: =LN(AU82) -> 0.026019406 | AW82: ='[17]Desayi; Ganesan (1985)'!$L$6 -> 0.1591322 | AX82: =AW82/J82 -> 0.58937853 | AY82: =LN(AX82) -> -0.52868663 | AZ82: ='[17]Oh; Kang (1987)'!$L$6 -> 0.13181223 | BA82: =AZ82/J82 -> 0.48819343 | BB82: =LN(BA82) -> -0.71704358 | BC82: ='[17]Caldas (1997)'!$L$6 -> 0.20539461 | BD82: =BC82/J82 -> 0.76072079 | BE82: =LN(BD82) -> -0.27348889 | BF82: {='[17]Gergely e Lutz (1968)'!$L$6:$L$9} -> 0.19227619 | BG82: =BF82/J82 -> 0.71213403 | BH82: =LN(BG82) -> -0.33948915 | BI82: {=[17]Sugestão!$M$6:$M$9} -> 0.19507032 | BJ82: =BI82/J82 -> 0.72248266 | BK82: =LN(BJ82) -> -0.32506186 | BL82: {='[17]fib Model Code 2020 modificado'!$L$6:$L$9} -> 0.28951744 | BM82: =BL82/J82 -> 1.0722868 | BN82: =LN(BM82) -> 0.069793565 | BS82: =IF(AND(B82<=12.7,F82<=45),TRUE,FALSE) -> FALSE | BU82: =IF(AND(B82>12.7,F82<=45),TRUE,FALSE) -> TRUE | BW82: =IF(AND(F82<=45,C82>1),TRUE,FALSE) -> TRUE
B83: ='[17]Dados de entrada'!$B$28 -> 25 | C83: ='[17]Dados de entrada'!$B$31 -> 4 | D83: ='[17]Dados de entrada'!$B$32 -> 62 | E83: ='[17]Dados de entrada'!$B$27 -> 2.6933292 | F83: ='[17]Dados de entrada'!$B$30 -> 32 | G83: ='[17]Dados de entrada'!$B$22 -> 44.5 | H83: ='[17]Dados de entrada'!$B$29/('[17]Dados de entrada'!$B$20*2*G83) -> 0.063049759 | I83: ='[17]fib Model Code 2010'!$K$7 -> 319.53797 | J83: ='[17]Dados de entrada'!$C$9 -> 0.4 | AD83: ='[17]fib Model Code 2010'!$L$7 -> 0.26719708 | AE83: =AD83/J83 -> 0.6679927 | AF83: =LN(AE83) -> -0.40347804 | AG83: ='[17]fib Model Code 2020'!$L$7 -> 0.3180277 | AH83: =AG83/J83 -> 0.79506925 | AI83: =LN(AH83) -> -0.22932606 | AJ83: ='[17]Eurocode 2'!$L$7 -> 0.26068207 | AK83: =AJ83/J83 -> 0.65170518 | AL83: =LN(AK83) -> -0.428163 | AM83: ='[17]NBR 6118'!$Q$7 -> 0.31462275 | AN83: ='[17]NBR 6118'!$R$7 -> 0.55530342 | AO83: ='[17]NBR 6118'!$W$7 -> 0.78655688 | AP83: =LN(AO83) -> -0.24009024 | AQ83: ='[17]Clark (1956)'!$L$7 -> 0.18629078 | AR83: =AQ83/J83 -> 0.46572694 | AS83: =LN(AR83) -> -0.76415578 | AT83: ='[17]Leonhardt (1977)'!$L$7 -> 0.44648166 | AU83: =AT83/J83 -> 1.1162042 | AV83: =LN(AU83) -> 0.10993378 | AW83: ='[17]Desayi; Ganesan (1985)'!$L$7 -> 0.23869831 | AX83: =AW83/J83 -> 0.59674576 | AY83: =LN(AX83) -> -0.51626411 | AZ83: ='[17]Oh; Kang (1987)'!$L$7 -> 0.21295452 | BA83: =AZ83/J83 -> 0.53238629 | BB83: =LN(BA83) -> -0.63038594 | BC83: ='[17]Caldas (1997)'!$L$7 -> 0.32023897 | BD83: =BC83/J83 -> 0.80059743 | BE83: =LN(BD83) -> -0.22239704 | BF83: 0.28841428 | BG83: =BF83/J83 -> 0.7210357 | BH83: =LN(BG83) -> -0.32706663 | BI83: 0.34850981 | BJ83: =BI83/J83 -> 0.87127452 | BK83: =LN(BJ83) -> -0.13779818 | BL83: 0.50205261 | BM83: =BL83/J83 -> 1.2551315 | BN83: =LN(BM83) -> 0.22724037 | BS83: =IF(AND(B83<=12.7,F83<=45),TRUE,FALSE) -> FALSE | BU83: =IF(AND(B83>12.7,F83<=45),TRUE,FALSE) -> TRUE | BW83: =IF(AND(F83<=45,C83>1),TRUE,FALSE) -> TRUE
B84: ='[17]Dados de entrada'!$B$28 -> 25 | C84: ='[17]Dados de entrada'!$B$31 -> 4 | D84: ='[17]Dados de entrada'!$B$32 -> 62 | E84: ='[17]Dados de entrada'!$B$27 -> 2.6933292 | F84: ='[17]Dados de entrada'!$B$30 -> 32 | G84: ='[17]Dados de entrada'!$B$22 -> 44.5 | H84: ='[17]Dados de entrada'!$B$29/('[17]Dados de entrada'!$B$20*2*G84) -> 0.063049759 | I84: ='[17]fib Model Code 2010'!$K$8 -> 426.05062 | J84: ='[17]Dados de entrada'!$C$10 -> 0.53 | AD84: ='[17]fib Model Code 2010'!$L$8 -> 0.36918192 | AE84: =AD84/J84 -> 0.69656967 | AF84: =LN(AE84) -> -0.36158747 | AG84: ='[17]fib Model Code 2020'!$L$8 -> 0.44639867 | AH84: =AG84/J84 -> 0.84226163 | AI84: =LN(AH84) -> -0.17166458 | AJ84: ='[17]Eurocode 2'!$L$8 -> 0.36018024 | AK84: =AJ84/J84 -> 0.67958536 | AL84: =LN(AK84) -> -0.38627243 | AM84: ='[17]NBR 6118'!$Q$8 -> 0.419497 | AN84: ='[17]NBR 6118'!$R$8 -> 0.98720608 | AO84: ='[17]NBR 6118'!$W$8 -> 0.79150378 | AP84: =LN(AO84) -> -0.23382062 | AQ84: ='[17]Clark (1956)'!$L$8 -> 0.25513149 | AR84: =AQ84/J84 -> 0.48138018 | AS84: =LN(AR84) -> -0.73109793 | AT84: ='[17]Leonhardt (1977)'!$L$8 -> 0.60968479 | AU84: =AT84/J84 -> 1.1503487 | AV84: =LN(AU84) -> 0.14006508 | AW84: ='[17]Desayi; Ganesan (1985)'!$L$8 -> 0.31826441 | AX84: =AW84/J84 -> 0.60049888 | AY84: =LN(AX84) -> -0.5099945 | AZ84: ='[17]Oh; Kang (1987)'!$L$8 -> 0.29409681 | BA84: =AZ84/J84 -> 0.55489964 | BB84: =LN(BA84) -> -0.58896801 | BC84: ='[17]Caldas (1997)'!$L$8 -> 0.43508333 | BD84: =BC84/J84 -> 0.82091195 | BE84: =LN(BD84) -> -0.19733942 | BF84: 0.38455237 | BG84: =BF84/J84 -> 0.72557052 | BH84: =LN(BG84) -> -0.32079701 | BI84: 0.5019493 | BJ84: =BI84/J84 -> 0.94707414 | BK84: =LN(BJ84) -> -0.054377897 | BL84: 0.73741036 | BM84: =BL84/J84 -> 1.3913403 | BN84: =LN(BM84) -> 0.33026752 | BS84: =IF(AND(B84<=12.7,F84<=45),TRUE,FALSE) -> FALSE | BU84: =IF(AND(B84>12.7,F84<=45),TRUE,FALSE) -> TRUE | BW84: =IF(AND(F84<=45,C84>1),TRUE,FALSE) -> TRUE
B85: ='[17]Dados de entrada'!$B$28 -> 25 | C85: ='[17]Dados de entrada'!$B$31 -> 4 | D85: ='[17]Dados de entrada'!$B$32 -> 62 | E85: ='[17]Dados de entrada'!$B$27 -> 2.6933292 | F85: ='[17]Dados de entrada'!$B$30 -> 32 | G85: ='[17]Dados de entrada'!$B$22 -> 44.5 | H85: ='[17]Dados de entrada'!$B$29/('[17]Dados de entrada'!$B$20*2*G85) -> 0.063049759 | I85: ='[17]fib Model Code 2010'!$K$9 -> 500 | J85: ='[17]Dados de entrada'!$C$11 -> 0.72 | AD85: ='[17]fib Model Code 2010'!$L$9 -> 0.43998774 | AE85: =AD85/J85 -> 0.61109409 | AF85: =LN(AE85) -> -0.49250434 | AG85: ='[17]fib Model Code 2020'!$L$9 -> 0.53552379 | AH85: =AG85/J85 -> 0.74378304 | AI85: =LN(AH85) -> -0.2960059 | AJ85: ='[17]Eurocode 2'!$L$9 -> 0.42925962 | AK85: =AJ85/J85 -> 0.59619392 | AL85: =LN(AK85) -> -0.5171893 | AM85: ='[17]NBR 6118'!$Q$9 -> 0.46969897 | AN85: ='[17]NBR 6118'!$R$9 -> 1.2376257 | AO85: ='[17]NBR 6118'!$W$9 -> 0.65235967 | AP85: =LN(AO85) -> -0.42715922 | AQ85: ='[17]Clark (1956)'!$L$9 -> 0.30292608 | AR85: =AQ85/J85 -> 0.42073067 | AS85: =LN(AR85) -> -0.86576239 | AT85: ='[17]Leonhardt (1977)'!$L$9 -> 0.72144925 | AU85: =AT85/J85 -> 1.0020128 | AV85: =LN(AU85) -> 0.0020108233 | AW85: ='[17]Desayi; Ganesan (1985)'!$L$9 -> 0.37350539 | AX85: =AW85/J85 -> 0.51875749 | AY85: =LN(AX85) -> -0.65631877 | AZ85: ='[17]Oh; Kang (1987)'!$L$9 -> 0.35043211 | BA85: =AZ85/J85 -> 0.48671126 | BB85: =LN(BA85) -> -0.72008423 | BC85: ='[17]Caldas (1997)'!$L$9 -> 0.51481723 | BD85: =BC85/J85 -> 0.71502393 | BE85: =LN(BD85) -> -0.33543927 | BF85: 0.45129892 | BG85: =BF85/J85 -> 0.62680406 | BH85: =LN(BG85) -> -0.46712129 | BI85: 0.60260898 | BJ85: =BI85/J85 -> 0.83695692 | BK85: =LN(BJ85) -> -0.17798268 | BL85: 0.91423712 | BM85: =BL85/J85 -> 1.2697738 | BN85: =LN(BM85) -> 0.23883876 | BS85: =IF(AND(B85<=12.7,F85<=45),TRUE,FALSE) -> FALSE | BU85: =IF(AND(B85>12.7,F85<=45),TRUE,FALSE) -> TRUE | BW85: =IF(AND(F85<=45,C85>1),TRUE,FALSE) -> TRUE
A86: Viga 25-70-00 - Caldentey et al (2013) | B86: ='[18]Dados de entrada'!$B$28 -> 25 | C86: ='[18]Dados de entrada'!$B$31 -> 4 | D86: ='[18]Dados de entrada'!$B$32 -> 28.7 | E86: ='[18]Dados de entrada'!$B$27 -> 2.6933292 | F86: ='[18]Dados de entrada'!$B$30 -> 82 | G86: ='[18]Dados de entrada'!$B$22 -> 94.5 | H86: ='[18]Dados de entrada'!$B$29/('[18]Dados de entrada'!$B$20*2*G86) -> 0.029690098 | I86: ='[18]fib Model Code 2010'!$K$5 -> 73.404459 | J86: ='[18]Dados de entrada'!$C$7 -> 0.15 | AD86: ='[18]fib Model Code 2010'!$L$5 -> 0.047185628 | AE86: =AD86/J86 -> 0.31457085 | AF86: =LN(AE86) -> -1.1565459 | AG86: ='[18]fib Model Code 2020'!$L$5 -> 0.072012387 | AH86: =AG86/J86 -> 0.48008258 | AI86: =LN(AH86) -> -0.73379714 | AJ86: ='[18]Eurocode 2'!$L$5 -> 0.079181432 | AK86: =AJ86/J86 -> 0.52787621 | AL86: =LN(AK86) -> -0.63889347 | AM86: ='[18]NBR 6118'!$Q$5 -> 0.10855044 | AN86: ='[18]NBR 6118'!$R$5 -> 0.029399601 | AO86: ='[18]NBR 6118'!$W$5 -> 0.19599734 | AP86: =LN(AO86) -> -1.6296542 | AQ86: ='[18]Clark (1956)'!$L$5 -> 0.062554745 | AR86: =AQ86/J86 -> 0.41703164 | AS86: =LN(AR86) -> -0.8745932 | AW86: ='[18]Desayi; Ganesan (1985)'!$L$5 -> 0.11120343 | AX86: =AW86/J86 -> 0.74135619 | AY86: =LN(AX86) -> -0.29927409 | AZ86: ='[18]Oh; Kang (1987)'!$L$5 -> 0.035644093 | BA86: =AZ86/J86 -> 0.23762729 | BB86: =LN(BA86) -> -1.4370518 | BC86: ='[18]Caldas (1997)'!$L$5 -> 0.075900155 | BD86: =BC86/J86 -> 0.50600103 | BE86: =LN(BD86) -> -0.68121657 | BF86: {='[18]Gergely e Lutz (1968)'!$L$5:$L$7} -> 0.13298388 | BG86: =BF86/J86 -> 0.88655919 | BH86: =LN(BG86) -> -0.12040738 | BI86: {=[18]Sugestão!$M$5:$M$7} -> 0.072012387 | BJ86: =BI86/J86 -> 0.48008258 | BK86: =LN(BJ86) -> -0.73379714 | BL86: {='[18]fib Model Code 2020 modificado'!$L$5:$L$7} -> 0.087529386 | BM86: =BL86/J86 -> 0.58352924 | BN86: =LN(BM86) -> -0.53866072 | BS86: =IF(AND(B86<=12.7,F86<=45),TRUE,FALSE) -> FALSE | BU86: =IF(AND(B86>12.7,F86<=45),TRUE,FALSE) -> FALSE | BW86: =IF(AND(F86<=45,C86>1),TRUE,FALSE) -> FALSE
B87: ='[18]Dados de entrada'!$B$28 -> 25 | C87: ='[18]Dados de entrada'!$B$31 -> 4 | D87: ='[18]Dados de entrada'!$B$32 -> 28.7 | E87: ='[18]Dados de entrada'!$B$27 -> 2.6933292 | F87: ='[18]Dados de entrada'!$B$30 -> 82 | G87: ='[18]Dados de entrada'!$B$22 -> 94.5 | H87: ='[18]Dados de entrada'!$B$29/('[18]Dados de entrada'!$B$20*2*G87) -> 0.029690098 | I87: ='[18]fib Model Code 2010'!$K$6 -> 122.34077 | J87: ='[18]Dados de entrada'!$C$8 -> 0.3 | AD87: ='[18]fib Model Code 2010'!$L$6 -> 0.11960451 | AE87: =AD87/J87 -> 0.39868169 | AF87: =LN(AE87) -> -0.91959196 | AG87: ='[18]fib Model Code 2020'!$L$6 -> 0.12002065 | AH87: =AG87/J87 -> 0.40006882 | AI87: =LN(AH87) -> -0.9161187 | AJ87: ='[18]Eurocode 2'!$L$6 -> 0.14530367 | AK87: =AJ87/J87 -> 0.48434557 | AL87: =LN(AK87) -> -0.72495663 | AM87: ='[18]NBR 6118'!$Q$6 -> 0.18091739 | AN87: ='[18]NBR 6118'!$R$6 -> 0.081665558 | AO87: ='[18]NBR 6118'!$W$6 -> 0.27221853 | AP87: =LN(AO87) -> -1.3011501 | AQ87: ='[18]Clark (1956)'!$L$6 -> 0.12972039 | AR87: =AQ87/J87 -> 0.43240129 | AS87: =LN(AR87) -> -0.83840121 | AT87: ='[18]Leonhardt (1977)'!$L$6 -> 0.1155173 | AU87: =AT87/J87 -> 0.38505765 | AV87: =LN(AU87) -> -0.95436221 | AW87: ='[18]Desayi; Ganesan (1985)'!$L$6 -> 0.18533905 | AX87: =AW87/J87 -> 0.61779682 | AY87: =LN(AX87) -> -0.48159564 | AZ87: ='[18]Oh; Kang (1987)'!$L$6 -> 0.087861381 | BA87: =AZ87/J87 -> 0.29287127 | BB87: =LN(BA87) -> -1.2280221 | BC87: ='[18]Caldas (1997)'!$L$6 -> 0.14891109 | BD87: =BC87/J87 -> 0.4963703 | BE87: =LN(BD87) -> -0.70043307 | BF87: 0.2216398 | BG87: =BF87/J87 -> 0.73879933 | BH87: =LN(BG87) -> -0.30272894 | BI87: 0.12002065 | BJ87: =BI87/J87 -> 0.40006882 | BK87: =LN(BJ87) -> -0.9161187 | BL87: 0.14795456 | BM87: =BL87/J87 -> 0.49318188 | BN87: =LN(BM87) -> -0.70687726 | BS87: =IF(AND(B87<=12.7,F87<=45),TRUE,FALSE) -> FALSE | BU87: =IF(AND(B87>12.7,F87<=45),TRUE,FALSE) -> FALSE | BW87: =IF(AND(F87<=45,C87>1),TRUE,FALSE) -> FALSE
B88: ='[18]Dados de entrada'!$B$28 -> 25 | C88: ='[18]Dados de entrada'!$B$31 -> 4 | D88: ='[18]Dados de entrada'!$B$32 -> 28.7 | E88: ='[18]Dados de entrada'!$B$27 -> 2.6933292 | F88: ='[18]Dados de entrada'!$B$30 -> 82 | G88: ='[18]Dados de entrada'!$B$22 -> 94.5 | H88: ='[18]Dados de entrada'!$B$29/('[18]Dados de entrada'!$B$20*2*G88) -> 0.029690098 | I88: ='[18]fib Model Code 2010'!$K$7 -> 244.68153 | J88: ='[18]Dados de entrada'!$C$9 -> 0.57 | AD88: ='[18]fib Model Code 2010'!$L$7 -> 0.3006517 | AE88: =AD88/J88 -> 0.52745913 | AF88: =LN(AE88) -> -0.6396839 | AG88: ='[18]fib Model Code 2020'!$L$7 -> 0.41855958 | AH88: =AG88/J88 -> 0.73431506 | AI88: =LN(AH88) -> -0.30881711 | AJ88: ='[18]Eurocode 2'!$L$7 -> 0.36525209 | AK88: =AJ88/J88 -> 0.64079315 | AL88: =LN(AK88) -> -0.44504858 | AM88: ='[18]NBR 6118'!$Q$7 -> 0.36183479 | AN88: ='[18]NBR 6118'!$R$7 -> 0.32666223 | AO88: ='[18]NBR 6118'!$W$7 -> 0.57309164 | AP88: =LN(AO88) -> -0.55670965 | AQ88: ='[18]Clark (1956)'!$L$7 -> 0.29763449 | AR88: =AQ88/J88 -> 0.52216577 | AS88: =LN(AR88) -> -0.64977017 | AT88: ='[18]Leonhardt (1977)'!$L$7 -> 0.46460104 | AU88: =AT88/J88 -> 0.81508954 | AV88: =LN(AU88) -> -0.20445731 | AW88: ='[18]Desayi; Ganesan (1985)'!$L$7 -> 0.37067809 | AX88: =AW88/J88 -> 0.65031244 | AY88: =LN(AX88) -> -0.43030235 | AZ88: ='[18]Oh; Kang (1987)'!$L$7 -> 0.2184046 | BA88: =AZ88/J88 -> 0.38316596 | BB88: =LN(BA88) -> -0.95928706 | BC88: ='[18]Caldas (1997)'!$L$7 -> 0.33143842 | BD88: =BC88/J88 -> 0.58147092 | BE88: =LN(BD88) -> -0.54219432 | BF88: 0.4432796 | BG88: =BF88/J88 -> 0.7776835 | BH88: =LN(BG88) -> -0.25143565 | BI88: 0.45337198 | BJ88: =BI88/J88 -> 0.79538943 | BK88: =LN(BJ88) -> -0.22892343 | BL88: 0.48478869 | BM88: =BL88/J88 -> 0.85050647 | BN88: =LN(BM88) -> -0.16192326 | BS88: =IF(AND(B88<=12.7,F88<=45),TRUE,FALSE) -> FALSE | BU88: =IF(AND(B88>12.7,F88<=45),TRUE,FALSE) -> FALSE | BW88: =IF(AND(F88<=45,C88>1),TRUE,FALSE) -> FALSE
A89: Viga 25-70-10 - Caldentey et al (2013) | B89: ='[19]Dados de entrada'!$B$28 -> 25 | C89: ='[19]Dados de entrada'!$B$31 -> 4 | D89: ='[19]Dados de entrada'!$B$32 -> 28.7 | E89: ='[19]Dados de entrada'!$B$27 -> 2.6933292 | F89: ='[19]Dados de entrada'!$B$30 -> 82 | G89: ='[19]Dados de entrada'!$B$22 -> 94.5 | H89: ='[19]Dados de entrada'!$B$29/('[19]Dados de entrada'!$B$20*2*G89) -> 0.029690098 | I89: ='[19]fib Model Code 2010'!$K$5 -> 73.404459 | J89: ='[19]Dados de entrada'!$C$7 -> 0.15 | AD89: ='[19]fib Model Code 2010'!$L$5 -> 0.047185628 | AE89: =AD89/J89 -> 0.31457085 | AF89: =LN(AE89) -> -1.1565459 | AG89: ='[19]fib Model Code 2020'!$L$5 -> 0.072012387 | AH89: =AG89/J89 -> 0.48008258 | AI89: =LN(AH89) -> -0.73379714 | AJ89: ='[19]Eurocode 2'!$L$5 -> 0.079181432 | AK89: =AJ89/J89 -> 0.52787621 | AL89: =LN(AK89) -> -0.63889347 | AM89: ='[19]NBR 6118'!$Q$5 -> 0.10855044 | AN89: ='[19]NBR 6118'!$R$5 -> 0.029399601 | AO89: ='[19]NBR 6118'!$W$5 -> 0.19599734 | AP89: =LN(AO89) -> -1.6296542 | AQ89: ='[19]Clark (1956)'!$L$5 -> 0.062554745 | AR89: =AQ89/J89 -> 0.41703164 | AS89: =LN(AR89) -> -0.8745932 | AW89: ='[19]Desayi; Ganesan (1985)'!$L$5 -> 0.11120343 | AX89: =AW89/J89 -> 0.74135619 | AY89: =LN(AX89) -> -0.29927409 | AZ89: ='[19]Oh; Kang (1987)'!$L$5 -> 0.035644093 | BA89: =AZ89/J89 -> 0.23762729 | BB89: =LN(BA89) -> -1.4370518 | BC89: ='[19]Caldas (1997)'!$L$5 -> 0.075900155 | BD89: =BC89/J89 -> 0.50600103 | BE89: =LN(BD89) -> -0.68121657 | BF89: {='[19]Gergely e Lutz (1968)'!$L$5:$L$7} -> 0.13298388 | BG89: =BF89/J89 -> 0.88655919 | BH89: =LN(BG89) -> -0.12040738 | BI89: {=[19]Sugestão!$M$5:$M$7} -> 0.072012387 | BJ89: =BI89/J89 -> 0.48008258 | BK89: =LN(BJ89) -> -0.73379714 | BL89: {='[19]fib Model Code 2020 modificado'!$L$5:$L$7} -> 0.087529386 | BM89: =BL89/J89 -> 0.58352924 | BN89: =LN(BM89) -> -0.53866072 | BS89: =IF(AND(B89<=12.7,F89<=45),TRUE,FALSE) -> FALSE | BU89: =IF(AND(B89>12.7,F89<=45),TRUE,FALSE) -> FALSE | BW89: =IF(AND(F89<=45,C89>1),TRUE,FALSE) -> FALSE
B90: ='[19]Dados de entrada'!$B$28 -> 25 | C90: ='[19]Dados de entrada'!$B$31 -> 4 | D90: ='[19]Dados de entrada'!$B$32 -> 28.7 | E90: ='[19]Dados de entrada'!$B$27 -> 2.6933292 | F90: ='[19]Dados de entrada'!$B$30 -> 82 | G90: ='[19]Dados de entrada'!$B$22 -> 94.5 | H90: ='[19]Dados de entrada'!$B$29/('[19]Dados de entrada'!$B$20*2*G90) -> 0.029690098 | I90: ='[19]fib Model Code 2010'!$K$6 -> 122.34077 | J90: ='[19]Dados de entrada'!$C$8 -> 0.26 | AD90: ='[19]fib Model Code 2010'!$L$6 -> 0.11960451 | AE90: =AD90/J90 -> 0.46001733 | AF90: =LN(AE90) -> -0.77649111 | AG90: ='[19]fib Model Code 2020'!$L$6 -> 0.12002065 | AH90: =AG90/J90 -> 0.46161787 | AI90: =LN(AH90) -> -0.77301786 | AJ90: ='[19]Eurocode 2'!$L$6 -> 0.14530367 | AK90: =AJ90/J90 -> 0.55886028 | AL90: =LN(AK90) -> -0.58185579 | AM90: ='[19]NBR 6118'!$Q$6 -> 0.18091739 | AN90: ='[19]NBR 6118'!$R$6 -> 0.081665558 | AO90: ='[19]NBR 6118'!$W$6 -> 0.3140983 | AP90: =LN(AO90) -> -1.1580493 | AQ90: ='[19]Clark (1956)'!$L$6 -> 0.12972039 | AR90: =AQ90/J90 -> 0.49892456 | AS90: =LN(AR90) -> -0.69530037 | AT90: ='[19]Leonhardt (1977)'!$L$6 -> 0.1155173 | AU90: =AT90/J90 -> 0.44429729 | AV90: =LN(AU90) -> -0.81126137 | AW90: ='[19]Desayi; Ganesan (1985)'!$L$6 -> 0.18533905 | AX90: =AW90/J90 -> 0.71284249 | AY90: =LN(AX90) -> -0.3384948 | AZ90: ='[19]Oh; Kang (1987)'!$L$6 -> 0.087861381 | BA90: =AZ90/J90 -> 0.33792839 | BB90: =LN(BA90) -> -1.0849213 | BC90: ='[19]Caldas (1997)'!$L$6 -> 0.14891109 | BD90: =BC90/J90 -> 0.57273496 | BE90: =LN(BD90) -> -0.55733222 | BF90: 0.2216398 | BG90: =BF90/J90 -> 0.85246076 | BH90: =LN(BG90) -> -0.1596281 | BI90: 0.12002065 | BJ90: =BI90/J90 -> 0.46161787 | BK90: =LN(BJ90) -> -0.77301786 | BL90: 0.14795456 | BM90: =BL90/J90 -> 0.56905601 | BN90: =LN(BM90) -> -0.56377641 | BS90: =IF(AND(B90<=12.7,F90<=45),TRUE,FALSE) -> FALSE | BU90: =IF(AND(B90>12.7,F90<=45),TRUE,FALSE) -> FALSE | BW90: =IF(AND(F90<=45,C90>1),TRUE,FALSE) -> FALSE
B91: ='[19]Dados de entrada'!$B$28 -> 25 | C91: ='[19]Dados de entrada'!$B$31 -> 4 | D91: ='[19]Dados de entrada'!$B$32 -> 28.7 | E91: ='[19]Dados de entrada'!$B$27 -> 2.6933292 | F91: ='[19]Dados de entrada'!$B$30 -> 82 | G91: ='[19]Dados de entrada'!$B$22 -> 94.5 | H91: ='[19]Dados de entrada'!$B$29/('[19]Dados de entrada'!$B$20*2*G91) -> 0.029690098 | I91: ='[19]fib Model Code 2010'!$K$7 -> 244.68153 | J91: ='[19]Dados de entrada'!$C$9 -> 0.6 | AD91: ='[19]fib Model Code 2010'!$L$7 -> 0.3006517 | AE91: =AD91/J91 -> 0.50108617 | AF91: =LN(AE91) -> -0.6909772 | AG91: ='[19]fib Model Code 2020'!$L$7 -> 0.41855958 | AH91: =AG91/J91 -> 0.69759931 | AI91: =LN(AH91) -> -0.3601104 | AJ91: ='[19]Eurocode 2'!$L$7 -> 0.36525209 | AK91: =AJ91/J91 -> 0.60875349 | AL91: =LN(AK91) -> -0.49634187 | AM91: ='[19]NBR 6118'!$Q$7 -> 0.36183479 | AN91: ='[19]NBR 6118'!$R$7 -> 0.32666223 | AO91: ='[19]NBR 6118'!$W$7 -> 0.54443706 | AP91: =LN(AO91) -> -0.60800294 | AQ91: ='[19]Clark (1956)'!$L$7 -> 0.29763449 | AR91: =AQ91/J91 -> 0.49605748 | AS91: =LN(AR91) -> -0.70106347 | AT91: ='[19]Leonhardt (1977)'!$L$7 -> 0.46460104 | AU91: =AT91/J91 -> 0.77433506 | AV91: =LN(AU91) -> -0.2557506 | AW91: ='[19]Desayi; Ganesan (1985)'!$L$7 -> 0.37067809 | AX91: =AW91/J91 -> 0.61779682 | AY91: =LN(AX91) -> -0.48159564 | AZ91: ='[19]Oh; Kang (1987)'!$L$7 -> 0.2184046 | BA91: =AZ91/J91 -> 0.36400767 | BB91: =LN(BA91) -> -1.0105804 | BC91: ='[19]Caldas (1997)'!$L$7 -> 0.33143842 | BD91: =BC91/J91 -> 0.55239737 | BE91: =LN(BD91) -> -0.59348761 | BF91: 0.4432796 | BG91: =BF91/J91 -> 0.73879933 | BH91: =LN(BG91) -> -0.30272894 | BI91: 0.45337198 | BJ91: =BI91/J91 -> 0.75561996 | BK91: =LN(BJ91) -> -0.28021673 | BL91: 0.48478869 | BM91: =BL91/J91 -> 0.80798115 | BN91: =LN(BM91) -> -0.21321656 | BS91: =IF(AND(B91<=12.7,F91<=45),TRUE,FALSE) -> FALSE | BU91: =IF(AND(B91>12.7,F91<=45),TRUE,FALSE) -> FALSE | BW91: =IF(AND(F91<=45,C91>1),TRUE,FALSE) -> FALSE
A92: Viga 25-70-30 - Caldentey et al (2013) | B92: ='[20]Dados de entrada'!$B$28 -> 25 | C92: ='[20]Dados de entrada'!$B$31 -> 4 | D92: ='[20]Dados de entrada'!$B$32 -> 28.7 | E92: ='[20]Dados de entrada'!$B$27 -> 2.6933292 | F92: ='[20]Dados de entrada'!$B$30 -> 82 | G92: ='[20]Dados de entrada'!$B$22 -> 94.5 | H92: ='[20]Dados de entrada'!$B$29/('[20]Dados de entrada'!$B$20*2*G92) -> 0.029690098 | I92: ='[20]fib Model Code 2010'!$K$5 -> 73.404459 | J92: ='[20]Dados de entrada'!$C$7 -> 0.16 | AD92: ='[20]fib Model Code 2010'!$L$5 -> 0.047185628 | AE92: =AD92/J92 -> 0.29491017 | AF92: =LN(AE92) -> -1.2210845 | AG92: ='[20]fib Model Code 2020'!$L$5 -> 0.072012387 | AH92: =AG92/J92 -> 0.45007742 | AI92: =LN(AH92) -> -0.79833567 | AJ92: ='[20]Eurocode 2'!$L$5 -> 0.079181432 | AK92: =AJ92/J92 -> 0.49488395 | AL92: =LN(AK92) -> -0.70343199 | AM92: ='[20]NBR 6118'!$Q$5 -> 0.10855044 | AN92: ='[20]NBR 6118'!$R$5 -> 0.029399601 | AO92: ='[20]NBR 6118'!$W$5 -> 0.18374751 | AP92: =LN(AO92) -> -1.6941927 | AQ92: ='[20]Clark (1956)'!$L$5 -> 0.062554745 | AR92: =AQ92/J92 -> 0.39096716 | AS92: =LN(AR92) -> -0.93913172 | AW92: ='[20]Desayi; Ganesan (1985)'!$L$5 -> 0.11120343 | AX92: =AW92/J92 -> 0.69502142 | AY92: =LN(AX92) -> -0.36381261 | AZ92: ='[20]Oh; Kang (1987)'!$L$5 -> 0.035644093 | BA92: =AZ92/J92 -> 0.22277558 | BB92: =LN(BA92) -> -1.5015904 | BC92: ='[20]Caldas (1997)'!$L$5 -> 0.075900155 | BD92: =BC92/J92 -> 0.47437597 | BE92: =LN(BD92) -> -0.74575509 | BF92: {='[20]Gergely e Lutz (1968)'!$L$5:$L$7} -> 0.13298388 | BG92: =BF92/J92 -> 0.83114924 | BH92: =LN(BG92) -> -0.18494591 | BI92: {=[20]Sugestão!$M$5:$M$7} -> 0.072012387 | BJ92: =BI92/J92 -> 0.45007742 | BK92: =LN(BJ92) -> -0.79833567 | BL92: {='[20]fib Model Code 2020 modificado'!$L$5:$L$7} -> 0.087529386 | BM92: =BL92/J92 -> 0.54705866 | BN92: =LN(BM92) -> -0.60319924 | BS92: =IF(AND(B92<=12.7,F92<=45),TRUE,FALSE) -> FALSE | BU92: =IF(AND(B92>12.7,F92<=45),TRUE,FALSE) -> FALSE | BW92: =IF(AND(F92<=45,C92>1),TRUE,FALSE) -> FALSE
B93: ='[20]Dados de entrada'!$B$28 -> 25 | C93: ='[20]Dados de entrada'!$B$31 -> 4 | D93: ='[20]Dados de entrada'!$B$32 -> 28.7 | E93: ='[20]Dados de entrada'!$B$27 -> 2.6933292 | F93: ='[20]Dados de entrada'!$B$30 -> 82 | G93: ='[20]Dados de entrada'!$B$22 -> 94.5 | H93: ='[20]Dados de entrada'!$B$29/('[20]Dados de entrada'!$B$20*2*G93) -> 0.029690098 | I93: ='[20]fib Model Code 2010'!$K$6 -> 122.34077 | J93: ='[20]Dados de entrada'!$C$8 -> 0.27 | AD93: ='[20]fib Model Code 2010'!$L$6 -> 0.11960451 | AE93: =AD93/J93 -> 0.44297965 | AF93: =LN(AE93) -> -0.81423144 | AG93: ='[20]fib Model Code 2020'!$L$6 -> 0.12002065 | AH93: =AG93/J93 -> 0.44452091 | AI93: =LN(AH93) -> -0.81075819 | AJ93: ='[20]Eurocode 2'!$L$6 -> 0.14530367 | AK93: =AJ93/J93 -> 0.53816175 | AL93: =LN(AK93) -> -0.61959612 | AM93: ='[20]NBR 6118'!$Q$6 -> 0.18091739 | AN93: ='[20]NBR 6118'!$R$6 -> 0.081665558 | AO93: ='[20]NBR 6118'!$W$6 -> 0.30246503 | AP93: =LN(AO93) -> -1.1957896 | AQ93: ='[20]Clark (1956)'!$L$6 -> 0.12972039 | AR93: =AQ93/J93 -> 0.48044588 | AS93: =LN(AR93) -> -0.7330407 | AT93: ='[20]Leonhardt (1977)'!$L$6 -> 0.1155173 | AU93: =AT93/J93 -> 0.42784183 | AV93: =LN(AU93) -> -0.8490017 | AW93: ='[20]Desayi; Ganesan (1985)'!$L$6 -> 0.18533905 | AX93: =AW93/J93 -> 0.68644091 | AY93: =LN(AX93) -> -0.37623513 | AZ93: ='[20]Oh; Kang (1987)'!$L$6 -> 0.087861381 | BA93: =AZ93/J93 -> 0.32541252 | BB93: =LN(BA93) -> -1.1226616 | BC93: ='[20]Caldas (1997)'!$L$6 -> 0.14891109 | BD93: =BC93/J93 -> 0.55152255 | BE93: =LN(BD93) -> -0.59507255 | BF93: 0.2216398 | BG93: =BF93/J93 -> 0.82088814 | BH93: =LN(BG93) -> -0.19736843 | BI93: 0.12002065 | BJ93: =BI93/J93 -> 0.44452091 | BK93: =LN(BJ93) -> -0.81075819 | BL93: 0.14795456 | BM93: =BL93/J93 -> 0.54797986 | BN93: =LN(BM93) -> -0.60151674 | BS93: =IF(AND(B93<=12.7,F93<=45),TRUE,FALSE) -> FALSE | BU93: =IF(AND(B93>12.7,F93<=45),TRUE,FALSE) -> FALSE | BW93: =IF(AND(F93<=45,C93>1),TRUE,FALSE) -> FALSE
B94: ='[20]Dados de entrada'!$B$28 -> 25 | C94: ='[20]Dados de entrada'!$B$31 -> 4 | D94: ='[20]Dados de entrada'!$B$32 -> 28.7 | E94: ='[20]Dados de entrada'!$B$27 -> 2.6933292 | F94: ='[20]Dados de entrada'!$B$30 -> 82 | G94: ='[20]Dados de entrada'!$B$22 -> 94.5 | H94: ='[20]Dados de entrada'!$B$29/('[20]Dados de entrada'!$B$20*2*G94) -> 0.029690098 | I94: ='[20]fib Model Code 2010'!$K$7 -> 244.68153 | J94: ='[20]Dados de entrada'!$C$9 -> 0.59 | AD94: ='[20]fib Model Code 2010'!$L$7 -> 0.3006517 | AE94: =AD94/J94 -> 0.50957916 | AF94: =LN(AE94) -> -0.67417008 | AG94: ='[20]fib Model Code 2020'!$L$7 -> 0.41855958 | AH94: =AG94/J94 -> 0.70942302 | AI94: =LN(AH94) -> -0.34330328 | AJ94: ='[20]Eurocode 2'!$L$7 -> 0.36525209 | AK94: =AJ94/J94 -> 0.61907134 | AL94: =LN(AK94) -> -0.47953476 | AM94: ='[20]NBR 6118'!$Q$7 -> 0.36183479 | AN94: ='[20]NBR 6118'!$R$7 -> 0.32666223 | AO94: ='[20]NBR 6118'!$W$7 -> 0.5536648 | AP94: =LN(AO94) -> -0.59119583 | AQ94: ='[20]Clark (1956)'!$L$7 -> 0.29763449 | AR94: =AQ94/J94 -> 0.50446524 | AS94: =LN(AR94) -> -0.68425635 | AT94: ='[20]Leonhardt (1977)'!$L$7 -> 0.46460104 | AU94: =AT94/J94 -> 0.78745938 | AV94: =LN(AU94) -> -0.23894349 | AW94: ='[20]Desayi; Ganesan (1985)'!$L$7 -> 0.37067809 | AX94: =AW94/J94 -> 0.62826795 | AY94: =LN(AX94) -> -0.46478853 | AZ94: ='[20]Oh; Kang (1987)'!$L$7 -> 0.2184046 | BA94: =AZ94/J94 -> 0.37017729 | BB94: =LN(BA94) -> -0.99377323 | BC94: ='[20]Caldas (1997)'!$L$7 -> 0.33143842 | BD94: =BC94/J94 -> 0.56176004 | BE94: =LN(BD94) -> -0.57668049 | BF94: 0.4432796 | BG94: =BF94/J94 -> 0.75132135 | BH94: =LN(BG94) -> -0.28592182 | BI94: 0.45337198 | BJ94: =BI94/J94 -> 0.76842708 | BK94: =LN(BJ94) -> -0.26340961 | BL94: 0.48478869 | BM94: =BL94/J94 -> 0.82167574 | BN94: =LN(BM94) -> -0.19640944 | BS94: =IF(AND(B94<=12.7,F94<=45),TRUE,FALSE) -> FALSE | BU94: =IF(AND(B94>12.7,F94<=45),TRUE,FALSE) -> FALSE | BW94: =IF(AND(F94<=45,C94>1),TRUE,FALSE) -> FALSE
A95: Viga RS1 - Harajlí e Naamam (1985) | B95: ='[21]Dados de entrada'!$B$28 -> 9.52 | C95: ='[21]Dados de entrada'!$B$31 -> 3 | D95: ='[21]Dados de entrada'!$B$32 -> 22.2 | E95: ='[21]Dados de entrada'!$B$27 -> 3.56416 | F95: ='[21]Dados de entrada'!$B$30 -> 20.64 | G95: ='[21]Dados de entrada'!$B$22 -> 25.4 | H95: ='[21]Dados de entrada'!$B$29/('[21]Dados de entrada'!$B$20*2*G95) -> 0.036666184 | I95: ='[21]fib Model Code 2010'!$K$5 -> 295.47063 | J95: ='[21]Dados de entrada'!$C$7 -> 0.15 | AD95: ='[21]fib Model Code 2010'!$L$5 -> 0.13329381 | AE95: =AD95/J95 -> 0.88862543 | AF95: =LN(AE95) -> -0.11807947 | AG95: ='[21]fib Model Code 2020'!$L$5 -> 0.12366214 | AH95: =AG95/J95 -> 0.82441429 | AI95: =LN(AH95) -> -0.19308209 | AJ95: ='[21]Eurocode 2'!$L$5 -> 0.13033572 | AK95: =AJ95/J95 -> 0.8689048 | AL95: =LN(AK95) -> -0.14052171 | AM95: ='[21]NBR 6118'!$Q$5 -> 0.1413375 | AN95: ='[21]NBR 6118'!$R$5 -> 0.1368483 | AO95: ='[21]NBR 6118'!$W$5 -> 0.91232203 | AP95: =LN(AO95) -> -0.091762246 | AQ95: ='[21]Clark (1956)'!$L$5 -> 0.10572052 | AR95: =AQ95/J95 -> 0.70480348 | AS95: =LN(AR95) -> -0.34983627 | AT95: ='[21]Leonhardt (1977)'!$L$5 -> 0.20816075 | AU95: =AT95/J95 -> 1.3877383 | AV95: =LN(AU95) -> 0.32767533 | AW95: ='[21]Desayi; Ganesan (1985)'!$L$5 -> 0.14104001 | AX95: =AW95/J95 -> 0.9402667 | AY95: =LN(AX95) -> -0.061591718 | AZ95: ='[21]Oh; Kang (1987)'!$L$5 -> 0.097608122 | BA95: =AZ95/J95 -> 0.65072082 | BB95: =LN(BA95) -> -0.42967458 | BC95: ='[21]Caldas (1997)'!$L$5 -> 0.12185311 | BD95: =BC95/J95 -> 0.81235405 | BE95: =LN(BD95) -> -0.20781901 | BF95: {='[21]Gergely e Lutz (1968)'!$L$5:$L$6} -> 0.13966394 | BG95: =BF95/J95 -> 0.93109294 | BH95: =LN(BG95) -> -0.071396182 | BI95: {=[21]Sugestão!$M$5:$M$6} -> 0.14576286 | BJ95: =BI95/J95 -> 0.97175237 | BK95: =LN(BJ95) -> -0.028654265 | BL95: {='[21]fib Model Code 2020 modificado'!$L$5:$L$6} -> 0.15911301 | BM95: =BL95/J95 -> 1.0607534 | BN95: =LN(BM95) -> 0.058979409 | BS95: =IF(AND(B95<=12.7,F95<=45),TRUE,FALSE) -> TRUE | BU95: =IF(AND(B95>12.7,F95<=45),TRUE,FALSE) -> FALSE | BW95: =IF(AND(F95<=45,C95>1),TRUE,FALSE) -> TRUE
B96: ='[21]Dados de entrada'!$B$28 -> 9.52 | C96: ='[21]Dados de entrada'!$B$31 -> 3 | D96: ='[21]Dados de entrada'!$B$32 -> 22.2 | E96: ='[21]Dados de entrada'!$B$27 -> 3.56416 | F96: ='[21]Dados de entrada'!$B$30 -> 20.64 | G96: ='[21]Dados de entrada'!$B$22 -> 25.4 | H96: ='[21]Dados de entrada'!$B$29/('[21]Dados de entrada'!$B$20*2*G96) -> 0.036666184 | I96: ='[21]fib Model Code 2010'!$K$6 -> 343.86668 | J96: ='[21]Dados de entrada'!$C$8 -> 0.17 | AD96: ='[21]fib Model Code 2010'!$L$6 -> 0.16300334 | AE96: =AD96/J96 -> 0.95884316 | AF96: =LN(AE96) -> -0.042027762 | AG96: ='[21]fib Model Code 2020'!$L$6 -> 0.1537023 | AH96: =AG96/J96 -> 0.90413115 | AI96: =LN(AH96) -> -0.10078085 | AJ96: ='[21]Eurocode 2'!$L$6 -> 0.15938592 | AK96: =AJ96/J96 -> 0.93756423 | AL96: =LN(AK96) -> -0.064470009 | AM96: ='[21]NBR 6118'!$Q$6 -> 0.16448761 | AN96: ='[21]NBR 6118'!$R$6 -> 0.18534931 | AO96: ='[21]NBR 6118'!$W$6 -> 0.96757416 | AP96: =LN(AO96) -> -0.032963202 | AQ96: ='[21]Clark (1956)'!$L$6 -> 0.12620235 | AR96: =AQ96/J96 -> 0.74236677 | AS96: =LN(AR96) -> -0.29791185 | AT96: ='[21]Leonhardt (1977)'!$L$6 -> 0.25338035 | AU96: =AT96/J96 -> 1.4904726 | AV96: =LN(AU96) -> 0.39909328 | AW96: ='[21]Desayi; Ganesan (1985)'!$L$6 -> 0.16414139 | AX96: =AW96/J96 -> 0.96553756 | AY96: =LN(AX96) -> -0.035070274 | AZ96: ='[21]Oh; Kang (1987)'!$L$6 -> 0.11609889 | BA96: =AZ96/J96 -> 0.68293464 | BB96: =LN(BA96) -> -0.38135612 | BC96: ='[21]Caldas (1997)'!$L$6 -> 0.14354615 | BD96: =BC96/J96 -> 0.8443891 | BE96: =LN(BD96) -> -0.16914187 | BF96: 0.16253993 | BG96: =BF96/J96 -> 0.95611724 | BH96: =LN(BG96) -> -0.044874738 | BI96: 0.18594638 | BJ96: =BI96/J96 -> 1.0938023 | BK96: =LN(BJ96) -> 0.089659933 | BL96: 0.19746392 | BM96: =BL96/J96 -> 1.1615525 | BN96: =LN(BM96) -> 0.14975743 | BS96: =IF(AND(B96<=12.7,F96<=45),TRUE,FALSE) -> TRUE | BU96: =IF(AND(B96>12.7,F96<=45),TRUE,FALSE) -> FALSE | BW96: =IF(AND(F96<=45,C96>1),TRUE,FALSE) -> TRUE
A97: Viga RS2 - Harajlí e Naamam (1985) | B97: ='[22]Dados de entrada'!$B$28 -> 12.7 | C97: ='[22]Dados de entrada'!$B$31 -> 3 | D97: ='[22]Dados de entrada'!$B$32 -> 19.05 | E97: ='[22]Dados de entrada'!$B$27 -> 3.9766082 | F97: ='[22]Dados de entrada'!$B$30 -> 19.05 | G97: ='[22]Dados de entrada'!$B$22 -> 25.4 | H97: ='[22]Dados de entrada'!$B$29/('[22]Dados de entrada'!$B$20*2*G97) -> 0.066667356 | I97: ='[22]fib Model Code 2010'!$K$5 -> 303.25603 | J97: ='[22]Dados de entrada'!$C$7 -> 0.15 | AD97: ='[22]fib Model Code 2010'!$L$5 -> 0.11767813 | AE97: =AD97/J97 -> 0.78452087 | AF97: =LN(AE97) -> -0.24268211 | AG97: ='[22]fib Model Code 2020'!$L$5 -> 0.12257102 | AH97: =AG97/J97 -> 0.81714013 | AI97: =LN(AH97) -> -0.20194469 | AJ97: ='[22]Eurocode 2'!$L$5 -> 0.12444951 | AK97: =AJ97/J97 -> 0.82966341 | AL97: =LN(AK97) -> -0.18673519 | AM97: ='[22]NBR 6118'!$Q$5 -> 0.14698611 | AN97: ='[22]NBR 6118'!$R$5 -> 0.17649154 | AO97: ='[22]NBR 6118'!$W$5 -> 0.97990739 | AP97: =LN(AO97) -> -0.020297209 | AQ97: ='[22]Clark (1956)'!$L$5 -> 0.085929874 | AR97: =AQ97/J97 -> 0.57286583 | AS97: =LN(AR97) -> -0.55710375 | AT97: ='[22]Leonhardt (1977)'!$L$5 -> 0.22278345 | AU97: =AT97/J97 -> 1.485223 | AV97: =LN(AU97) -> 0.39556492 | AW97: ='[22]Desayi; Ganesan (1985)'!$L$5 -> 0.14363439 | AX97: =AW97/J97 -> 0.9575626 | AY97: =LN(AX97) -> -0.043364182 | AZ97: ='[22]Oh; Kang (1987)'!$L$5 -> 0.10966025 | BA97: =AZ97/J97 -> 0.73106837 | BB97: =LN(BA97) -> -0.3132483 | BC97: ='[22]Caldas (1997)'!$L$5 -> 0.12691535 | BD97: =BC97/J97 -> 0.84610234 | BE97: =LN(BD97) -> -0.16711495 | BF97: {='[22]Gergely e Lutz (1968)'!$L$5:$L$7} -> 0.14556965 | BG97: =BF97/J97 -> 0.97046432 | BH97: =LN(BG97) -> -0.029980638 | BI97: {=[22]Sugestão!$M$5:$M$7} -> 0.13878769 | BJ97: =BI97/J97 -> 0.92525129 | BK97: =LN(BJ97) -> -0.077689911 | BL97: {='[22]fib Model Code 2020 modificado'!$L$5:$L$7} -> 0.17986352 | BM97: =BL97/J97 -> 1.1990901 | BN97: =LN(BM97) -> 0.18156305 | BS97: =IF(AND(B97<=12.7,F97<=45),TRUE,FALSE) -> TRUE | BU97: =IF(AND(B97>12.7,F97<=45),TRUE,FALSE) -> FALSE | BW97: =IF(AND(F97<=45,C97>1),TRUE,FALSE) -> TRUE
B98: ='[22]Dados de entrada'!$B$28 -> 12.7 | C98: ='[22]Dados de entrada'!$B$31 -> 3 | D98: ='[22]Dados de entrada'!$B$32 -> 19.05 | E98: ='[22]Dados de entrada'!$B$27 -> 3.9766082 | F98: ='[22]Dados de entrada'!$B$30 -> 19.05 | G98: ='[22]Dados de entrada'!$B$22 -> 25.4 | H98: ='[22]Dados de entrada'!$B$29/('[22]Dados de entrada'!$B$20*2*G98) -> 0.066667356 | I98: ='[22]fib Model Code 2010'!$K$6 -> 347.81023 | J98: ='[22]Dados de entrada'!$C$8 -> 0.17 | AD98: ='[22]fib Model Code 2010'!$L$6 -> 0.13840455 | AE98: =AD98/J98 -> 0.81414443 | AF98: =LN(AE98) -> -0.2056175 | AG98: ='[22]fib Model Code 2020'!$L$6 -> 0.14657658 | AH98: =AG98/J98 -> 0.86221517 | AI98: =LN(AH98) -> -0.14825042 | AJ98: ='[22]Eurocode 2'!$L$6 -> 0.14636856 | AK98: =AJ98/J98 -> 0.86099156 | AL98: =LN(AK98) -> -0.14967058 | AM98: ='[22]NBR 6118'!$Q$6 -> 0.16858122 | AN98: ='[22]NBR 6118'!$R$6 -> 0.23216124 | AO98: ='[22]NBR 6118'!$W$6 -> 0.99165426 | AP98: =LN(AO98) -> -0.0083807592 | AQ98: ='[22]Clark (1956)'!$L$6 -> 0.099764479 | AR98: =AQ98/J98 -> 0.58684988 | AS98: =LN(AR98) -> -0.53298624 | AT98: ='[22]Leonhardt (1977)'!$L$6 -> 0.26112007 | AU98: =AT98/J98 -> 1.5360004 | AV98: =LN(AU98) -> 0.42918191 | AW98: ='[22]Desayi; Ganesan (1985)'!$L$6 -> 0.16473707 | AX98: =AW98/J98 -> 0.96904161 | AY98: =LN(AX98) -> -0.031447732 | AZ98: ='[22]Oh; Kang (1987)'!$L$6 -> 0.12821947 | BA98: =AZ98/J98 -> 0.75423218 | BB98: =LN(BA98) -> -0.28205503 | BC98: ='[22]Caldas (1997)'!$L$6 -> 0.14694396 | BD98: =BC98/J98 -> 0.86437625 | BE98: =LN(BD98) -> -0.14574712 | BF98: 0.16695666 | BG98: =BF98/J98 -> 0.98209799 | BH98: =LN(BG98) -> -0.018064188 | BI98: 0.16917413 | BJ98: =BI98/J98 -> 0.99514194 | BK98: =LN(BJ98) -> -0.0048698991 | BL98: 0.21633572 | BM98: =BL98/J98 -> 1.2725631 | BN98: =LN(BM98) -> 0.24103303 | BS98: =IF(AND(B98<=12.7,F98<=45),TRUE,FALSE) -> TRUE | BU98: =IF(AND(B98>12.7,F98<=45),TRUE,FALSE) -> FALSE | BW98: =IF(AND(F98<=45,C98>1),TRUE,FALSE) -> TRUE
B99: ='[22]Dados de entrada'!$B$28 -> 12.7 | C99: ='[22]Dados de entrada'!$B$31 -> 3 | D99: ='[22]Dados de entrada'!$B$32 -> 19.05 | E99: ='[22]Dados de entrada'!$B$27 -> 3.9766082 | F99: ='[22]Dados de entrada'!$B$30 -> 19.05 | G99: ='[22]Dados de entrada'!$B$22 -> 25.4 | H99: ='[22]Dados de entrada'!$B$29/('[22]Dados de entrada'!$B$20*2*G99) -> 0.066667356 | I99: ='[22]fib Model Code 2010'!$K$7 -> 411.04845 | J99: ='[22]Dados de entrada'!$C$9 -> 0.2 | AD99: ='[22]fib Model Code 2010'!$L$7 -> 0.1678227 | AE99: =AD99/J99 -> 0.8391135 | AF99: =LN(AE99) -> -0.1754093 | AG99: ='[22]fib Model Code 2020'!$L$7 -> 0.18064899 | AH99: =AG99/J99 -> 0.90324494 | AI99: =LN(AH99) -> -0.10176151 | AJ99: ='[22]Eurocode 2'!$L$7 -> 0.17747948 | AK99: =AJ99/J99 -> 0.88739739 | AL99: =LN(AK99) -> -0.11946238 | AM99: ='[22]NBR 6118'!$Q$7 -> 0.19817501 | AN99: ='[22]NBR 6118'!$R$7 -> 0.32082567 | AO99: ='[22]NBR 6118'!$W$7 -> 0.99087507 | AP99: =LN(AO99) -> -0.0091668181 | AQ99: ='[22]Clark (1956)'!$L$7 -> 0.11940069 | AR99: =AQ99/J99 -> 0.59700347 | AS99: =LN(AR99) -> -0.51583236 | AT99: ='[22]Leonhardt (1977)'!$L$7 -> 0.31456154 | AU99: =AT99/J99 -> 1.5728077 | AV99: =LN(AU99) -> 0.45286237 | AW99: ='[22]Desayi; Ganesan (1985)'!$L$7 -> 0.19468927 | AX99: =AW99/J99 -> 0.97344634 | AY99: =LN(AX99) -> -0.026912577 | AZ99: ='[22]Oh; Kang (1987)'!$L$7 -> 0.15456158 | BA99: =AZ99/J99 -> 0.77280791 | BB99: =LN(BA99) -> -0.25772476 | BC99: ='[22]Caldas (1997)'!$L$7 -> 0.17537167 | BD99: =BC99/J99 -> 0.87685835 | BE99: =LN(BD99) -> -0.13140981 | BF99: 0.19731241 | BG99: =BF99/J99 -> 0.98656207 | BH99: =LN(BG99) -> -0.013529033 | BI99: 0.21230326 | BJ99: =BI99/J99 -> 1.0615163 | BK99: =LN(BJ99) -> 0.059698379 | BL99: 0.26988392 | BM99: =BL99/J99 -> 1.3494196 | BN99: =LN(BM99) -> 0.29967456 | BS99: =IF(AND(B99<=12.7,F99<=45),TRUE,FALSE) -> TRUE | BU99: =IF(AND(B99>12.7,F99<=45),TRUE,FALSE) -> FALSE | BW99: =IF(AND(F99<=45,C99>1),TRUE,FALSE) -> TRUE
A100: Viga RS3 - Harajlí e Naamam (1985) | B100: ='[23]Dados de entrada'!$B$28 -> 15.9 | C100: ='[23]Dados de entrada'!$B$31 -> 3 | D100: ='[23]Dados de entrada'!$B$32 -> 15.9 | E100: ='[23]Dados de entrada'!$B$27 -> 3.9766082 | F100: ='[23]Dados de entrada'!$B$30 -> 17.46 | G100: ='[23]Dados de entrada'!$B$22 -> 25.4 | H100: ='[23]Dados de entrada'!$B$29/('[23]Dados de entrada'!$B$20*2*G100) -> 0.10333354 | I100: ='[23]fib Model Code 2010'!$K$5 -> 289.73492 | J100: ='[23]Dados de entrada'!$C$7 -> 0.16 | AD100: ='[23]fib Model Code 2010'!$L$5 -> 0.096336619 | AE100: =AD100/J100 -> 0.60210387 | AF100: =LN(AE100) -> -0.50732531 | AG100: ='[23]fib Model Code 2020'!$L$5 -> 0.11125207 | AH100: =AG100/J100 -> 0.69532543 | AI100: =LN(AH100) -> -0.3633753 | AJ100: ='[23]Eurocode 2'!$L$5 -> 0.1073193 | AK100: =AJ100/J100 -> 0.67074564 | AL100: =LN(AK100) -> -0.3993653 | AM100: ='[23]NBR 6118'!$Q$5 -> 0.14464188 | AN100: ='[23]NBR 6118'!$R$5 -> 0.20413588 | AO100: ='[23]NBR 6118'!$W$5 -> 0.90401174 | AP100: =LN(AO100) -> -0.10091293 | AQ100: ='[23]Clark (1956)'!$L$5 -> 0.068099251 | AR100: =AQ100/J100 -> 0.42562032 | AS100: =LN(AR100) -> -0.85420761 | AT100: ='[23]Leonhardt (1977)'!$L$5 -> 0.21246038 | AU100: =AT100/J100 -> 1.3278774 | AV100: =LN(AU100) -> 0.28358173 | AW100: ='[23]Desayi; Ganesan (1985)'!$L$5 -> 0.13793919 | AX100: =AW100/J100 -> 0.86211995 | AY100: =LN(AX100) -> -0.14836087 | AZ100: ='[23]Oh; Kang (1987)'!$L$5 -> 0.11256532 | BA100: =AZ100/J100 -> 0.70353323 | BB100: =LN(BA100) -> -0.35164016 | BC100: ='[23]Caldas (1997)'!$L$5 -> 0.12149822 | BD100: =BC100/J100 -> 0.75936388 | BE100: =LN(BD100) -> -0.2752742 | BF100: {='[23]Gergely e Lutz (1968)'!$L$5:$L$6} -> 0.1414773 | BG100: =BF100/J100 -> 0.88423313 | BH100: =LN(BG100) -> -0.12303453 | BI100: {=[23]Sugestão!$M$5:$M$6} -> 0.12007419 | BJ100: =BI100/J100 -> 0.75046371 | BK100: =LN(BJ100) -> -0.28706398 | BL100: {=[23]Sugestão!$M$5:$M$6} -> 0.12007419 | BM100: =BL100/J100 -> 0.75046371 | BN100: =LN(BM100) -> -0.28706398 | BS100: =IF(AND(B100<=12.7,F100<=45),TRUE,FALSE) -> FALSE | BU100: =IF(AND(B100>12.7,F100<=45),TRUE,FALSE) -> TRUE | BW100: =IF(AND(F100<=45,C100>1),TRUE,FALSE) -> TRUE
...

Sheet Sem outliers
A1: Autor | B1: Inputs | J1: Output | K1: Modelos normativos - wmax (mm) | X1: Modelos empíricos - wmax (mm) | AP1: Sugestão | AS1: fib Model Code 2020 modificado | AV1: Observação | AZ1: Auxiliar 1 | BB1: Auxiliar 2 | BD1: Auxiliar 3
B2: Diâmetro da armadura f (mm) | C2: Número de barras em uma camada | D2: Espaçamento entre as barras (mm) | E2: Resistência à tração do concreto fctm (MPa) | F2: Cobrimento c (mm) | G2: Distância ao centro de gravidade da armadura d' (mm) | H2: Taxa de armadura r | I2: Tensão na armadura (MPa) | J2: wexp (mm) | K2: fib Model Code 2010 | L2: wk/wexp | M2: LN(wk/wexp) | N2: fib Model Code 2020 | O2: wk/wexp | P2: LN(wk/wexp) | Q2: Eurocode 2 | R2: wk/wexp | S2: LN(wk/wexp) | T2: NBR 6118 - wk1 - fissuração estabilizada | U2: NBR 6118 - wk2 - fissuração não estabilizada | V2: wk/wexp | W2: LN(wk/wexp) | X2: Clark (1956) | Y2: wm/wexp | Z2: LN(wm/wexp) | AA2: Leonhardt (1977) | AB2: wm/wexp | AC2: LN(wm/wexp) | AD2: Desayi;Ganesan (1985) | AE2: wm/wexp | AF2: LN(wm/wexp) | AG2: Oh; Kang (1987) | AH2: wm/wexp | AI2: LN(wm/wexp) | AJ2: Caldas (1997) | AK2: wm/wexp | AL2: LN(wm/wexp) | AM2: Gergely e Lutz (1968) | AN2: wm/wexp | AO2: LN(wm/wexp) | AP2: b variável e < 0,6 | AQ2: wm/wexp | AR2: LN(wm/wexp) | AS2: slip de Yuan et al. (2025) | AT2: wm/wexp | AU2: LN(wm/wexp) | AZ2: Barras com f £ 12,7 mm e c £ 45 mm | BB2: Barras com f > 12,7 mm e c £ 45 mm | BD2: Todas as barras com c £ 45 mm e pelo menos duas barras por camada
A3: Viga S200-1.76-20 - Sokolov et al (2021) | B3: ='[2]Dados de entrada'!$B$28 -> 20 | C3: ='[2]Dados de entrada'!$B$31 -> 2 | D3: ='[2]Dados de entrada'!$B$32 -> 126 | E3: ='[2]Dados de entrada'!$B$27 -> 4.1203405 | F3: ='[2]Dados de entrada'!$B$30 -> 25 | G3: ='[2]Dados de entrada'!$B$22 -> 39 | H3: ='[2]Dados de entrada'!$B$29/(2*'[2]Dados de entrada'!$B$20*G3) -> 0.037274454 | I3: {='[2]fib Model Code 2010'!$K$5:$K$10} -> 231.811 | J3: {='[2]Dados de entrada'!$C$7:$C$12} -> 0.16 | K3: {='[2]fib Model Code 2010'!$L$5:$L$10} -> 0.12573407 | L3: =K3/$J3 -> 0.78583793 | M3: =LN(L3) -> -0.2410047 | N3: {='[2]fib Model Code 2020'!$L$5:$L$10} -> 0.086159383 | O3: =N3/$J3 -> 0.53849614 | P3: =LN(O3) -> -0.61897495 | Q3: {='[2]Eurocode 2'!$L$5:$L$10} -> 0.12529165 | R3: =Q3/$J3 -> 0.78307283 | S3: =LN(R3) -> -0.24452958 | T3: {='[2]NBR 6118'!$Q$5:$Q$10} -> 0.26246779 | U3: {='[2]NBR 6118'!$R$5:$R$10} -> 0.15737968 | V3: {='[2]NBR 6118'!$W$5:$W$10} -> 0.98362299 | W3: =LN(V3) -> -0.016512596 | X3: {='[2]Clark (1956)'!$L$5:$L$10} -> 0.18100616 | Y3: =X3/$J3 -> 1.1312885 | Z3: =LN(Y3) -> 0.12335727 | AA3: {='[2]Leonhardt (1977)'!$L$5:$L$10} -> 0.29637407 | AB3: =AA3/$J3 -> 1.852338 | AC3: =LN(AB3) -> 0.6164486 | AD3: {='[2]Desayi; Ganesan (1985)'!$L$5:$L$10} -> 0.31268421 | AE3: =AD3/$J3 -> 1.9542763 | AF3: =LN(AE3) -> 0.67001995 | AG3: {='[2]Oh; Kang (1987)'!$L$5:$L$10} -> 0.18596904 | AH3: =AG3/$J3 -> 1.1623065 | AI3: =LN(AH3) -> 0.1504064 | AJ3: {='[2]Caldas (1997)'!$L$5:$L$10} -> 0.12999764 | AK3: =AJ3/$J3 -> 0.81248526 | AL3: =LN(AK3) -> -0.20765751 | AM3: {='[2]Gergely e Lutz (1968)'!$L$5:$L$10} -> 0.24152795 | AN3: =AM3/$J3 -> 1.5095497 | AO3: =LN(AN3) -> 0.41181138 | AP3: {=[2]Sugestão!$N$5:$N$10} -> 0.10212972 | AQ3: =AP3/$J3 -> 0.63831077 | AR3: =LN(AQ3) -> -0.44893001 | AS3: {='[2]fib Model Code 2020 modificado'!$L$5:$L$10} -> 0.15370894 | AT3: =AS3/$J3 -> 0.96068086 | AU3: =LN(AT3) -> -0.040113018 | AZ3: =IF(AND(B3<=12.7,F3<=45),TRUE,FALSE) -> FALSE | BB3: =IF(AND(B3>12.7,F3<=45),TRUE,FALSE) -> TRUE | BD3: =IF(AND(F3<=45,C3>1),TRUE,FALSE) -> TRUE
B4: ='[2]Dados de entrada'!$B$28 -> 20 | C4: ='[2]Dados de entrada'!$B$31 -> 2 | D4: ='[2]Dados de entrada'!$B$32 -> 126 | E4: ='[2]Dados de entrada'!$B$27 -> 4.1203405 | F4: ='[2]Dados de entrada'!$B$30 -> 25 | G4: ='[2]Dados de entrada'!$B$22 -> 39 | H4: ='[2]Dados de entrada'!$B$29/(2*'[2]Dados de entrada'!$B$20*G4) -> 0.037274454 | I4: 304.25194 | J4: 0.23 | K4: 0.17698216 | L4: =K4/$J4 -> 0.76948766 | M4: =LN(L4) -> -0.26203036 | N4: 0.14712654 | O4: =N4/$J4 -> 0.63968062 | P4: =LN(O4) -> -0.44678626 | Q4: 0.17635942 | R4: =Q4/$J4 -> 0.76678009 | S4: =LN(R4) -> -0.26555523 | T4: 0.34448897 | U4: 0.27111109 | V4: 1.1787439 | W4: =LN(V4) -> 0.16444934 | X4: 0.24436255 | Y4: =X4/$J4 -> 1.0624459 | Z4: =LN(Y4) -> 0.060573665 | AA4: 0.44704918 | AB4: =AA4/$J4 -> 1.9436921 | AC4: =LN(AB4) -> 0.66458931 | AD4: 0.41039802 | AE4: =AD4/$J4 -> 1.7843392 | AF4: =LN(AE4) -> 0.57904817 | AG4: 0.25620365 | AH4: =AG4/$J4 -> 1.1139289 | AI4: =LN(AH4) -> 0.10789335 | AJ4: 0.17474556 | AK4: =AJ4/$J4 -> 0.75976329 | AL4: =LN(AK4) -> -0.27474836 | AM4: 0.31700543 | AN4: =AM4/$J4 -> 1.3782845 | AO4: =LN(AN4) -> 0.3208396 | AP4: 0.19078252 | AQ4: =AP4/$J4 -> 0.8294892 | AR4: =LN(AQ4) -> -0.18694519 | AS4: 0.24627331 | AT4: =AS4/$J4 -> 1.0707535 | AU4: =LN(AT4) -> 0.068362633 | AZ4: =IF(AND(B4<=12.7,F4<=45),TRUE,FALSE) -> FALSE | BB4: =IF(AND(B4>12.7,F4<=45),TRUE,FALSE) -> TRUE | BD4: =IF(AND(F4<=45,C4>1),TRUE,FALSE) -> TRUE
B5: ='[2]Dados de entrada'!$B$28 -> 20 | C5: ='[2]Dados de entrada'!$B$31 -> 2 | D5: ='[2]Dados de entrada'!$B$32 -> 126 | E5: ='[2]Dados de entrada'!$B$27 -> 4.1203405 | F5: ='[2]Dados de entrada'!$B$30 -> 25 | G5: ='[2]Dados de entrada'!$B$22 -> 39 | H5: ='[2]Dados de entrada'!$B$29/(2*'[2]Dados de entrada'!$B$20*G5) -> 0.037274454 | I5: 314.28223 | J5: 0.24 | K5: 0.18407805 | L5: =K5/$J5 -> 0.76699189 | M5: =LN(L5) -> -0.26527906 | N5: 0.15556815 | O5: =N5/$J5 -> 0.64820062 | P5: =LN(O5) -> -0.43355503 | Q5: 0.18343034 | R5: =Q5/$J5 -> 0.7642931 | S5: =LN(R5) -> -0.26880393 | T5: 0.35584575 | U5: 0.28928119 | V5: 1.2053383 | W5: =LN(V5) -> 0.18676028 | X5: 0.25313497 | Y5: =X5/$J5 -> 1.054729 | Z5: =LN(Y5) -> 0.053283902 | AA5: 0.46699968 | AB5: =AA5/$J5 -> 1.945832 | AC5: =LN(AB5) -> 0.66568965 | AD5: 0.42392763 | AE5: =AD5/$J5 -> 1.7663651 | AF5: =LN(AE5) -> 0.56892383 | AG5: 0.26592845 | AH5: =AG5/$J5 -> 1.1080352 | AI5: =LN(AH5) -> 0.10258835 | AJ5: 0.18094142 | AK5: =AJ5/$J5 -> 0.75392259 | AL5: =LN(AK5) -> -0.28246559 | AM5: 0.32745616 | AN5: =AM5/$J5 -> 1.3644007 | AO5: =LN(AN5) -> 0.31071526 | AP5: 0.20305752 | AQ5: =AP5/$J5 -> 0.84607299 | AR5: =LN(AQ5) -> -0.16714964 | AS5: 0.25948355 | AT5: =AS5/$J5 -> 1.0811815 | AU5: =LN(AT5) -> 0.078054382 | AZ5: =IF(AND(B5<=12.7,F5<=45),TRUE,FALSE) -> FALSE | BB5: =IF(AND(B5>12.7,F5<=45),TRUE,FALSE) -> TRUE | BD5: =IF(AND(F5<=45,C5>1),TRUE,FALSE) -> TRUE
