Workbook

Sheet Com TS variável MC2010
P1: Opção 3 de equação | S1: Opção 4 de equação
P2: A1 | Q2: 1.728 | S2: A1 | T2: 0.392
P3: A2 | Q3: 0.011 | S3: A2 | T3: 1.148
P4: A3 | Q4: 0.339 | S4: A3 | T4: 0.854
P5: A4 | Q5: 1.102 | S5: A4 | T5: 0.555
P6: A5 | Q6: -0.495 | S6: A5 | T6: -0.686
P7: A6 | Q7: 0.838 | S7: A6 | T7: 1.952
A9: Autor | B9: Inputs | K9: Output
B10: Diâmetro da armadura (mm) | C10: Resistência do aço - fy (MPa) | D10: Número de barras em uma camada | E10: Espaçamento entre as barras (mm) | F10: Resistência à tração do concreto (MPa) | G10: Cobrimento (mm) | H10: Distância ao centro de gravidade da armadura (mm) | I10: Taxa de armadura | J10: Tensão na armadura menos tension stiffening (MPa) | K10: w (mm) | L10: Deformação na armadura menos tension stiffening (MPa)
A11: Viga S200-1.76-20 - Sokolov et al (2021) | B11: 20 | C11: 500 | D11: 2 | E11: 126 | F11: 4.1203405 | G11: 25 | H11: 39 | I11: 0.060723546 | J11: 185.31436 | K11: 0.16 | L11: =J11/200000 -> 0.00092657181 | P11: =$Q$2*($Q$3*$G11+$Q$4*$B11^$Q$5*$I11^$Q$6)*$L11^$Q$7 -> 0.18415873 | Q11: =P11/$K11 -> 1.1509921 | S11: =$T$2*$B11^$T$3*$L11^$T$4*($T$5*$I11^$T$6+$T$7) -> 0.18022921 | T11: =S11/$K11 -> 1.1264326
B12: 20 | C12: 500 | D12: 2 | E12: 126 | F12: 4.1203405 | G12: 25 | H12: 39 | I12: 0.060723546 | J12: 270.65736 | K12: 0.23 | L12: =J12/200000 -> 0.0013532868 | P12: =$Q$2*($Q$3*$G12+$Q$4*$B12^$Q$5*$I12^$Q$6)*$L12^$Q$7 -> 0.25296029 | Q12: =P12/$K12 -> 1.0998273 | S12: =$T$2*$B12^$T$3*$L12^$T$4*($T$5*$I12^$T$6+$T$7) -> 0.24906768 | T12: =S12/$K12 -> 1.082903
B13: 20 | C13: 500 | D13: 2 | E13: 126 | F13: 4.1203405 | G13: 25 | H13: 39 | I13: 0.060723546 | J13: 284.1029 | K13: 0.24 | L13: =J13/200000 -> 0.0014205145 | P13: =$Q$2*($Q$3*$G13+$Q$4*$B13^$Q$5*$I13^$Q$6)*$L13^$Q$7 -> 0.26344934 | Q13: =P13/$K13 -> 1.0977056 | S13: =$T$2*$B13^$T$3*$L13^$T$4*($T$5*$I13^$T$6+$T$7) -> 0.25959663 | T13: =S13/$K13 -> 1.0816526
B14: 20 | C14: 500 | D14: 2 | E14: 126 | F14: 4.1203405 | G14: 25 | H14: 39 | I14: 0.060723546 | J14: 347.37006 | K14: 0.27 | L14: =J14/200000 -> 0.0017368503 | P14: =$Q$2*($Q$3*$G14+$Q$4*$B14^$Q$5*$I14^$Q$6)*$L14^$Q$7 -> 0.31179456 | Q14: =P14/$K14 -> 1.1547947 | S14: =$T$2*$B14^$T$3*$L14^$T$4*($T$5*$I14^$T$6+$T$7) -> 0.30822476 | T14: =S14/$K14 -> 1.1415732
B15: 20 | C15: 500 | D15: 2 | E15: 126 | F15: 4.1203405 | G15: 25 | H15: 39 | I15: 0.060723546 | J15: 454.40943 | K15: 0.35 | L15: =J15/200000 -> 0.0022720472 | P15: =$Q$2*($Q$3*$G15+$Q$4*$B15^$Q$5*$I15^$Q$6)*$L15^$Q$7 -> 0.3905039 | Q15: =P15/$K15 -> 1.1157254 | S15: =$T$2*$B15^$T$3*$L15^$T$4*($T$5*$I15^$T$6+$T$7) -> 0.38769558 | T15: =S15/$K15 -> 1.1077017
B16: 20 | C16: 500 | D16: 2 | E16: 126 | F16: 4.1203405 | G16: 25 | H16: 39 | I16: 0.060723546 | J16: 500 | K16: 0.4 | L16: =J16/200000 -> 0.0025 | P16: =$Q$2*($Q$3*$G16+$Q$4*$B16^$Q$5*$I16^$Q$6)*$L16^$Q$7 -> 0.42307891 | Q16: =P16/$K16 -> 1.0576973 | S16: =$T$2*$B16^$T$3*$L16^$T$4*($T$5*$I16^$T$6+$T$7) -> 0.42067936 | T16: =S16/$K16 -> 1.0516984
A17: Viga S600-0.37-10 - Sokolov et al (2021) | B17: 10 | C17: 500 | D17: 8 | E17: 87.7 | F17: 4.1311268 | G17: 25 | H17: 53 | I17: 0.015388385 | J17: 230.46115 | K17: 0.16 | L17: =J17/200000 -> 0.0011523057 | P17: =$Q$2*($Q$3*$G17+$Q$4*$B17^$Q$5*$I17^$Q$6)*$L17^$Q$7 -> 0.203325 | Q17: =P17/$K17 -> 1.2707812 | S17: =$T$2*$B17^$T$3*$L17^$T$4*($T$5*$I17^$T$6+$T$7) -> 0.19915306 | T17: =S17/$K17 -> 1.2447066
B18: 10 | C18: 500 | D18: 8 | E18: 87.7 | F18: 4.1311268 | G18: 25 | H18: 53 | I18: 0.015388385 | J18: 305.35368 | K18: 0.18 | L18: =J18/200000 -> 0.0015267684 | P18: =$Q$2*($Q$3*$G18+$Q$4*$B18^$Q$5*$I18^$Q$6)*$L18^$Q$7 -> 0.25739431 | Q18: =P18/$K18 -> 1.4299684 | S18: =$T$2*$B18^$T$3*$L18^$T$4*($T$5*$I18^$T$6+$T$7) -> 0.25325056 | T18: =S18/$K18 -> 1.4069476
B19: 10 | C19: 500 | D19: 8 | E19: 87.7 | F19: 4.1311268 | G19: 25 | H19: 53 | I19: 0.015388385 | J19: 497.51538 | K19: 0.26 | L19: =J19/200000 -> 0.0024875769 | P19: =$Q$2*($Q$3*$G19+$Q$4*$B19^$Q$5*$I19^$Q$6)*$L19^$Q$7 -> 0.38748754 | Q19: =P19/$K19 -> 1.4903367 | S19: =$T$2*$B19^$T$3*$L19^$T$4*($T$5*$I19^$T$6+$T$7) -> 0.38423886 | T19: =S19/$K19 -> 1.4778418
A20: Viga V1 - Oliveira (2007) | B20: 10 | C20: 628 | D20: 4 | E20: 32.466667 | F20: 3.262 | G20: 25 | H20: 36 | I20: 0.017444444 | J20: 173.6503 | K20: 0.16 | L20: =J20/200000 -> 0.00086825151 | P20: =$Q$2*($Q$3*$G20+$Q$4*$B20^$Q$5*$I20^$Q$6)*$L20^$Q$7 -> 0.15081563 | Q20: =P20/$K20 -> 0.9425977 | S20: =$T$2*$B20^$T$3*$L20^$T$4*($T$5*$I20^$T$6+$T$7) -> 0.14565419 | T20: =S20/$K20 -> 0.91033866
B21: 10 | C21: 628 | D21: 4 | E21: 32.466667 | F21: 3.262 | G21: 25 | H21: 36 | I21: 0.017444444 | J21: 238.73913 | K21: 0.2 | L21: =J21/200000 -> 0.0011936956 | P21: =$Q$2*($Q$3*$G21+$Q$4*$B21^$Q$5*$I21^$Q$6)*$L21^$Q$7 -> 0.19692381 | Q21: =P21/$K21 -> 0.98461906 | S21: =$T$2*$B21^$T$3*$L21^$T$4*($T$5*$I21^$T$6+$T$7) -> 0.19115551 | T21: =S21/$K21 -> 0.95577754
B22: 10 | C22: 628 | D22: 4 | E22: 32.466667 | F22: 3.262 | G22: 25 | H22: 36 | I22: 0.017444444 | J22: 305.6485 | K22: 0.2 | L22: =J22/200000 -> 0.0015282425 | P22: =$Q$2*($Q$3*$G22+$Q$4*$B22^$Q$5*$I22^$Q$6)*$L22^$Q$7 -> 0.24222252 | Q22: =P22/$K22 -> 1.2111126 | S22: =$T$2*$B22^$T$3*$L22^$T$4*($T$5*$I22^$T$6+$T$7) -> 0.23605863 | T22: =S22/$K22 -> 1.1802931
B23: 10 | C23: 628 | D23: 4 | E23: 32.466667 | F23: 3.262 | G23: 25 | H23: 36 | I23: 0.017444444 | J23: 366.5479 | K23: 0.24 | L23: =J23/200000 -> 0.0018327395 | P23: =$Q$2*($Q$3*$G23+$Q$4*$B23^$Q$5*$I23^$Q$6)*$L23^$Q$7 -> 0.2820589 | Q23: =P23/$K23 -> 1.1752454 | S23: =$T$2*$B23^$T$3*$L23^$T$4*($T$5*$I23^$T$6+$T$7) -> 0.27568155 | T23: =S23/$K23 -> 1.1486731
B24: 10 | C24: 628 | D24: 4 | E24: 32.466667 | F24: 3.262 | G24: 25 | H24: 36 | I24: 0.017444444 | J24: 399.44172 | K24: 0.3 | L24: =J24/200000 -> 0.0019972086 | P24: =$Q$2*($Q$3*$G24+$Q$4*$B24^$Q$5*$I24^$Q$6)*$L24^$Q$7 -> 0.30312114 | Q24: =P24/$K24 -> 1.0104038 | S24: =$T$2*$B24^$T$3*$L24^$T$4*($T$5*$I24^$T$6+$T$7) -> 0.29667522 | T24: =S24/$K24 -> 0.98891741
B25: 10 | C25: 628 | D25: 4 | E25: 32.466667 | F25: 3.262 | G25: 25 | H25: 36 | I25: 0.017444444 | J25: 498.04874 | K25: 0.32 | L25: =J25/200000 -> 0.0024902437 | P25: =$Q$2*($Q$3*$G25+$Q$4*$B25^$Q$5*$I25^$Q$6)*$L25^$Q$7 -> 0.3646801 | Q25: =P25/$K25 -> 1.1396253 | S25: =$T$2*$B25^$T$3*$L25^$T$4*($T$5*$I25^$T$6+$T$7) -> 0.35818733 | T25: =S25/$K25 -> 1.1193354
B26: 10 | C26: 628 | D26: 4 | E26: 32.466667 | F26: 3.262 | G26: 25 | H26: 36 | I26: 0.017444444 | J26: 502.76188 | K26: 0.38 | L26: =J26/200000 -> 0.0025138094 | P26: =$Q$2*($Q$3*$G26+$Q$4*$B26^$Q$5*$I26^$Q$6)*$L26^$Q$7 -> 0.36756986 | Q26: =P26/$K26 -> 0.96728912 | S26: =$T$2*$B26^$T$3*$L26^$T$4*($T$5*$I26^$T$6+$T$7) -> 0.36108005 | T26: =S26/$K26 -> 0.95021067
B27: 10 | C27: 628 | D27: 4 | E27: 32.466667 | F27: 3.262 | G27: 25 | H27: 36 | I27: 0.017444444 | J27: 538.67345 | K27: 0.42 | L27: =J27/200000 -> 0.0026933672 | P27: =$Q$2*($Q$3*$G27+$Q$4*$B27^$Q$5*$I27^$Q$6)*$L27^$Q$7 -> 0.38944764 | Q27: =P27/$K27 -> 0.92725629 | S27: =$T$2*$B27^$T$3*$L27^$T$4*($T$5*$I27^$T$6+$T$7) -> 0.38299411 | T27: =S27/$K27 -> 0.91189073
B28: 10 | C28: 628 | D28: 4 | E28: 32.466667 | F28: 3.262 | G28: 25 | H28: 36 | I28: 0.017444444 | J28: 628 | K28: 0.44 | L28: =J28/200000 -> 0.00314 | P28: =$Q$2*($Q$3*$G28+$Q$4*$B28^$Q$5*$I28^$Q$6)*$L28^$Q$7 -> 0.44288241 | Q28: =P28/$K28 -> 1.0065509 | S28: =$T$2*$B28^$T$3*$L28^$T$4*($T$5*$I28^$T$6+$T$7) -> 0.43661394 | T28: =S28/$K28 -> 0.9923044
B29: 10 | C29: 628 | D29: 4 | E29: 32.466667 | F29: 3.262 | G29: 25 | H29: 36 | I29: 0.017444444 | J29: 628 | K29: 0.5 | L29: =J29/200000 -> 0.00314 | P29: =$Q$2*($Q$3*$G29+$Q$4*$B29^$Q$5*$I29^$Q$6)*$L29^$Q$7 -> 0.44288241 | Q29: =P29/$K29 -> 0.88576483 | S29: =$T$2*$B29^$T$3*$L29^$T$4*($T$5*$I29^$T$6+$T$7) -> 0.43661394 | T29: =S29/$K29 -> 0.87322787
A30: Viga V2 - Oliveira (2007) | B30: 10 | C30: 628 | D30: 4 | E30: 32.466667 | F30: 3.514 | G30: 25 | H30: 36 | I30: 0.017444444 | J30: 246.62969 | K30: 0.24 | L30: =J30/200000 -> 0.0012331485 | P30: =$Q$2*($Q$3*$G30+$Q$4*$B30^$Q$5*$I30^$Q$6)*$L30^$Q$7 -> 0.20236354 | Q30: =P30/$K30 -> 0.84318141 | S30: =$T$2*$B30^$T$3*$L30^$T$4*($T$5*$I30^$T$6+$T$7) -> 0.19653812 | T30: =S30/$K30 -> 0.81890883
B31: 10 | C31: 628 | D31: 4 | E31: 32.466667 | F31: 3.514 | G31: 25 | H31: 36 | I31: 0.017444444 | J31: 335.69608 | K31: 0.3 | L31: =J31/200000 -> 0.0016784804 | P31: =$Q$2*($Q$3*$G31+$Q$4*$B31^$Q$5*$I31^$Q$6)*$L31^$Q$7 -> 0.26202409 | Q31: =P31/$K31 -> 0.87341364 | S31: =$T$2*$B31^$T$3*$L31^$T$4*($T$5*$I31^$T$6+$T$7) -> 0.25573971 | T31: =S31/$K31 -> 0.8524657
B32: 10 | C32: 628 | D32: 4 | E32: 32.466667 | F32: 3.514 | G32: 25 | H32: 36 | I32: 0.017444444 | J32: 361.50872 | K32: 0.3 | L32: =J32/200000 -> 0.0018075436 | P32: =$Q$2*($Q$3*$G32+$Q$4*$B32^$Q$5*$I32^$Q$6)*$L32^$Q$7 -> 0.27880579 | Q32: =P32/$K32 -> 0.92935263 | S32: =$T$2*$B32^$T$3*$L32^$T$4*($T$5*$I32^$T$6+$T$7) -> 0.27244164 | T32: =S32/$K32 -> 0.90813881
B33: 10 | C33: 628 | D33: 4 | E33: 32.466667 | F33: 3.514 | G33: 25 | H33: 36 | I33: 0.017444444 | J33: 392.91007 | K33: 0.3 | L33: =J33/200000 -> 0.0019645504 | P33: =$Q$2*($Q$3*$G33+$Q$4*$B33^$Q$5*$I33^$Q$6)*$L33^$Q$7 -> 0.29896195 | Q33: =P33/$K33 -> 0.99653985 | S33: =$T$2*$B33^$T$3*$L33^$T$4*($T$5*$I33^$T$6+$T$7) -> 0.29252731 | T33: =S33/$K33 -> 0.97509103
B34: 10 | C34: 628 | D34: 4 | E34: 32.466667 | F34: 3.514 | G34: 25 | H34: 36 | I34: 0.017444444 | J34: 424.16428 | K34: 0.38 | L34: =J34/200000 -> 0.0021208214 | P34: =$Q$2*($Q$3*$G34+$Q$4*$B34^$Q$5*$I34^$Q$6)*$L34^$Q$7 -> 0.31876588 | Q34: =P34/$K34 -> 0.83885757 | S34: =$T$2*$B34^$T$3*$L34^$T$4*($T$5*$I34^$T$6+$T$7) -> 0.31228719 | T34: =S34/$K34 -> 0.8218084
B35: 10 | C35: 628 | D35: 4 | E35: 32.466667 | F35: 3.514 | G35: 25 | H35: 36 | I35: 0.017444444 | J35: 491.13759 | K35: 0.44 | L35: =J35/200000 -> 0.0024556879 | P35: =$Q$2*($Q$3*$G35+$Q$4*$B35^$Q$5*$I35^$Q$6)*$L35^$Q$7 -> 0.36043463 | Q35: =P35/$K35 -> 0.81916962 | S35: =$T$2*$B35^$T$3*$L35^$T$4*($T$5*$I35^$T$6+$T$7) -> 0.35393831 | T35: =S35/$K35 -> 0.80440524
A36: Viga T1F000 - Silva Neto (2017) | B36: 16 | C36: 571 | D36: 4 | E36: 37 | F36: 4.2588 | G36: 33 | H36: 59 | I36: 0.1168 | J36: 104.26922 | K36: 0.18 | L36: =J36/200000 -> 0.00052134608 | P36: =$Q$2*($Q$3*$G36+$Q$4*$B36^$Q$5*$I36^$Q$6)*$L36^$Q$7 -> 0.064976028 | Q36: =P36/$K36 -> 0.36097793 | S36: =$T$2*$B36^$T$3*$L36^$T$4*($T$5*$I36^$T$6+$T$7) -> 0.06498886 | T36: =S36/$K36 -> 0.36104922
B37: 16 | C37: 571 | D37: 4 | E37: 37 | F37: 4.2588 | G37: 33 | H37: 59 | I37: 0.1168 | J37: 166.90492 | K37: 0.2 | L37: =J37/200000 -> 0.00083452461 | P37: =$Q$2*($Q$3*$G37+$Q$4*$B37^$Q$5*$I37^$Q$6)*$L37^$Q$7 -> 0.096375687 | Q37: =P37/$K37 -> 0.48187844 | S37: =$T$2*$B37^$T$3*$L37^$T$4*($T$5*$I37^$T$6+$T$7) -> 0.097123038 | T37: =S37/$K37 -> 0.48561519
B38: 16 | C38: 571 | D38: 4 | E38: 37 | F38: 4.2588 | G38: 33 | H38: 59 | I38: 0.1168 | J38: 214.45813 | K38: 0.26 | L38: =J38/200000 -> 0.0010722906 | P38: =$Q$2*($Q$3*$G38+$Q$4*$B38^$Q$5*$I38^$Q$6)*$L38^$Q$7 -> 0.11890589 | Q38: =P38/$K38 -> 0.45733034 | S38: =$T$2*$B38^$T$3*$L38^$T$4*($T$5*$I38^$T$6+$T$7) -> 0.12030955 | T38: =S38/$K38 -> 0.46272905
B39: 16 | C39: 571 | D39: 4 | E39: 37 | F39: 4.2588 | G39: 33 | H39: 59 | I39: 0.1168 | J39: 293.13707 | K39: 0.44 | L39: =J39/200000 -> 0.0014656853 | P39: =$Q$2*($Q$3*$G39+$Q$4*$B39^$Q$5*$I39^$Q$6)*$L39^$Q$7 -> 0.15450538 | Q39: =P39/$K39 -> 0.3511486 | S39: =$T$2*$B39^$T$3*$L39^$T$4*($T$5*$I39^$T$6+$T$7) -> 0.15711296 | T39: =S39/$K39 -> 0.35707491
B40: 16 | C40: 571 | D40: 4 | E40: 37 | F40: 4.2588 | G40: 33 | H40: 59 | I40: 0.1168 | J40: 408.12936 | K40: 0.6 | L40: =J40/200000 -> 0.0020406468 | P40: =$Q$2*($Q$3*$G40+$Q$4*$B40^$Q$5*$I40^$Q$6)*$L40^$Q$7 -> 0.20388578 | Q40: =P40/$K40 -> 0.33980963 | S40: =$T$2*$B40^$T$3*$L40^$T$4*($T$5*$I40^$T$6+$T$7) -> 0.20842747 | T40: =S40/$K40 -> 0.34737912
A41: Viga 12-20-00 - Caldentey et al (2013) | B41: 12 | C41: 500 | D41: 4 | E41: 79.3 | F41: 2.6933292 | G41: 20 | H41: 38 | I41: 0.013593985 | J41: 220.98185 | K41: 0.36 | L41: =J41/200000 -> 0.0011049092 | P41: =$Q$2*($Q$3*$G41+$Q$4*$B41^$Q$5*$I41^$Q$6)*$L41^$Q$7 -> 0.2543714 | Q41: =P41/$K41 -> 0.70658721 | S41: =$T$2*$B41^$T$3*$L41^$T$4*($T$5*$I41^$T$6+$T$7) -> 0.25438251 | T41: =S41/$K41 -> 0.7066181
B42: 12 | C42: 500 | D42: 4 | E42: 79.3 | F42: 2.6933292 | G42: 20 | H42: 38 | I42: 0.013593985 | J42: 345.87419 | K42: 0.43 | L42: =J42/200000 -> 0.001729371 | P42: =$Q$2*($Q$3*$G42+$Q$4*$B42^$Q$5*$I42^$Q$6)*$L42^$Q$7 -> 0.37026347 | Q42: =P42/$K42 -> 0.86107783 | S42: =$T$2*$B42^$T$3*$L42^$T$4*($T$5*$I42^$T$6+$T$7) -> 0.37294332 | T42: =S42/$K42 -> 0.86731004
B43: 12 | C43: 500 | D43: 4 | E43: 79.3 | F43: 2.6933292 | G43: 20 | H43: 38 | I43: 0.013593985 | J43: 500 | K43: 0.56 | L43: =J43/200000 -> 0.0025 | P43: =$Q$2*($Q$3*$G43+$Q$4*$B43^$Q$5*$I43^$Q$6)*$L43^$Q$7 -> 0.50423653 | Q43: =P43/$K43 -> 0.90042238 | S43: =$T$2*$B43^$T$3*$L43^$T$4*($T$5*$I43^$T$6+$T$7) -> 0.51088965 | T43: =S43/$K43 -> 0.91230295
B44: 12 | C44: 500 | D44: 4 | E44: 79.3 | F44: 2.6933292 | G44: 20 | H44: 38 | I44: 0.013593985 | J44: 500 | K44: 0.71 | L44: =J44/200000 -> 0.0025 | P44: =$Q$2*($Q$3*$G44+$Q$4*$B44^$Q$5*$I44^$Q$6)*$L44^$Q$7 -> 0.50423653 | Q44: =P44/$K44 -> 0.7101923 | S44: =$T$2*$B44^$T$3*$L44^$T$4*($T$5*$I44^$T$6+$T$7) -> 0.51088965 | T44: =S44/$K44 -> 0.71956289
B45: 12 | C45: 500 | D45: 4 | E45: 79.3 | F45: 2.6933292 | G45: 20 | H45: 38 | I45: 0.013593985 | J45: 500 | K45: 0.79 | L45: =J45/200000 -> 0.0025 | P45: =$Q$2*($Q$3*$G45+$Q$4*$B45^$Q$5*$I45^$Q$6)*$L45^$Q$7 -> 0.50423653 | Q45: =P45/$K45 -> 0.63827409 | S45: =$T$2*$B45^$T$3*$L45^$T$4*($T$5*$I45^$T$6+$T$7) -> 0.51088965 | T45: =S45/$K45 -> 0.64669576
A46: Viga 25-20-00 - Caldentey et al (2013) | B46: 25 | C46: 500 | D46: 4 | E46: 62 | F46: 2.6933292 | G46: 20 | H46: 44.5 | I46: 0.054467051 | J46: 66.034488 | K46: 0.2 | L46: =J46/200000 -> 0.00033017244 | P46: =$Q$2*($Q$3*$G46+$Q$4*$B46^$Q$5*$I46^$Q$6)*$L46^$Q$7 -> 0.10435424 | Q46: =P46/$K46 -> 0.52177122 | S46: =$T$2*$B46^$T$3*$L46^$T$4*($T$5*$I46^$T$6+$T$7) -> 0.10139664 | T46: =S46/$K46 -> 0.5069832
B47: 25 | C47: 500 | D47: 4 | E47: 62 | F47: 2.6933292 | G47: 20 | H47: 44.5 | I47: 0.054467051 | J47: 151.48589 | K47: 0.25 | L47: =J47/200000 -> 0.00075742946 | P47: =$Q$2*($Q$3*$G47+$Q$4*$B47^$Q$5*$I47^$Q$6)*$L47^$Q$7 -> 0.20926378 | Q47: =P47/$K47 -> 0.83705512 | S47: =$T$2*$B47^$T$3*$L47^$T$4*($T$5*$I47^$T$6+$T$7) -> 0.20605214 | T47: =S47/$K47 -> 0.82420857
B48: 25 | C48: 500 | D48: 4 | E48: 62 | F48: 2.6933292 | G48: 20 | H48: 44.5 | I48: 0.054467051 | J48: 248.79678 | K48: 0.36 | L48: =J48/200000 -> 0.0012439839 | P48: =$Q$2*($Q$3*$G48+$Q$4*$B48^$Q$5*$I48^$Q$6)*$L48^$Q$7 -> 0.31714662 | Q48: =P48/$K48 -> 0.88096282 | S48: =$T$2*$B48^$T$3*$L48^$T$4*($T$5*$I48^$T$6+$T$7) -> 0.3147681 | T48: =S48/$K48 -> 0.87435583
B49: 25 | C49: 500 | D49: 4 | E49: 62 | F49: 2.6933292 | G49: 20 | H49: 44.5 | I49: 0.054467051 | J49: 346.10767 | K49: 0.47 | L49: =J49/200000 -> 0.0017305384 | P49: =$Q$2*($Q$3*$G49+$Q$4*$B49^$Q$5*$I49^$Q$6)*$L49^$Q$7 -> 0.41821652 | Q49: =P49/$K49 -> 0.88982238 | S49: =$T$2*$B49^$T$3*$L49^$T$4*($T$5*$I49^$T$6+$T$7) -> 0.41727818 | T49: =S49/$K49 -> 0.88782591
B50: 25 | C50: 500 | D50: 4 | E50: 62 | F50: 2.6933292 | G50: 20 | H50: 44.5 | I50: 0.054467051 | J50: 419.09084 | K50: 0.57 | L50: =J50/200000 -> 0.0020954542 | P50: =$Q$2*($Q$3*$G50+$Q$4*$B50^$Q$5*$I50^$Q$6)*$L50^$Q$7 -> 0.49094905 | Q50: =P50/$K50 -> 0.86131411 | S50: =$T$2*$B50^$T$3*$L50^$T$4*($T$5*$I50^$T$6+$T$7) -> 0.49134944 | T50: =S50/$K50 -> 0.86201656
B51: 25 | C51: 500 | D51: 4 | E51: 62 | F51: 2.6933292 | G51: 20 | H51: 44.5 | I51: 0.054467051 | J51: 500 | K51: 0.78 | L51: =J51/200000 -> 0.0025 | P51: =$Q$2*($Q$3*$G51+$Q$4*$B51^$Q$5*$I51^$Q$6)*$L51^$Q$7 -> 0.56921854 | Q51: =P51/$K51 -> 0.72976736 | S51: =$T$2*$B51^$T$3*$L51^$T$4*($T$5*$I51^$T$6+$T$7) -> 0.57129401 | T51: =S51/$K51 -> 0.73242821
A52: Viga 12-20-10 - Caldentey et al (2013) | B52: 12 | C52: 500 | D52: 4 | E52: 79.3 | F52: 2.6933292 | G52: 20 | H52: 34 | I52: 0.015193277 | J52: 104.52716 | K52: 0.21 | L52: =J52/200000 -> 0.00052263578 | P52: =$Q$2*($Q$3*$G52+$Q$4*$B52^$Q$5*$I52^$Q$6)*$L52^$Q$7 -> 0.12859466 | Q52: =P52/$K52 -> 0.61235551 | S52: =$T$2*$B52^$T$3*$L52^$T$4*($T$5*$I52^$T$6+$T$7) -> 0.12589794 | T52: =S52/$K52 -> 0.59951398
B53: 12 | C53: 500 | D53: 4 | E53: 79.3 | F53: 2.6933292 | G53: 20 | H53: 34 | I53: 0.015193277 | J53: 164.48978 | K53: 0.31 | L53: =J53/200000 -> 0.00082244888 | P53: =$Q$2*($Q$3*$G53+$Q$4*$B53^$Q$5*$I53^$Q$6)*$L53^$Q$7 -> 0.18803267 | Q53: =P53/$K53 -> 0.606557 | S53: =$T$2*$B53^$T$3*$L53^$T$4*($T$5*$I53^$T$6+$T$7) -> 0.18542981 | T53: =S53/$K53 -> 0.59816069
B54: 12 | C54: 500 | D54: 4 | E54: 79.3 | F54: 2.6933292 | G54: 20 | H54: 34 | I54: 0.015193277 | J54: 224.4524 | K54: 0.38 | L54: =J54/200000 -> 0.001122262 | P54: =$Q$2*($Q$3*$G54+$Q$4*$B54^$Q$5*$I54^$Q$6)*$L54^$Q$7 -> 0.2439782 | Q54: =P54/$K54 -> 0.6420479 | S54: =$T$2*$B54^$T$3*$L54^$T$4*($T$5*$I54^$T$6+$T$7) -> 0.24180041 | T54: =S54/$K54 -> 0.63631688
B55: 12 | C55: 500 | D55: 4 | E55: 79.3 | F55: 2.6933292 | G55: 20 | H55: 34 | I55: 0.015193277 | J55: 344.37764 | K55: 0.52 | L55: =J55/200000 -> 0.0017218882 | P55: =$Q$2*($Q$3*$G55+$Q$4*$B55^$Q$5*$I55^$Q$6)*$L55^$Q$7 -> 0.34925625 | Q55: =P55/$K55 -> 0.67164664 | S55: =$T$2*$B55^$T$3*$L55^$T$4*($T$5*$I55^$T$6+$T$7) -> 0.34851765 | T55: =S55/$K55 -> 0.67022624
B56: 12 | C56: 500 | D56: 4 | E56: 79.3 | F56: 2.6933292 | G56: 20 | H56: 34 | I56: 0.015193277 | J56: 500 | K56: 0.74 | L56: =J56/200000 -> 0.0025 | P56: =$Q$2*($Q$3*$G56+$Q$4*$B56^$Q$5*$I56^$Q$6)*$L56^$Q$7 -> 0.47735972 | Q56: =P56/$K56 -> 0.6450807 | S56: =$T$2*$B56^$T$3*$L56^$T$4*($T$5*$I56^$T$6+$T$7) -> 0.47920056 | T56: =S56/$K56 -> 0.64756832
A57: Viga 12-20-30 - Caldentey et al (2013) | B57: 12 | C57: 500 | D57: 4 | E57: 79.3 | F57: 2.6933292 | G57: 20 | H57: 34 | I57: 0.015193277 | J57: 104.52716 | K57: 0.17 | L57: =J57/200000 -> 0.00052263578 | P57: =$Q$2*($Q$3*$G57+$Q$4*$B57^$Q$5*$I57^$Q$6)*$L57^$Q$7 -> 0.12859466 | Q57: =P57/$K57 -> 0.75643916 | S57: =$T$2*$B57^$T$3*$L57^$T$4*($T$5*$I57^$T$6+$T$7) -> 0.12589794 | T57: =S57/$K57 -> 0.7405761
B58: 12 | C58: 500 | D58: 4 | E58: 79.3 | F58: 2.6933292 | G58: 20 | H58: 34 | I58: 0.015193277 | J58: 224.4524 | K58: 0.36 | L58: =J58/200000 -> 0.001122262 | P58: =$Q$2*($Q$3*$G58+$Q$4*$B58^$Q$5*$I58^$Q$6)*$L58^$Q$7 -> 0.2439782 | Q58: =P58/$K58 -> 0.67771723 | S58: =$T$2*$B58^$T$3*$L58^$T$4*($T$5*$I58^$T$6+$T$7) -> 0.24180041 | T58: =S58/$K58 -> 0.67166781
B59: 12 | C59: 500 | D59: 4 | E59: 79.3 | F59: 2.6933292 | G59: 20 | H59: 34 | I59: 0.015193277 | J59: 344.37764 | K59: 0.56 | L59: =J59/200000 -> 0.0017218882 | P59: =$Q$2*($Q$3*$G59+$Q$4*$B59^$Q$5*$I59^$Q$6)*$L59^$Q$7 -> 0.34925625 | Q59: =P59/$K59 -> 0.62367188 | S59: =$T$2*$B59^$T$3*$L59^$T$4*($T$5*$I59^$T$6+$T$7) -> 0.34851765 | T59: =S59/$K59 -> 0.62235294
B60: 12 | C60: 500 | D60: 4 | E60: 79.3 | F60: 2.6933292 | G60: 20 | H60: 34 | I60: 0.015193277 | J60: 500 | K60: 0.78 | L60: =J60/200000 -> 0.0025 | P60: =$Q$2*($Q$3*$G60+$Q$4*$B60^$Q$5*$I60^$Q$6)*$L60^$Q$7 -> 0.47735972 | Q60: =P60/$K60 -> 0.61199964 | S60: =$T$2*$B60^$T$3*$L60^$T$4*($T$5*$I60^$T$6+$T$7) -> 0.47920056 | T60: =S60/$K60 -> 0.61435969
A61: Viga 12-70-00 - Caldentey et al (2013) | B61: 12 | C61: 500 | D61: 4 | E61: 46 | F61: 2.6933292 | G61: 70 | H61: 88 | I61: 0.010220068 | J61: 108.96343 | K61: 0.31 | L61: =J61/200000 -> 0.00054481716 | P61: =$Q$2*($Q$3*$G61+$Q$4*$B61^$Q$5*$I61^$Q$6)*$L61^$Q$7 -> 0.16362489 | Q61: =P61/$K61 -> 0.52782221 | S61: =$T$2*$B61^$T$3*$L61^$T$4*($T$5*$I61^$T$6+$T$7) -> 0.16445614 | T61: =S61/$K61 -> 0.53050367
B62: 12 | C62: 500 | D62: 4 | E62: 46 | F62: 2.6933292 | G62: 70 | H62: 88 | I62: 0.010220068 | J62: 187.06577 | K62: 0.44 | L62: =J62/200000 -> 0.00093532883 | P62: =$Q$2*($Q$3*$G62+$Q$4*$B62^$Q$5*$I62^$Q$6)*$L62^$Q$7 -> 0.25735897 | Q62: =P62/$K62 -> 0.58490674 | S62: =$T$2*$B62^$T$3*$L62^$T$4*($T$5*$I62^$T$6+$T$7) -> 0.26091284 | T62: =S62/$K62 -> 0.59298373
A63: Viga 12-70-10 - Caldentey et al (2013) | B63: 12 | C63: 500 | D63: 4 | E63: 46 | F63: 2.6933292 | G63: 70 | H63: 84 | I63: 0.010231759 | J63: 27.519506 | K63: 0.14 | L63: =J63/200000 -> 0.00013759753 | P63: =$Q$2*($Q$3*$G63+$Q$4*$B63^$Q$5*$I63^$Q$6)*$L63^$Q$7 -> 0.051616057 | Q63: =P63/$K63 -> 0.36868612 | S63: =$T$2*$B63^$T$3*$L63^$T$4*($T$5*$I63^$T$6+$T$7) -> 0.050742242 | T63: =S63/$K63 -> 0.36244458
B64: 12 | C64: 500 | D64: 4 | E64: 46 | F64: 2.6933292 | G64: 70 | H64: 84 | I64: 0.010231759 | J64: 104.71116 | K64: 0.31 | L64: =J64/200000 -> 0.00052355581 | P64: =$Q$2*($Q$3*$G64+$Q$4*$B64^$Q$5*$I64^$Q$6)*$L64^$Q$7 -> 0.15816853 | Q64: =P64/$K64 -> 0.51022107 | S64: =$T$2*$B64^$T$3*$L64^$T$4*($T$5*$I64^$T$6+$T$7) -> 0.15885122 | T64: =S64/$K64 -> 0.51242328
B65: 12 | C65: 500 | D65: 4 | E65: 46 | F65: 2.6933292 | G65: 70 | H65: 84 | I65: 0.010231759 | J65: 181.90282 | K65: 0.4 | L65: =J65/200000 -> 0.00090951408 | P65: =$Q$2*($Q$3*$G65+$Q$4*$B65^$Q$5*$I65^$Q$6)*$L65^$Q$7 -> 0.25125309 | Q65: =P65/$K65 -> 0.62813272 | S65: =$T$2*$B65^$T$3*$L65^$T$4*($T$5*$I65^$T$6+$T$7) -> 0.25457715 | T65: =S65/$K65 -> 0.63644286
A66: Viga 12-70-30 - Caldentey et al (2013) | B66: 12 | C66: 500 | D66: 4 | E66: 46 | F66: 2.6933292 | G66: 70 | H66: 84 | I66: 0.010231759 | J66: 27.519506 | K66: 0.25 | L66: =J66/200000 -> 0.00013759753 | P66: =$Q$2*($Q$3*$G66+$Q$4*$B66^$Q$5*$I66^$Q$6)*$L66^$Q$7 -> 0.051616057 | Q66: =P66/$K66 -> 0.20646423 | S66: =$T$2*$B66^$T$3*$L66^$T$4*($T$5*$I66^$T$6+$T$7) -> 0.050742242 | T66: =S66/$K66 -> 0.20296897
B67: 12 | C67: 500 | D67: 4 | E67: 46 | F67: 2.6933292 | G67: 70 | H67: 84 | I67: 0.010231759 | J67: 104.71116 | K67: 0.44 | L67: =J67/200000 -> 0.00052355581 | P67: =$Q$2*($Q$3*$G67+$Q$4*$B67^$Q$5*$I67^$Q$6)*$L67^$Q$7 -> 0.15816853 | Q67: =P67/$K67 -> 0.35947394 | S67: =$T$2*$B67^$T$3*$L67^$T$4*($T$5*$I67^$T$6+$T$7) -> 0.15885122 | T67: =S67/$K67 -> 0.36102549
B68: 12 | C68: 500 | D68: 4 | E68: 46 | F68: 2.6933292 | G68: 70 | H68: 84 | I68: 0.010231759 | J68: 181.90282 | K68: 0.56 | L68: =J68/200000 -> 0.00090951408 | P68: =$Q$2*($Q$3*$G68+$Q$4*$B68^$Q$5*$I68^$Q$6)*$L68^$Q$7 -> 0.25125309 | Q68: =P68/$K68 -> 0.44866623 | S68: =$T$2*$B68^$T$3*$L68^$T$4*($T$5*$I68^$T$6+$T$7) -> 0.25457715 | T68: =S68/$K68 -> 0.45460205
A69: Viga 25-20-10 - Caldentey et al (2013) | B69: 25 | C69: 500 | D69: 4 | E69: 62 | F69: 2.6933292 | G69: 20 | H69: 40.5 | I69: 0.055421517 | J69: 173.78882 | K69: 0.23 | L69: =J69/200000 -> 0.0008689441 | P69: =$Q$2*($Q$3*$G69+$Q$4*$B69^$Q$5*$I69^$Q$6)*$L69^$Q$7 -> 0.232789 | Q69: =P69/$K69 -> 1.0121261 | S69: =$T$2*$B69^$T$3*$L69^$T$4*($T$5*$I69^$T$6+$T$7) -> 0.22983824 | T69: =S69/$K69 -> 0.99929671
B70: 25 | C70: 500 | D70: 4 | E70: 62 | F70: 2.6933292 | G70: 20 | H70: 40.5 | I70: 0.055421517 | J70: 293.98923 | K70: 0.35 | L70: =J70/200000 -> 0.0014699462 | P70: =$Q$2*($Q$3*$G70+$Q$4*$B70^$Q$5*$I70^$Q$6)*$L70^$Q$7 -> 0.36164785 | Q70: =P70/$K70 -> 1.0332796 | S70: =$T$2*$B70^$T$3*$L70^$T$4*($T$5*$I70^$T$6+$T$7) -> 0.36007974 | T70: =S70/$K70 -> 1.0287993
B71: 25 | C71: 500 | D71: 4 | E71: 62 | F71: 2.6933292 | G71: 20 | H71: 40.5 | I71: 0.055421517 | J71: 414.18965 | K71: 0.49 | L71: =J71/200000 -> 0.0020709482 | P71: =$Q$2*($Q$3*$G71+$Q$4*$B71^$Q$5*$I71^$Q$6)*$L71^$Q$7 -> 0.48198899 | Q71: =P71/$K71 -> 0.98365099 | S71: =$T$2*$B71^$T$3*$L71^$T$4*($T$5*$I71^$T$6+$T$7) -> 0.48253831 | T71: =S71/$K71 -> 0.98477206
B72: 25 | C72: 500 | D72: 4 | E72: 62 | F72: 2.6933292 | G72: 20 | H72: 40.5 | I72: 0.055421517 | J72: 500 | K72: 0.67 | L72: =J72/200000 -> 0.0025 | P72: =$Q$2*($Q$3*$G72+$Q$4*$B72^$Q$5*$I72^$Q$6)*$L72^$Q$7 -> 0.56436623 | Q72: =P72/$K72 -> 0.84233765 | S72: =$T$2*$B72^$T$3*$L72^$T$4*($T$5*$I72^$T$6+$T$7) -> 0.56671412 | T72: =S72/$K72 -> 0.84584197
A73: Viga 25-20-30 - Caldentey et al (2013) | B73: 25 | C73: 500 | D73: 4 | E73: 62 | F73: 2.6933292 | G73: 20 | H73: 40.5 | I73: 0.055421517 | J73: 173.78882 | K73: 0.27 | L73: =J73/200000 -> 0.0008689441 | P73: =$Q$2*($Q$3*$G73+$Q$4*$B73^$Q$5*$I73^$Q$6)*$L73^$Q$7 -> 0.232789 | Q73: =P73/$K73 -> 0.86218147 | S73: =$T$2*$B73^$T$3*$L73^$T$4*($T$5*$I73^$T$6+$T$7) -> 0.22983824 | T73: =S73/$K73 -> 0.85125276
B74: 25 | C74: 500 | D74: 4 | E74: 62 | F74: 2.6933292 | G74: 20 | H74: 40.5 | I74: 0.055421517 | J74: 293.98923 | K74: 0.4 | L74: =J74/200000 -> 0.0014699462 | P74: =$Q$2*($Q$3*$G74+$Q$4*$B74^$Q$5*$I74^$Q$6)*$L74^$Q$7 -> 0.36164785 | Q74: =P74/$K74 -> 0.90411962 | S74: =$T$2*$B74^$T$3*$L74^$T$4*($T$5*$I74^$T$6+$T$7) -> 0.36007974 | T74: =S74/$K74 -> 0.90019935
B75: 25 | C75: 500 | D75: 4 | E75: 62 | F75: 2.6933292 | G75: 20 | H75: 40.5 | I75: 0.055421517 | J75: 414.18965 | K75: 0.53 | L75: =J75/200000 -> 0.0020709482 | P75: =$Q$2*($Q$3*$G75+$Q$4*$B75^$Q$5*$I75^$Q$6)*$L75^$Q$7 -> 0.48198899 | Q75: =P75/$K75 -> 0.90941318 | S75: =$T$2*$B75^$T$3*$L75^$T$4*($T$5*$I75^$T$6+$T$7) -> 0.48253831 | T75: =S75/$K75 -> 0.91044964
B76: 25 | C76: 500 | D76: 4 | E76: 62 | F76: 2.6933292 | G76: 20 | H76: 40.5 | I76: 0.055421517 | J76: 500 | K76: 0.72 | L76: =J76/200000 -> 0.0025 | P76: =$Q$2*($Q$3*$G76+$Q$4*$B76^$Q$5*$I76^$Q$6)*$L76^$Q$7 -> 0.56436623 | Q76: =P76/$K76 -> 0.78384198 | S76: =$T$2*$B76^$T$3*$L76^$T$4*($T$5*$I76^$T$6+$T$7) -> 0.56671412 | T76: =S76/$K76 -> 0.78710295
A77: Viga 25-70-00 - Caldentey et al (2013) | B77: 25 | C77: 500 | D77: 4 | E77: 28.7 | F77: 2.6933292 | G77: 70 | H77: 94.5 | I77: 0.052620596 | J77: 80.821505 | K77: 0.3 | L77: =J77/200000 -> 0.00040410753 | P77: =$Q$2*($Q$3*$G77+$Q$4*$B77^$Q$5*$I77^$Q$6)*$L77^$Q$7 -> 0.12708977 | Q77: =P77/$K77 -> 0.42363257 | S77: =$T$2*$B77^$T$3*$L77^$T$4*($T$5*$I77^$T$6+$T$7) -> 0.12244669 | T77: =S77/$K77 -> 0.40815564
B78: 25 | C78: 500 | D78: 4 | E78: 28.7 | F78: 2.6933292 | G78: 70 | H78: 94.5 | I78: 0.052620596 | J78: 211.12391 | K78: 0.57 | L78: =J78/200000 -> 0.0010556195 | P78: =$Q$2*($Q$3*$G78+$Q$4*$B78^$Q$5*$I78^$Q$6)*$L78^$Q$7 -> 0.2841616 | Q78: =P78/$K78 -> 0.49852912 | S78: =$T$2*$B78^$T$3*$L78^$T$4*($T$5*$I78^$T$6+$T$7) -> 0.2780187 | T78: =S78/$K78 -> 0.48775211
A79: Viga 25-70-10 - Caldentey et al (2013) | B79: 25 | C79: 500 | D79: 4 | E79: 28.7 | F79: 2.6933292 | G79: 70 | H79: 90.5 | I79: 0.052767942 | J79: 79.473207 | K79: 0.26 | L79: =J79/200000 -> 0.00039736603 | P79: =$Q$2*($Q$3*$G79+$Q$4*$B79^$Q$5*$I79^$Q$6)*$L79^$Q$7 -> 0.12513993 | Q79: =P79/$K79 -> 0.48130742 | S79: =$T$2*$B79^$T$3*$L79^$T$4*($T$5*$I79^$T$6+$T$7) -> 0.12054236 | T79: =S79/$K79 -> 0.46362446
B80: 25 | C80: 500 | D80: 4 | E80: 28.7 | F80: 2.6933292 | G80: 70 | H80: 90.5 | I80: 0.052767942 | J80: 207.9082 | K80: 0.6 | L80: =J80/200000 -> 0.001039541 | P80: =$Q$2*($Q$3*$G80+$Q$4*$B80^$Q$5*$I80^$Q$6)*$L80^$Q$7 -> 0.28014788 | Q80: =P80/$K80 -> 0.46691314 | S80: =$T$2*$B80^$T$3*$L80^$T$4*($T$5*$I80^$T$6+$T$7) -> 0.27403974 | T80: =S80/$K80 -> 0.4567329
A81: Viga 25-70-30 - Caldentey et al (2013) | B81: 25 | C81: 500 | D81: 4 | E81: 28.7 | F81: 2.6933292 | G81: 70 | H81: 90.5 | I81: 0.052767942 | J81: 79.473207 | K81: 0.27 | L81: =J81/200000 -> 0.00039736603 | P81: =$Q$2*($Q$3*$G81+$Q$4*$B81^$Q$5*$I81^$Q$6)*$L81^$Q$7 -> 0.12513993 | Q81: =P81/$K81 -> 0.46348122 | S81: =$T$2*$B81^$T$3*$L81^$T$4*($T$5*$I81^$T$6+$T$7) -> 0.12054236 | T81: =S81/$K81 -> 0.44645319
B82: 25 | C82: 500 | D82: 4 | E82: 28.7 | F82: 2.6933292 | G82: 70 | H82: 90.5 | I82: 0.052767942 | J82: 207.9082 | K82: 0.59 | L82: =J82/200000 -> 0.001039541 | P82: =$Q$2*($Q$3*$G82+$Q$4*$B82^$Q$5*$I82^$Q$6)*$L82^$Q$7 -> 0.28014788 | Q82: =P82/$K82 -> 0.47482692 | S82: =$T$2*$B82^$T$3*$L82^$T$4*($T$5*$I82^$T$6+$T$7) -> 0.27403974 | T82: =S82/$K82 -> 0.46447413
A83: Viga RS1 - Harajlí e Naamam (1985) | B83: 9.52 | C83: 434 | D83: 3 | E83: 22.2 | F83: 3.56416 | G83: 20.64 | H83: 25.4 | I83: 0.03244851 | J83: 246.11295 | K83: 0.15 | L83: =J83/200000 -> 0.0012305647 | P83: =$Q$2*($Q$3*$G83+$Q$4*$B83^$Q$5*$I83^$Q$6)*$L83^$Q$7 -> 0.14095937 | Q83: =P83/$K83 -> 0.93972911 | S83: =$T$2*$B83^$T$3*$L83^$T$4*($T$5*$I83^$T$6+$T$7) -> 0.13266623 | T83: =S83/$K83 -> 0.88444153
B84: 9.52 | C84: 434 | D84: 3 | E84: 22.2 | F84: 3.56416 | G84: 20.64 | H84: 25.4 | I84: 0.03244851 | J84: 307.81004 | K84: 0.17 | L84: =J84/200000 -> 0.0015390502 | P84: =$Q$2*($Q$3*$G84+$Q$4*$B84^$Q$5*$I84^$Q$6)*$L84^$Q$7 -> 0.17002165 | Q84: =P84/$K84 -> 1.0001274 | S84: =$T$2*$B84^$T$3*$L84^$T$4*($T$5*$I84^$T$6+$T$7) -> 0.16059242 | T84: =S84/$K84 -> 0.94466131
A85: Viga RS2 - Harajlí e Naamam (1985) | B85: 12.7 | C85: 434 | D85: 3 | E85: 19.05 | F85: 3.9766082 | G85: 19.05 | H85: 25.4 | I85: 0.064212475 | J85: 272.94332 | K85: 0.15 | L85: =J85/200000 -> 0.0013647166 | P85: =$Q$2*($Q$3*$G85+$Q$4*$B85^$Q$5*$I85^$Q$6)*$L85^$Q$7 -> 0.15055646 | Q85: =P85/$K85 -> 1.0037098 | S85: =$T$2*$B85^$T$3*$L85^$T$4*($T$5*$I85^$T$6+$T$7) -> 0.14524616 | T85: =S85/$K85 -> 0.96830773
B86: 12.7 | C86: 434 | D86: 3 | E86: 19.05 | F86: 3.9766082 | G86: 19.05 | H86: 25.4 | I86: 0.064212475 | J86: 325.35859 | K86: 0.17 | L86: =J86/200000 -> 0.001626793 | P86: =$Q$2*($Q$3*$G86+$Q$4*$B86^$Q$5*$I86^$Q$6)*$L86^$Q$7 -> 0.17443365 | Q86: =P86/$K86 -> 1.0260803 | S86: =$T$2*$B86^$T$3*$L86^$T$4*($T$5*$I86^$T$6+$T$7) -> 0.16875481 | T86: =S86/$K86 -> 0.99267535
B87: 12.7 | C87: 434 | D87: 3 | E87: 19.05 | F87: 3.9766082 | G87: 19.05 | H87: 25.4 | I87: 0.064212475 | J87: 399.75447 | K87: 0.2 | L87: =J87/200000 -> 0.0019987723 | P87: =$Q$2*($Q$3*$G87+$Q$4*$B87^$Q$5*$I87^$Q$6)*$L87^$Q$7 -> 0.20728768 | Q87: =P87/$K87 -> 1.0364384 | S87: =$T$2*$B87^$T$3*$L87^$T$4*($T$5*$I87^$T$6+$T$7) -> 0.20120106 | T87: =S87/$K87 -> 1.0060053
A88: Viga RS3 - Harajlí e Naamam (1985) | B88: 15.9 | C88: 540 | D88: 3 | E88: 15.9 | F88: 3.9766082 | G88: 17.46 | H88: 25.4 | I88: 0.10835068 | J88: 266.87807 | K88: 0.16 | L88: =J88/200000 -> 0.0013343904 | P88: =$Q$2*($Q$3*$G88+$Q$4*$B88^$Q$5*$I88^$Q$6)*$L88^$Q$7 -> 0.14598076 | Q88: =P88/$K88 -> 0.91237973 | S88: =$T$2*$B88^$T$3*$L88^$T$4*($T$5*$I88^$T$6+$T$7) -> 0.14818587 | T88: =S88/$K88 -> 0.9261617
B89: 15.9 | C89: 540 | D89: 3 | E89: 15.9 | F89: 3.9766082 | G89: 17.46 | H89: 25.4 | I89: 0.10835068 | J89: 368.25371 | K89: 0.21 | L89: =J89/200000 -> 0.0018412686 | P89: =$Q$2*($Q$3*$G89+$Q$4*$B89^$Q$5*$I89^$Q$6)*$L89^$Q$7 -> 0.19119508 | Q89: =P89/$K89 -> 0.91045274 | S89: =$T$2*$B89^$T$3*$L89^$T$4*($T$5*$I89^$T$6+$T$7) -> 0.19508561 | T89: =S89/$K89 -> 0.92897911
A90: Viga B1-a - Gilbert e Nejadi (2004) | B90: 16 | C90: 500 | D90: 2 | E90: 138 | F90: 3.269 | G90: 40 | H90: 48 | I90: 0.017479098 | J90: 58.493281 | K90: 0.15 | L90: =J90/200000 -> 0.00029246641 | P90: =$Q$2*($Q$3*$G90+$Q$4*$B90^$Q$5*$I90^$Q$6)*$L90^$Q$7 -> 0.10157244 | Q90: =P90/$K90 -> 0.67714959 | S90: =$T$2*$B90^$T$3*$L90^$T$4*($T$5*$I90^$T$6+$T$7) -> 0.098535618 | T90: =S90/$K90 -> 0.65690412
B91: 16 | C91: 500 | D91: 2 | E91: 138 | F91: 3.269 | G91: 40 | H91: 48 | I91: 0.017479098 | J91: 94.658334 | K91: 0.2 | L91: =J91/200000 -> 0.00047329167 | P91: =$Q$2*($Q$3*$G91+$Q$4*$B91^$Q$5*$I91^$Q$6)*$L91^$Q$7 -> 0.15204152 | Q91: =P91/$K91 -> 0.76020758 | S91: =$T$2*$B91^$T$3*$L91^$T$4*($T$5*$I91^$T$6+$T$7) -> 0.14863613 | T91: =S91/$K91 -> 0.74318067
B92: 16 | C92: 500 | D92: 2 | E92: 138 | F92: 3.269 | G92: 40 | H92: 48 | I92: 0.017479098 | J92: 132.93604 | K92: 0.25 | L92: =J92/200000 -> 0.0006646802 | P92: =$Q$2*($Q$3*$G92+$Q$4*$B92^$Q$5*$I92^$Q$6)*$L92^$Q$7 -> 0.20209412 | Q92: =P92/$K92 -> 0.80837649 | S92: =$T$2*$B92^$T$3*$L92^$T$4*($T$5*$I92^$T$6+$T$7) -> 0.19864408 | T92: =S92/$K92 -> 0.79457633
B93: 16 | C93: 500 | D93: 2 | E93: 138 | F93: 3.269 | G93: 40 | H93: 48 | I93: 0.017479098 | J93: 171.1482 | K93: 0.28 | L93: =J93/200000 -> 0.00085574101 | P93: =$Q$2*($Q$3*$G93+$Q$4*$B93^$Q$5*$I93^$Q$6)*$L93^$Q$7 -> 0.24975092 | Q93: =P93/$K93 -> 0.89196756 | S93: =$T$2*$B93^$T$3*$L93^$T$4*($T$5*$I93^$T$6+$T$7) -> 0.24648172 | T93: =S93/$K93 -> 0.88029186
B94: 16 | C94: 500 | D94: 2 | E94: 138 | F94: 3.269 | G94: 40 | H94: 48 | I94: 0.017479098 | J94: 209.36036 | K94: 0.28 | L94: =J94/200000 -> 0.0010468018 | P94: =$Q$2*($Q$3*$G94+$Q$4*$B94^$Q$5*$I94^$Q$6)*$L94^$Q$7 -> 0.29569953 | Q94: =P94/$K94 -> 1.0560697 | S94: =$T$2*$B94^$T$3*$L94^$T$4*($T$5*$I94^$T$6+$T$7) -> 0.29277137 | T94: =S94/$K94 -> 1.045612
B95: 16 | C95: 500 | D95: 2 | E95: 138 | F95: 3.269 | G95: 40 | H95: 48 | I95: 0.017479098 | J95: 247.63807 | K95: 0.3 | L95: =J95/200000 -> 0.0012381904 | P95: =$Q$2*($Q$3*$G95+$Q$4*$B95^$Q$5*$I95^$Q$6)*$L95^$Q$7 -> 0.34037688 | Q95: =P95/$K95 -> 1.1345896 | S95: =$T$2*$B95^$T$3*$L95^$T$4*($T$5*$I95^$T$6+$T$7) -> 0.33791293 | T95: =S95/$K95 -> 1.1263764
B96: 16 | C96: 500 | D96: 2 | E96: 138 | F96: 3.269 | G96: 40 | H96: 48 | I96: 0.017479098 | J96: 285.91578 | K96: 0.33 | L96: =J96/200000 -> 0.0014295789 | P96: =$Q$2*($Q$3*$G96+$Q$4*$B96^$Q$5*$I96^$Q$6)*$L96^$Q$7 -> 0.38394464 | Q96: =P96/$K96 -> 1.1634686 | S96: =$T$2*$B96^$T$3*$L96^$T$4*($T$5*$I96^$T$6+$T$7) -> 0.38204286 | T96: =S96/$K96 -> 1.1577056
B97: 16 | C97: 500 | D97: 2 | E97: 138 | F97: 3.269 | G97: 40 | H97: 48 | I97: 0.017479098 | J97: 324.06239 | K97: 0.33 | L97: =J97/200000 -> 0.001620312 | P97: =$Q$2*($Q$3*$G97+$Q$4*$B97^$Q$5*$I97^$Q$6)*$L97^$Q$7 -> 0.42643011 | Q97: =P97/$K97 -> 1.2922125 | S97: =$T$2*$B97^$T$3*$L97^$T$4*($T$5*$I97^$T$6+$T$7) -> 0.425169 | T97: =S97/$K97 -> 1.2883909
A98: Viga B1-b - Gilbert e Nejadi (2004) | B98: 16 | C98: 500 | D98: 2 | E98: 138 | F98: 3.269 | G98: 40 | H98: 48 | I98: 0.017479098 | J98: 94.658334 | K98: 0.15 | L98: =J98/200000 -> 0.00047329167 | P98: =$Q$2*($Q$3*$G98+$Q$4*$B98^$Q$5*$I98^$Q$6)*$L98^$Q$7 -> 0.15204152 | Q98: =P98/$K98 -> 1.0136101 | S98: =$T$2*$B98^$T$3*$L98^$T$4*($T$5*$I98^$T$6+$T$7) -> 0.14863613 | T98: =S98/$K98 -> 0.99090756
B99: 16 | C99: 500 | D99: 2 | E99: 138 | F99: 3.269 | G99: 40 | H99: 48 | I99: 0.017479098 | J99: 132.93604 | K99: 0.18 | L99: =J99/200000 -> 0.0006646802 | P99: =$Q$2*($Q$3*$G99+$Q$4*$B99^$Q$5*$I99^$Q$6)*$L99^$Q$7 -> 0.20209412 | Q99: =P99/$K99 -> 1.1227451 | S99: =$T$2*$B99^$T$3*$L99^$T$4*($T$5*$I99^$T$6+$T$7) -> 0.19864408 | T99: =S99/$K99 -> 1.1035782
B100: 16 | C100: 500 | D100: 2 | E100: 138 | F100: 3.269 | G100: 40 | H100: 48 | I100: 0.017479098 | J100: 171.1482 | K100: 0.2 | L100: =J100/200000 -> 0.00085574101 | P100: =$Q$2*($Q$3*$G100+$Q$4*$B100^$Q$5*$I100^$Q$6)*$L100^$Q$7 -> 0.24975092 | Q100: =P100/$K100 -> 1.2487546 | S100: =$T$2*$B100^$T$3*$L100^$T$4*($T$5*$I100^$T$6+$T$7) -> 0.24648172 | T100: =S100/$K100 -> 1.2324086
B101: 16 | C101: 500 | D101: 2 | E101: 138 | F101: 3.269 | G101: 40 | H101: 48 | I101: 0.017479098 | J101: 209.36036 | K101: 0.25 | L101: =J101/200000 -> 0.0010468018 | P101: =$Q$2*($Q$3*$G101+$Q$4*$B101^$Q$5*$I101^$Q$6)*$L101^$Q$7 -> 0.29569953 | Q101: =P101/$K101 -> 1.1827981 | S101: =$T$2*$B101^$T$3*$L101^$T$4*($T$5*$I101^$T$6+$T$7) -> 0.29277137 | T101: =S101/$K101 -> 1.1710855
...

Sheet Sem TS MC2010
A1: Autor | B1: Inputs | K1: Output
B2: Diâmetro da armadura f (mm) | C2: Resistência do aço - fy (MPa) | D2: Número de barras em uma camada | E2: Espaçamento entre as barras (mm) | F2: Resistência à tração do concreto fctm (MPa) | G2: Cobrimento c (mm) | H2: Distância ao centro de gravidade da armadura d' (mm) | I2: Taxa de armadura r | J2: Tensão na armadura (MPa) | K2: wexp (mm)
A3: Viga S200-1.76-20 - Sokolov et al (2021) | B3: 20 | C3: 500 | D3: 2 | E3: 126 | F3: 4.1203405 | G3: 25 | H3: 39 | I3: 0.060723546 | J3: 231.811 | K3: 0.16
B4: 20 | C4: 500 | D4: 2 | E4: 126 | F4: 4.1203405 | G4: 25 | H4: 39 | I4: 0.060723546 | J4: 304.25194 | K4: 0.23
B5: 20 | C5: 500 | D5: 2 | E5: 126 | F5: 4.1203405 | G5: 25 | H5: 39 | I5: 0.060723546 | J5: 314.28223 | K5: 0.24
B6: 20 | C6: 500 | D6: 2 | E6: 126 | F6: 4.1203405 | G6: 25 | H6: 39 | I6: 0.060723546 | J6: 363.31917 | K6: 0.27
B7: 20 | C7: 500 | D7: 2 | E7: 126 | F7: 4.1203405 | G7: 25 | H7: 39 | I7: 0.060723546 | J7: 459.16411 | K7: 0.35
B8: 20 | C8: 500 | D8: 2 | E8: 126 | F8: 4.1203405 | G8: 25 | H8: 39 | I8: 0.060723546 | J8: 500 | K8: 0.4
A9: Viga S600-0.37-10 - Sokolov et al (2021) | B9: 10 | C9: 500 | D9: 8 | E9: 87.7 | F9: 4.1311268 | G9: 25 | H9: 53 | I9: 0.015388385 | J9: 322.91972 | K9: 0.16
B10: 10 | C10: 500 | D10: 8 | E10: 87.7 | F10: 4.1311268 | G10: 25 | H10: 53 | I10: 0.015388385 | J10: 367.82093 | K10: 0.18
B11: 10 | C11: 500 | D11: 8 | E11: 87.7 | F11: 4.1311268 | G11: 25 | H11: 53 | I11: 0.015388385 | J11: 500 | K11: 0.26
A12: Viga V1 - Oliveira (2007) | B12: 10 | C12: 628 | D12: 4 | E12: 32.466667 | F12: 3.262 | G12: 25 | H12: 36 | I12: 0.017444444 | J12: 285.04803 | K12: 0.16
B13: 10 | C13: 628 | D13: 4 | E13: 32.466667 | F13: 3.262 | G13: 25 | H13: 36 | I13: 0.017444444 | J13: 324.99965 | K13: 0.2
B14: 10 | C14: 628 | D14: 4 | E14: 32.466667 | F14: 3.262 | G14: 25 | H14: 36 | I14: 0.017444444 | J14: 367.64463 | K14: 0.2
B15: 10 | C15: 628 | D15: 4 | E15: 32.466667 | F15: 3.262 | G15: 25 | H15: 36 | I15: 0.017444444 | J15: 410.7385 | K15: 0.24
B16: 10 | C16: 628 | D16: 4 | E16: 32.466667 | F16: 3.262 | G16: 25 | H16: 36 | I16: 0.017444444 | J16: 438.56996 | K16: 0.3
B17: 10 | C17: 628 | D17: 4 | E17: 32.466667 | F17: 3.262 | G17: 25 | H17: 36 | I17: 0.017444444 | J17: 498.27294 | K17: 0.32
B18: 10 | C18: 628 | D18: 4 | E18: 32.466667 | F18: 3.262 | G18: 25 | H18: 36 | I18: 0.017444444 | J18: 502.76188 | K18: 0.38
B19: 10 | C19: 628 | D19: 4 | E19: 32.466667 | F19: 3.262 | G19: 25 | H19: 36 | I19: 0.017444444 | J19: 538.67345 | K19: 0.42
B20: 10 | C20: 628 | D20: 4 | E20: 32.466667 | F20: 3.262 | G20: 25 | H20: 36 | I20: 0.017444444 | J20: 628 | K20: 0.44
B21: 10 | C21: 628 | D21: 4 | E21: 32.466667 | F21: 3.262 | G21: 25 | H21: 36 | I21: 0.017444444 | J21: 628 | K21: 0.5
A22: Viga V2 - Oliveira (2007) | B22: 10 | C22: 628 | D22: 4 | E22: 32.466667 | F22: 3.514 | G22: 25 | H22: 36 | I22: 0.017444444 | J22: 321.47188 | K22: 0.24
B23: 10 | C23: 628 | D23: 4 | E23: 32.466667 | F23: 3.514 | G23: 25 | H23: 36 | I23: 0.017444444 | J23: 357.19097 | K23: 0.3
B24: 10 | C24: 628 | D24: 4 | E24: 32.466667 | F24: 3.514 | G24: 25 | H24: 36 | I24: 0.017444444 | J24: 370.58564 | K24: 0.3
B25: 10 | C25: 628 | D25: 4 | E25: 32.466667 | F25: 3.514 | G25: 25 | H25: 36 | I25: 0.017444444 | J25: 392.91007 | K25: 0.3
B26: 10 | C26: 628 | D26: 4 | E26: 32.466667 | F26: 3.514 | G26: 25 | H26: 36 | I26: 0.017444444 | J26: 424.16428 | K26: 0.38
B27: 10 | C27: 628 | D27: 4 | E27: 32.466667 | F27: 3.514 | G27: 25 | H27: 36 | I27: 0.017444444 | J27: 491.13759 | K27: 0.44
A28: Viga T1F000 - Silva Neto (2017) | B28: 16 | C28: 571 | D28: 4 | E28: 37 | F28: 4.2588 | G28: 33 | H28: 59 | I28: 0.1168 | J28: 140.04197 | K28: 0.18
B29: 16 | C29: 571 | D29: 4 | E29: 37 | F29: 4.2588 | G29: 33 | H29: 59 | I29: 0.1168 | J29: 201.59887 | K29: 0.2
B30: 16 | C30: 571 | D30: 4 | E30: 37 | F30: 4.2588 | G30: 33 | H30: 59 | I30: 0.1168 | J30: 243.91925 | K30: 0.26
B31: 16 | C31: 571 | D31: 4 | E31: 37 | F31: 4.2588 | G31: 33 | H31: 59 | I31: 0.1168 | J31: 313.94023 | K31: 0.44
B32: 16 | C32: 571 | D32: 4 | E32: 37 | F32: 4.2588 | G32: 33 | H32: 59 | I32: 0.1168 | J32: 416.27859 | K32: 0.6
A33: Viga 12-20-00 - Caldentey et al (2013) | B33: 12 | C33: 500 | D33: 4 | E33: 79.3 | F33: 2.6933292 | G33: 20 | H33: 38 | I33: 0.013593985 | J33: 300.43296 | K33: 0.36
B34: 12 | C34: 500 | D34: 4 | E34: 79.3 | F34: 2.6933292 | G34: 20 | H34: 38 | I34: 0.013593985 | J34: 386.27094 | K34: 0.43
B35: 12 | C35: 500 | D35: 4 | E35: 79.3 | F35: 2.6933292 | G35: 20 | H35: 38 | I35: 0.013593985 | J35: 500 | K35: 0.56
B36: 12 | C36: 500 | D36: 4 | E36: 79.3 | F36: 2.6933292 | G36: 20 | H36: 38 | I36: 0.013593985 | J36: 500 | K36: 0.71
B37: 12 | C37: 500 | D37: 4 | E37: 79.3 | F37: 2.6933292 | G37: 20 | H37: 38 | I37: 0.013593985 | J37: 500 | K37: 0.79
A38: Viga 25-20-00 - Caldentey et al (2013) | B38: 25 | C38: 500 | D38: 4 | E38: 62 | F38: 2.6933292 | G38: 20 | H38: 44.5 | I38: 0.054467051 | J38: 106.51266 | K38: 0.2
B39: 25 | C39: 500 | D39: 4 | E39: 62 | F39: 2.6933292 | G39: 20 | H39: 44.5 | I39: 0.054467051 | J39: 191.72278 | K39: 0.25
B40: 25 | C40: 500 | D40: 4 | E40: 62 | F40: 2.6933292 | G40: 20 | H40: 44.5 | I40: 0.054467051 | J40: 276.9329 | K40: 0.36
B41: 25 | C41: 500 | D41: 4 | E41: 62 | F41: 2.6933292 | G41: 20 | H41: 44.5 | I41: 0.054467051 | J41: 362.14303 | K41: 0.47
B42: 25 | C42: 500 | D42: 4 | E42: 62 | F42: 2.6933292 | G42: 20 | H42: 44.5 | I42: 0.054467051 | J42: 426.05062 | K42: 0.57
B43: 25 | C43: 500 | D43: 4 | E43: 62 | F43: 2.6933292 | G43: 20 | H43: 44.5 | I43: 0.054467051 | J43: 500 | K43: 0.78
A44: Viga 12-20-10 - Caldentey et al (2013) | B44: 12 | C44: 500 | D44: 4 | E44: 79.3 | F44: 2.6933292 | G44: 20 | H44: 34 | I44: 0.015193277 | J44: 212.47113 | K44: 0.21
B45: 12 | C45: 500 | D45: 4 | E45: 79.3 | F45: 2.6933292 | G45: 20 | H45: 34 | I45: 0.015193277 | J45: 254.96535 | K45: 0.31
B46: 12 | C46: 500 | D46: 4 | E46: 79.3 | F46: 2.6933292 | G46: 20 | H46: 34 | I46: 0.015193277 | J46: 297.45958 | K46: 0.38
B47: 12 | C47: 500 | D47: 4 | E47: 79.3 | F47: 2.6933292 | G47: 20 | H47: 34 | I47: 0.015193277 | J47: 382.44803 | K47: 0.52
B48: 12 | C48: 500 | D48: 4 | E48: 79.3 | F48: 2.6933292 | G48: 20 | H48: 34 | I48: 0.015193277 | J48: 500 | K48: 0.74
A49: Viga 12-20-30 - Caldentey et al (2013) | B49: 12 | C49: 500 | D49: 4 | E49: 79.3 | F49: 2.6933292 | G49: 20 | H49: 34 | I49: 0.015193277 | J49: 212.47113 | K49: 0.17
B50: 12 | C50: 500 | D50: 4 | E50: 79.3 | F50: 2.6933292 | G50: 20 | H50: 34 | I50: 0.015193277 | J50: 297.45958 | K50: 0.36
B51: 12 | C51: 500 | D51: 4 | E51: 79.3 | F51: 2.6933292 | G51: 20 | H51: 34 | I51: 0.015193277 | J51: 382.44803 | K51: 0.56
B52: 12 | C52: 500 | D52: 4 | E52: 79.3 | F52: 2.6933292 | G52: 20 | H52: 34 | I52: 0.015193277 | J52: 500 | K52: 0.78
A53: Viga 12-70-00 - Caldentey et al (2013) | B53: 12 | C53: 500 | D53: 4 | E53: 46 | F53: 2.6933292 | G53: 70 | H53: 88 | I53: 0.010220068 | J53: 245.19477 | K53: 0.31
B54: 12 | C54: 500 | D54: 4 | E54: 46 | F54: 2.6933292 | G54: 70 | H54: 88 | I54: 0.010220068 | J54: 294.23372 | K54: 0.44
A55: Viga 12-70-10 - Caldentey et al (2013) | B55: 12 | C55: 500 | D55: 4 | E55: 46 | F55: 2.6933292 | G55: 70 | H55: 84 | I55: 0.010231759 | J55: 193.94581 | K55: 0.14
B56: 12 | C56: 500 | D56: 4 | E56: 46 | F56: 2.6933292 | G56: 70 | H56: 84 | I56: 0.010231759 | J56: 242.43227 | K56: 0.31
B57: 12 | C57: 500 | D57: 4 | E57: 46 | F57: 2.6933292 | G57: 70 | H57: 84 | I57: 0.010231759 | J57: 290.91872 | K57: 0.4
A58: Viga 12-70-30 - Caldentey et al (2013) | B58: 12 | C58: 500 | D58: 4 | E58: 46 | F58: 2.6933292 | G58: 70 | H58: 84 | I58: 0.010231759 | J58: 193.94581 | K58: 0.25
B59: 12 | C59: 500 | D59: 4 | E59: 46 | F59: 2.6933292 | G59: 70 | H59: 84 | I59: 0.010231759 | J59: 242.43227 | K59: 0.44
B60: 12 | C60: 500 | D60: 4 | E60: 46 | F60: 2.6933292 | G60: 70 | H60: 84 | I60: 0.010231759 | J60: 290.91872 | K60: 0.56
A61: Viga 25-20-10 - Caldentey et al (2013) | B61: 25 | C61: 500 | D61: 4 | E61: 62 | F61: 2.6933292 | G61: 20 | H61: 40.5 | I61: 0.055421517 | J61: 210.83755 | K61: 0.23
B62: 25 | C62: 500 | D62: 4 | E62: 62 | F62: 2.6933292 | G62: 20 | H62: 40.5 | I62: 0.055421517 | J62: 316.25632 | K62: 0.35
B63: 25 | C63: 500 | D63: 4 | E63: 62 | F63: 2.6933292 | G63: 20 | H63: 40.5 | I63: 0.055421517 | J63: 421.6751 | K63: 0.49
B64: 25 | C64: 500 | D64: 4 | E64: 62 | F64: 2.6933292 | G64: 20 | H64: 40.5 | I64: 0.055421517 | J64: 500 | K64: 0.67
A65: Viga 25-20-30 - Caldentey et al (2013) | B65: 25 | C65: 500 | D65: 4 | E65: 62 | F65: 2.6933292 | G65: 20 | H65: 40.5 | I65: 0.055421517 | J65: 210.83755 | K65: 0.27
B66: 25 | C66: 500 | D66: 4 | E66: 62 | F66: 2.6933292 | G66: 20 | H66: 40.5 | I66: 0.055421517 | J66: 316.25632 | K66: 0.4
B67: 25 | C67: 500 | D67: 4 | E67: 62 | F67: 2.6933292 | G67: 20 | H67: 40.5 | I67: 0.055421517 | J67: 421.6751 | K67: 0.53
B68: 25 | C68: 500 | D68: 4 | E68: 62 | F68: 2.6933292 | G68: 20 | H68: 40.5 | I68: 0.055421517 | J68: 500 | K68: 0.72
A69: Viga 25-70-00 - Caldentey et al (2013) | B69: 25 | C69: 500 | D69: 4 | E69: 28.7 | F69: 2.6933292 | G69: 70 | H69: 94.5 | I69: 0.052620596 | J69: 122.34077 | K69: 0.3
B70: 25 | C70: 500 | D70: 4 | E70: 28.7 | F70: 2.6933292 | G70: 70 | H70: 94.5 | I70: 0.052620596 | J70: 244.68153 | K70: 0.57
A71: Viga 25-70-10 - Caldentey et al (2013) | B71: 25 | C71: 500 | D71: 4 | E71: 28.7 | F71: 2.6933292 | G71: 70 | H71: 90.5 | I71: 0.052767942 | J71: 120.90671 | K71: 0.26
B72: 25 | C72: 500 | D72: 4 | E72: 28.7 | F72: 2.6933292 | G72: 70 | H72: 90.5 | I72: 0.052767942 | J72: 241.81343 | K72: 0.6
A73: Viga 25-70-30 - Caldentey et al (2013) | B73: 25 | C73: 500 | D73: 4 | E73: 28.7 | F73: 2.6933292 | G73: 70 | H73: 90.5 | I73: 0.052767942 | J73: 120.90671 | K73: 0.27
B74: 25 | C74: 500 | D74: 4 | E74: 28.7 | F74: 2.6933292 | G74: 70 | H74: 90.5 | I74: 0.052767942 | J74: 241.81343 | K74: 0.59
A75: Viga RS1 - Harajlí e Naamam (1985) | B75: 9.52 | C75: 434 | D75: 3 | E75: 22.2 | F75: 3.56416 | G75: 20.64 | H75: 25.4 | I75: 0.03244851 | J75: 295.47063 | K75: 0.15
B76: 9.52 | C76: 434 | D76: 3 | E76: 22.2 | F76: 3.56416 | G76: 20.64 | H76: 25.4 | I76: 0.03244851 | J76: 343.86668 | K76: 0.17
A77: Viga RS2 - Harajlí e Naamam (1985) | B77: 12.7 | C77: 434 | D77: 3 | E77: 19.05 | F77: 3.9766082 | G77: 19.05 | H77: 25.4 | I77: 0.064212475 | J77: 303.25603 | K77: 0.15
B78: 12.7 | C78: 434 | D78: 3 | E78: 19.05 | F78: 3.9766082 | G78: 19.05 | H78: 25.4 | I78: 0.064212475 | J78: 347.81023 | K78: 0.17
B79: 12.7 | C79: 434 | D79: 3 | E79: 19.05 | F79: 3.9766082 | G79: 19.05 | H79: 25.4 | I79: 0.064212475 | J79: 411.04845 | K79: 0.2
A80: Viga RS3 - Harajlí e Naamam (1985) | B80: 15.9 | C80: 540 | D80: 3 | E80: 15.9 | F80: 3.9766082 | G80: 17.46 | H80: 25.4 | I80: 0.10835068 | J80: 289.73492 | K80: 0.16
B81: 15.9 | C81: 540 | D81: 3 | E81: 15.9 | F81: 3.9766082 | G81: 17.46 | H81: 25.4 | I81: 0.10835068 | J81: 379.98023 | K81: 0.21
A82: Viga B1-a - Gilbert e Nejadi (2004) | B82: 16 | C82: 500 | D82: 2 | E82: 138 | F82: 3.269 | G82: 40 | H82: 48 | I82: 0.017479098 | J82: 185.27396 | K82: 0.15
B83: 16 | C83: 500 | D83: 2 | E83: 138 | F83: 3.269 | G83: 40 | H83: 48 | I83: 0.017479098 | J83: 211.7676 | K83: 0.2
B84: 16 | C84: 500 | D84: 2 | E84: 138 | F84: 3.269 | G84: 40 | H84: 48 | I84: 0.017479098 | J84: 238.26123 | K84: 0.25
B85: 16 | C85: 500 | D85: 2 | E85: 138 | F85: 3.269 | G85: 40 | H85: 48 | I85: 0.017479098 | J85: 264.7095 | K85: 0.28
B86: 16 | C86: 500 | D86: 2 | E86: 138 | F86: 3.269 | G86: 40 | H86: 48 | I86: 0.017479098 | J86: 291.15776 | K86: 0.28
B87: 16 | C87: 500 | D87: 2 | E87: 138 | F87: 3.269 | G87: 40 | H87: 48 | I87: 0.017479098 | J87: 317.6514 | K87: 0.3
B88: 16 | C88: 500 | D88: 2 | E88: 138 | F88: 3.269 | G88: 40 | H88: 48 | I88: 0.017479098 | J88: 344.14503 | K88: 0.33
B89: 16 | C89: 500 | D89: 2 | E89: 138 | F89: 3.269 | G89: 40 | H89: 48 | I89: 0.017479098 | J89: 370.54793 | K89: 0.33
A90: Viga B1-b - Gilbert e Nejadi (2004) | B90: 16 | C90: 500 | D90: 2 | E90: 138 | F90: 3.269 | G90: 40 | H90: 48 | I90: 0.017479098 | J90: 211.7676 | K90: 0.15
B91: 16 | C91: 500 | D91: 2 | E91: 138 | F91: 3.269 | G91: 40 | H91: 48 | I91: 0.017479098 | J91: 238.26123 | K91: 0.18
B92: 16 | C92: 500 | D92: 2 | E92: 138 | F92: 3.269 | G92: 40 | H92: 48 | I92: 0.017479098 | J92: 264.7095 | K92: 0.2
B93: 16 | C93: 500 | D93: 2 | E93: 138 | F93: 3.269 | G93: 40 | H93: 48 | I93: 0.017479098 | J93: 291.15776 | K93: 0.25
B94: 16 | C94: 500 | D94: 2 | E94: 138 | F94: 3.269 | G94: 40 | H94: 48 | I94: 0.017479098 | J94: 317.6514 | K94: 0.3
B95: 16 | C95: 500 | D95: 2 | E95: 138 | F95: 3.269 | G95: 40 | H95: 48 | I95: 0.017479098 | J95: 344.14503 | K95: 0.33
B96: 16 | C96: 500 | D96: 2 | E96: 138 | F96: 3.269 | G96: 40 | H96: 48 | I96: 0.017479098 | J96: 370.54793 | K96: 0.38
A97: Viga B2-a - Gilbert e Nejadi (2004) | B97: 16 | C97: 500 | D97: 2 | E97: 168 | F97: 3.269 | G97: 25 | H97: 33 | I97: 0.019393939 | J97: 211.7676 | K97: 0.15
B98: 16 | C98: 500 | D98: 2 | E98: 168 | F98: 3.269 | G98: 25 | H98: 33 | I98: 0.019393939 | J98: 238.26123 | K98: 0.18
B99: 16 | C99: 500 | D99: 2 | E99: 168 | F99: 3.269 | G99: 25 | H99: 33 | I99: 0.019393939 | J99: 264.7095 | K99: 0.2
B100: 16 | C100: 500 | D100: 2 | E100: 168 | F100: 3.269 | G100: 25 | H100: 33 | I100: 0.019393939 | J100: 291.15776 | K100: 0.23
...

Sheet Com TS variável MC2020
W1: Opção 3 de equação | Z1: Opção 4 de equação | AC1: Equações (13) e (15) do artigo Flexural cracking behavior and parametric analysis of steel-UHPC composite decks without longitudinal ribs (sem Tension stiffening). w=A1*(A2+A3*ft/(ro*Sigmas))*eps*(A4*c+A5*fi/ro)*(h-xii)/(h-xii-dl) | AP1: Equações (13) e (15) do artigo Flexural cracking behavior and parametric analysis of steel-UHPC composite decks without longitudinal ribs (sem Tension stiffening) + proposta de correção por fy. w=A1*(A2+A3*ft/(ro*Sigmas))*(A4*c+A5*fi/ro)*(Sigmas**A6/200000)*(h-xii)/(h-xii-dl)+(Sigmas-fy/A7)*(A4*c+A5*fi/ro)/200000
W2: A1 | X2: 0.515 | Z2: A1 | AA2: 0.391 | AC2: A1 | AD2: 1.22 | AP2: A1 | AQ2: 7.37
W3: A2 | X3: -0.00169 | Z3: A2 | AA3: 0.701 | AC3: A2 | AD3: 1.93 | AP3: A2 | AQ3: 4.87
W4: A3 | X4: 1 | Z4: A3 | AA4: 0.628 | AC4: A3 | AD4: -1.05 | AP4: A3 | AQ4: -2.7
W5: A4 | X5: 0.672 | Z5: A4 | AA5: 0.389 | AC5: A4 | AD5: 0.568 | AP5: A4 | AQ5: 0.09
W6: A5 | X6: -0.417 | Z6: A5 | AA6: -0.631 | AC6: A5 | AD6: 0.08 | AP6: A5 | AQ6: 0.016
W7: A6 | X7: 0.617 | Z7: A6 | AA7: 2.011 | AP7: A6 | AQ7: 0.82
AP8: A7 | AQ8: 2
A9: Autor | B9: Inputs | R9: Output
B10: Diâmetro da armadura (mm) | C10: Resistência do aço - fy (MPa) | D10: Número de barras em uma camada | E10: Espaçamento entre as barras (mm) | F10: Resistência à tração do concreto (MPa) | G10: Cobrimento (mm) | H10: Distância ao centro de gravidade da armadura (mm) | I10: Largura da viga - b (mm) | J10: Altura da viga - h (mm) | K10: Área de aço tracionada - As (mm2) | L10: Área de concreto efetiva - Ace (mm2) | M10: Linha neutra no Estádio II - XII (mm) | N10: Taxa de armadura | O10: Momento fletor - Ms (kNm) | P10: Tensão na armadura menos tension stiffening (MPa) | Q10: Normalizado Tensão na armadura menos tension stiffening (MPa) | R10: w (mm) | S10: Deformação na armadura menos tension stiffening | AE10: resíduo | AF10: Erro | AG10: wpred*Erro/wobs | AR10: resíduo
A11: Viga S200-1.76-20 - Sokolov et al (2021) | B11: 20 | C11: 500 | D11: 2 | E11: 126 | F11: 4.1203405 | G11: 25 | H11: 39 | I11: 216 | J11: 201 | K11: 628 | L11: 29484 | M11: 57.361777 | N11: 0.021299688 | O11: 20.8 | P11: 120.52775 | Q11: =(P11-P$354)/P$355 -> -1.0409508 | R11: 0.16 | S11: =P11/200000 -> 0.00060263873 | W11: =$X$2*($X$3*$G11+$X$4*$B11^$X$5*$N11^$X$6)*$S11^$X$7 -> 0.19768346 | X11: =W11/$R11 -> 1.2355216 | Z11: =$AA$2*$B11^$AA$3*$S11^$AA$4*($AA$5*$N11^$AA$6+$AA$7) -> 0.1949344 | AA11: =Z11/$R11 -> 1.21834 | AC11: =$AD$2*($AD$3+$AD$4*$F11/($N11*'Sem TS MC2020'!P3))*($AD$5*$G11+$AD$6*$B11/$N11)*'Sem TS MC2020'!R3*($J11-$M11)/($J11-$M11-$H11) -> 0.18269773 | AD11: =AC11/$R11 -> 1.1418608 | AE11: =AC11-$R11 -> 0.022697733 | AF11: =1/AD11 -> 0.87576347 | AG11: =AC11*(14.068*'Sem TS MC2020'!$P3^-0.457)/$R11 -> 1.3334578 | AP11: =$AQ$2*($AQ$3+$AQ$4*$F11/($N11*'Sem TS MC2020'!P3))*($AQ$5*$G11+$AQ$6*$B11/$N11)*('Sem TS MC2020'!P3^$AQ$7/200000)*($J11-$M11)/($J11-$M11-$H11)+('Sem TS MC2020'!P3-$C11/$AQ$8)*($AQ$5*$G11+$AQ$6*$B11/$N11)/200000 -> 0.19730926 | AQ11: =AP11/$R11 -> 1.2331829 | AR11: =AP11-$R11 -> 0.037309263
B12: 20 | C12: 500 | D12: 2 | E12: 126 | F12: 4.1203405 | G12: 25 | H12: 39 | I12: 216 | J12: 201 | K12: 628 | L12: 29484 | M12: 57.361777 | N12: 0.021299688 | O12: 27.3 | P12: 223.84798 | Q12: =(P12-P$354)/P$355 -> -0.17474156 | R12: 0.23 | S12: =P12/200000 -> 0.0011192399 | W12: =$X$2*($X$3*$G12+$X$4*$B12^$X$5*$N12^$X$6)*$S12^$X$7 -> 0.28964147 | X12: =W12/$R12 -> 1.2593108 | Z12: =$AA$2*$B12^$AA$3*$S12^$AA$4*($AA$5*$N12^$AA$6+$AA$7) -> 0.28756527 | AA12: =Z12/$R12 -> 1.2502838 | AC12: =$AD$2*($AD$3+$AD$4*$F12/($N12*'Sem TS MC2020'!P4))*($AD$5*$G12+$AD$6*$B12/$N12)*'Sem TS MC2020'!R4*($J12-$M12)/($J12-$M12-$H12) -> 0.28726414 | AD12: =AC12/$R12 -> 1.2489745 | AE12: =AC12-$R12 -> 0.057264135 | AF12: =1/AD12 -> 0.80065686 | AG12: =AC12*(14.068*'Sem TS MC2020'!$P4^-0.457)/$R12 -> 1.2880962 | AP12: =$AQ$2*($AQ$3+$AQ$4*$F12/($N12*'Sem TS MC2020'!P4))*($AQ$5*$G12+$AQ$6*$B12/$N12)*('Sem TS MC2020'!P4^$AQ$7/200000)*($J12-$M12)/($J12-$M12-$H12)+('Sem TS MC2020'!P4-$C12/$AQ$8)*($AQ$5*$G12+$AQ$6*$B12/$N12)/200000 -> 0.30420253 | AQ12: =AP12/$R12 -> 1.3226197 | AR12: =AP12-$R12 -> 0.074202527
B13: 20 | C13: 500 | D13: 2 | E13: 126 | F13: 4.1203405 | G13: 25 | H13: 39 | I13: 216 | J13: 201 | K13: 628 | L13: 29484 | M13: 57.361777 | N13: 0.021299688 | O13: 28.2 | P13: 242.0522 | Q13: =(P13-P$354)/P$355 -> -0.022122286 | R13: 0.24 | S13: =P13/200000 -> 0.001210261 | W13: =$X$2*($X$3*$G13+$X$4*$B13^$X$5*$N13^$X$6)*$S13^$X$7 -> 0.30395655 | X13: =W13/$R13 -> 1.2664856 | Z13: =$AA$2*$B13^$AA$3*$S13^$AA$4*($AA$5*$N13^$AA$6+$AA$7) -> 0.30203739 | AA13: =Z13/$R13 -> 1.2584891 | AC13: =$AD$2*($AD$3+$AD$4*$F13/($N13*'Sem TS MC2020'!P5))*($AD$5*$G13+$AD$6*$B13/$N13)*'Sem TS MC2020'!R5*($J13-$M13)/($J13-$M13-$H13) -> 0.30174256 | AD13: =AC13/$R13 -> 1.2572607 | AE13: =AC13-$R13 -> 0.06174256 | AF13: =1/AD13 -> 0.79538001 | AG13: =AC13*(14.068*'Sem TS MC2020'!$P5^-0.457)/$R13 -> 1.2775636 | AP13: =$AQ$2*($AQ$3+$AQ$4*$F13/($N13*'Sem TS MC2020'!P5))*($AQ$5*$G13+$AQ$6*$B13/$N13)*('Sem TS MC2020'!P5^$AQ$7/200000)*($J13-$M13)/($J13-$M13-$H13)+('Sem TS MC2020'!P5-$C13/$AQ$8)*($AQ$5*$G13+$AQ$6*$B13/$N13)/200000 -> 0.31848621 | AQ13: =AP13/$R13 -> 1.3270259 | AR13: =AP13-$R13 -> 0.078486208
B14: 20 | C14: 500 | D14: 2 | E14: 126 | F14: 4.1203405 | G14: 25 | H14: 39 | I14: 216 | J14: 201 | K14: 628 | L14: 29484 | M14: 57.361777 | N14: 0.021299688 | O14: 32.6 | P14: 325.14719 | Q14: =(P14-P$354)/P$355 -> 0.67452391 | R14: 0.27 | S14: =P14/200000 -> 0.001625736 | W14: =$X$2*($X$3*$G14+$X$4*$B14^$X$5*$N14^$X$6)*$S14^$X$7 -> 0.36466409 | X14: =W14/$R14 -> 1.3506077 | Z14: =$AA$2*$B14^$AA$3*$S14^$AA$4*($AA$5*$N14^$AA$6+$AA$7) -> 0.36353989 | AA14: =Z14/$R14 -> 1.346444 | AC14: =$AD$2*($AD$3+$AD$4*$F14/($N14*'Sem TS MC2020'!P6))*($AD$5*$G14+$AD$6*$B14/$N14)*'Sem TS MC2020'!R6*($J14-$M14)/($J14-$M14-$H14) -> 0.37252597 | AD14: =AC14/$R14 -> 1.3797258 | AE14: =AC14-$R14 -> 0.10252597 | AF14: =1/AD14 -> 0.72478168 | AG14: =AC14*(14.068*'Sem TS MC2020'!$P6^-0.457)/$R14 -> 1.3121195 | AP14: =$AQ$2*($AQ$3+$AQ$4*$F14/($N14*'Sem TS MC2020'!P6))*($AQ$5*$G14+$AQ$6*$B14/$N14)*('Sem TS MC2020'!P6^$AQ$7/200000)*($J14-$M14)/($J14-$M14-$H14)+('Sem TS MC2020'!P6-$C14/$AQ$8)*($AQ$5*$G14+$AQ$6*$B14/$N14)/200000 -> 0.38687098 | AQ14: =AP14/$R14 -> 1.4328555 | AR14: =AP14-$R14 -> 0.11687098
B15: 20 | C15: 500 | D15: 2 | E15: 126 | F15: 4.1203405 | G15: 25 | H15: 39 | I15: 216 | J15: 201 | K15: 628 | L15: 29484 | M15: 57.361777 | N15: 0.021299688 | O15: 41.2 | P15: 447.78446 | Q15: =(P15-P$354)/P$355 -> 1.702682 | R15: 0.35 | S15: =P15/200000 -> 0.0022389223 | W15: =$X$2*($X$3*$G15+$X$4*$B15^$X$5*$N15^$X$6)*$S15^$X$7 -> 0.44427228 | X15: =W15/$R15 -> 1.2693494 | Z15: =$AA$2*$B15^$AA$3*$S15^$AA$4*($AA$5*$N15^$AA$6+$AA$7) -> 0.4444646 | AA15: =Z15/$R15 -> 1.2698988 | AC15: =$AD$2*($AD$3+$AD$4*$F15/($N15*'Sem TS MC2020'!P7))*($AD$5*$G15+$AD$6*$B15/$N15)*'Sem TS MC2020'!R7*($J15-$M15)/($J15-$M15-$H15) -> 0.51087536 | AD15: =AC15/$R15 -> 1.4596439 | AE15: =AC15-$R15 -> 0.16087536 | AF15: =1/AD15 -> 0.68509861 | AG15: =AC15*(14.068*'Sem TS MC2020'!$P7^-0.457)/$R15 -> 1.2472684 | AP15: =$AQ$2*($AQ$3+$AQ$4*$F15/($N15*'Sem TS MC2020'!P7))*($AQ$5*$G15+$AQ$6*$B15/$N15)*('Sem TS MC2020'!P7^$AQ$7/200000)*($J15-$M15)/($J15-$M15-$H15)+('Sem TS MC2020'!P7-$C15/$AQ$8)*($AQ$5*$G15+$AQ$6*$B15/$N15)/200000 -> 0.51490295 | AQ15: =AP15/$R15 -> 1.4711513 | AR15: =AP15-$R15 -> 0.16490295
B16: 20 | C16: 500 | D16: 2 | E16: 126 | F16: 4.1203405 | G16: 25 | H16: 39 | I16: 216 | J16: 201 | K16: 628 | L16: 29484 | M16: 57.361777 | N16: 0.021299688 | O16: 44.9 | P16: 500 | Q16: =(P16-P$354)/P$355 -> 2.1404431 | R16: 0.4 | S16: =P16/200000 -> 0.0025 | W16: =$X$2*($X$3*$G16+$X$4*$B16^$X$5*$N16^$X$6)*$S16^$X$7 -> 0.4755587 | X16: =W16/$R16 -> 1.1888967 | Z16: =$AA$2*$B16^$AA$3*$S16^$AA$4*($AA$5*$N16^$AA$6+$AA$7) -> 0.47634213 | AA16: =Z16/$R16 -> 1.1908553 | AC16: =$AD$2*($AD$3+$AD$4*$F16/($N16*'Sem TS MC2020'!P8))*($AD$5*$G16+$AD$6*$B16/$N16)*'Sem TS MC2020'!R8*($J16-$M16)/($J16-$M16-$H16) -> 0.5698208 | AD16: =AC16/$R16 -> 1.424552 | AE16: =AC16-$R16 -> 0.1698208 | AF16: =1/AD16 -> 0.70197508 | AG16: =AC16*(14.068*'Sem TS MC2020'!$P8^-0.457)/$R16 -> 1.1707964 | AP16: =$AQ$2*($AQ$3+$AQ$4*$F16/($N16*'Sem TS MC2020'!P8))*($AQ$5*$G16+$AQ$6*$B16/$N16)*('Sem TS MC2020'!P8^$AQ$7/200000)*($J16-$M16)/($J16-$M16-$H16)+('Sem TS MC2020'!P8-$C16/$AQ$8)*($AQ$5*$G16+$AQ$6*$B16/$N16)/200000 -> 0.56764369 | AQ16: =AP16/$R16 -> 1.4191092 | AR16: =AP16-$R16 -> 0.16764369
A17: Viga S600-0.37-10 - Sokolov et al (2021) | B17: 10 | C17: 500 | D17: 8 | E17: 87.7 | F17: 4.1311268 | G17: 25 | H17: 53 | I17: 308 | J17: 604 | K17: 628 | L17: 43428 | M17: 99.6964 | N17: 0.014460717 | O17: 105 | P17: 224.98496 | Q17: =(P17-P$354)/P$355 -> -0.16520943 | R17: 0.16 | S17: =P17/200000 -> 0.0011249248 | W17: =$X$2*($X$3*$G17+$X$4*$B17^$X$5*$N17^$X$6)*$S17^$X$7 -> 0.2142315 | X17: =W17/$R17 -> 1.3389469 | Z17: =$AA$2*$B17^$AA$3*$S17^$AA$4*($AA$5*$N17^$AA$6+$AA$7) -> 0.2112024 | AA17: =Z17/$R17 -> 1.320015 | AC17: =$AD$2*($AD$3+$AD$4*$F17/($N17*'Sem TS MC2020'!P9))*($AD$5*$G17+$AD$6*$B17/$N17)*'Sem TS MC2020'!R9*($J17-$M17)/($J17-$M17-$H17) -> 0.15319516 | AD17: =AC17/$R17 -> 0.95746978 | AE17: =AC17-$R17 -> -0.0068048354 | AF17: =1/AD17 -> 1.0444194 | AG17: =AC17*(14.068*'Sem TS MC2020'!$P9^-0.457)/$R17 -> 0.96095095 | AP17: =$AQ$2*($AQ$3+$AQ$4*$F17/($N17*'Sem TS MC2020'!P9))*($AQ$5*$G17+$AQ$6*$B17/$N17)*('Sem TS MC2020'!P9^$AQ$7/200000)*($J17-$M17)/($J17-$M17-$H17)+('Sem TS MC2020'!P9-$C17/$AQ$8)*($AQ$5*$G17+$AQ$6*$B17/$N17)/200000 -> 0.16014114 | AQ17: =AP17/$R17 -> 1.0008821 | AR17: =AP17-$R17 -> 0.00014113896
B18: 10 | C18: 500 | D18: 8 | E18: 87.7 | F18: 4.1311268 | G18: 25 | H18: 53 | I18: 308 | J18: 604 | K18: 628 | L18: 43428 | M18: 99.6964 | N18: 0.014460717 | O18: 119.6 | P18: 301.65384 | Q18: =(P18-P$354)/P$355 -> 0.47756193 | R18: 0.18 | S18: =P18/200000 -> 0.0015082692 | W18: =$X$2*($X$3*$G18+$X$4*$B18^$X$5*$N18^$X$6)*$S18^$X$7 -> 0.25672111 | X18: =W18/$R18 -> 1.4262284 | Z18: =$AA$2*$B18^$AA$3*$S18^$AA$4*($AA$5*$N18^$AA$6+$AA$7) -> 0.25390896 | AA18: =Z18/$R18 -> 1.4106053 | AC18: =$AD$2*($AD$3+$AD$4*$F18/($N18*'Sem TS MC2020'!P10))*($AD$5*$G18+$AD$6*$B18/$N18)*'Sem TS MC2020'!R10*($J18-$M18)/($J18-$M18-$H18) -> 0.19426213 | AD18: =AC18/$R18 -> 1.0792341 | AE18: =AC18-$R18 -> 0.014262131 | AF18: =1/AD18 -> 0.92658306 | AG18: =AC18*(14.068*'Sem TS MC2020'!$P10^-0.457)/$R18 -> 1.020592 | AP18: =$AQ$2*($AQ$3+$AQ$4*$F18/($N18*'Sem TS MC2020'!P10))*($AQ$5*$G18+$AQ$6*$B18/$N18)*('Sem TS MC2020'!P10^$AQ$7/200000)*($J18-$M18)/($J18-$M18-$H18)+('Sem TS MC2020'!P10-$C18/$AQ$8)*($AQ$5*$G18+$AQ$6*$B18/$N18)/200000 -> 0.20092938 | AQ18: =AP18/$R18 -> 1.1162744 | AR18: =AP18-$R18 -> 0.020929385
B19: 10 | C19: 500 | D19: 8 | E19: 87.7 | F19: 4.1311268 | G19: 25 | H19: 53 | I19: 308 | J19: 604 | K19: 628 | L19: 43428 | M19: 99.6964 | N19: 0.014460717 | O19: 174.3 | P19: 497.36822 | Q19: =(P19-P$354)/P$355 -> 2.118379 | R19: 0.26 | S19: =P19/200000 -> 0.0024868411 | W19: =$X$2*($X$3*$G19+$X$4*$B19^$X$5*$N19^$X$6)*$S19^$X$7 -> 0.34950627 | X19: =W19/$R19 -> 1.3442549 | Z19: =$AA$2*$B19^$AA$3*$S19^$AA$4*($AA$5*$N19^$AA$6+$AA$7) -> 0.34758439 | AA19: =Z19/$R19 -> 1.336863 | AC19: =$AD$2*($AD$3+$AD$4*$F19/($N19*'Sem TS MC2020'!P11))*($AD$5*$G19+$AD$6*$B19/$N19)*'Sem TS MC2020'!R11*($J19-$M19)/($J19-$M19-$H19) -> 0.31515403 | AD19: =AC19/$R19 -> 1.2121309 | AE19: =AC19-$R19 -> 0.055154025 | AF19: =1/AD19 -> 0.82499343 | AG19: =AC19*(14.068*'Sem TS MC2020'!$P11^-0.457)/$R19 -> 0.99621386 | AP19: =$AQ$2*($AQ$3+$AQ$4*$F19/($N19*'Sem TS MC2020'!P11))*($AQ$5*$G19+$AQ$6*$B19/$N19)*('Sem TS MC2020'!P11^$AQ$7/200000)*($J19-$M19)/($J19-$M19-$H19)+('Sem TS MC2020'!P11-$C19/$AQ$8)*($AQ$5*$G19+$AQ$6*$B19/$N19)/200000 -> 0.31465649 | AQ19: =AP19/$R19 -> 1.2102173 | AR19: =AP19-$R19 -> 0.05465649
A20: Viga V1 - Oliveira (2007) | B20: 10 | C20: 628 | D20: 4 | E20: 32.466667 | F20: 3.262 | G20: 25 | H20: 36 | I20: 200 | J20: 600 | K20: 314 | L20: 17200 | M20: 95.721927 | N20: 0.018255814 | O20: 47.625 | P20: 178.11588 | Q20: =(P20-P$354)/P$355 -> -0.55814724 | R20: 0.16 | S20: =P20/200000 -> 0.00089057942 | W20: =$X$2*($X$3*$G20+$X$4*$B20^$X$5*$N20^$X$6)*$S20^$X$7 -> 0.16827313 | X20: =W20/$R20 -> 1.0517071 | Z20: =$AA$2*$B20^$AA$3*$S20^$AA$4*($AA$5*$N20^$AA$6+$AA$7) -> 0.16400319 | AA20: =Z20/$R20 -> 1.0250199 | AC20: =$AD$2*($AD$3+$AD$4*$F20/($N20*'Sem TS MC2020'!P12))*($AD$5*$G20+$AD$6*$B20/$N20)*'Sem TS MC2020'!R12*($J20-$M20)/($J20-$M20-$H20) -> 0.1381736 | AD20: =AC20/$R20 -> 0.86358503 | AE20: =AC20-$R20 -> -0.021826395 | AF20: =1/AD20 -> 1.1579636 | AG20: =AC20*(14.068*'Sem TS MC2020'!$P12^-0.457)/$R20 -> 0.9175715 | AP20: =$AQ$2*($AQ$3+$AQ$4*$F20/($N20*'Sem TS MC2020'!P12))*($AQ$5*$G20+$AQ$6*$B20/$N20)*('Sem TS MC2020'!P12^$AQ$7/200000)*($J20-$M20)/($J20-$M20-$H20)+('Sem TS MC2020'!P12-$C20/$AQ$8)*($AQ$5*$G20+$AQ$6*$B20/$N20)/200000 -> 0.14151898 | AQ20: =AP20/$R20 -> 0.88449366 | AR20: =AP20-$R20 -> -0.018481015
B21: 10 | C21: 628 | D21: 4 | E21: 32.466667 | F21: 3.262 | G21: 25 | H21: 36 | I21: 200 | J21: 600 | K21: 314 | L21: 17200 | M21: 95.721927 | N21: 0.018255814 | O21: 54.3 | P21: 242.19704 | Q21: =(P21-P$354)/P$355 -> -0.020907976 | R21: 0.2 | S21: =P21/200000 -> 0.0012109852 | W21: =$X$2*($X$3*$G21+$X$4*$B21^$X$5*$N21^$X$6)*$S21^$X$7 -> 0.20340584 | X21: =W21/$R21 -> 1.0170292 | Z21: =$AA$2*$B21^$AA$3*$S21^$AA$4*($AA$5*$N21^$AA$6+$AA$7) -> 0.19891569 | AA21: =Z21/$R21 -> 0.99457847 | AC21: =$AD$2*($AD$3+$AD$4*$F21/($N21*'Sem TS MC2020'!P13))*($AD$5*$G21+$AD$6*$B21/$N21)*'Sem TS MC2020'!R13*($J21-$M21)/($J21-$M21-$H21) -> 0.16756213 | AD21: =AC21/$R21 -> 0.83781067 | AE21: =AC21-$R21 -> -0.032437866 | AF21: =1/AD21 -> 1.1935871 | AG21: =AC21*(14.068*'Sem TS MC2020'!$P13^-0.457)/$R21 -> 0.83839324 | AP21: =$AQ$2*($AQ$3+$AQ$4*$F21/($N21*'Sem TS MC2020'!P13))*($AQ$5*$G21+$AQ$6*$B21/$N21)*('Sem TS MC2020'!P13^$AQ$7/200000)*($J21-$M21)/($J21-$M21-$H21)+('Sem TS MC2020'!P13-$C21/$AQ$8)*($AQ$5*$G21+$AQ$6*$B21/$N21)/200000 -> 0.17040509 | AQ21: =AP21/$R21 -> 0.85202543 | AR21: =AP21-$R21 -> -0.029594915
B22: 10 | C22: 628 | D22: 4 | E22: 32.466667 | F22: 3.262 | G22: 25 | H22: 36 | I22: 200 | J22: 600 | K22: 314 | L22: 17200 | M22: 95.721927 | N22: 0.018255814 | O22: 61.425 | P22: 308.13373 | Q22: =(P22-P$354)/P$355 -> 0.53188761 | R22: 0.2 | S22: =P22/200000 -> 0.0015406687 | W22: =$X$2*($X$3*$G22+$X$4*$B22^$X$5*$N22^$X$6)*$S22^$X$7 -> 0.23598443 | X22: =W22/$R22 -> 1.1799222 | Z22: =$AA$2*$B22^$AA$3*$S22^$AA$4*($AA$5*$N22^$AA$6+$AA$7) -> 0.23138717 | AA22: =Z22/$R22 -> 1.1569358 | AC22: =$AD$2*($AD$3+$AD$4*$F22/($N22*'Sem TS MC2020'!P14))*($AD$5*$G22+$AD$6*$B22/$N22)*'Sem TS MC2020'!R14*($J22-$M22)/($J22-$M22-$H22) -> 0.19893191 | AD22: =AC22/$R22 -> 0.99465956 | AE22: =AC22-$R22 -> -0.0010680871 | AF22: =1/AD22 -> 1.0053691 | AG22: =AC22*(14.068*'Sem TS MC2020'!$P14^-0.457)/$R22 -> 0.9408191 | AP22: =$AQ$2*($AQ$3+$AQ$4*$F22/($N22*'Sem TS MC2020'!P14))*($AQ$5*$G22+$AQ$6*$B22/$N22)*('Sem TS MC2020'!P14^$AQ$7/200000)*($J22-$M22)/($J22-$M22-$H22)+('Sem TS MC2020'!P14-$C22/$AQ$8)*($AQ$5*$G22+$AQ$6*$B22/$N22)/200000 -> 0.20037279 | AQ22: =AP22/$R22 -> 1.0018639 | AR22: =AP22-$R22 -> 0.0003727879
B23: 10 | C23: 628 | D23: 4 | E23: 32.466667 | F23: 3.262 | G23: 25 | H23: 36 | I23: 200 | J23: 600 | K23: 314 | L23: 17200 | M23: 95.721927 | N23: 0.018255814 | O23: 68.625 | P23: 368.31936 | Q23: =(P23-P$354)/P$355 -> 1.0364679 | R23: 0.24 | S23: =P23/200000 -> 0.0018415968 | W23: =$X$2*($X$3*$G23+$X$4*$B23^$X$5*$N23^$X$6)*$S23^$X$7 -> 0.26344611 | X23: =W23/$R23 -> 1.0976921 | Z23: =$AA$2*$B23^$AA$3*$S23^$AA$4*($AA$5*$N23^$AA$6+$AA$7) -> 0.25882132 | AA23: =Z23/$R23 -> 1.0784222 | AC23: =$AD$2*($AD$3+$AD$4*$F23/($N23*'Sem TS MC2020'!P15))*($AD$5*$G23+$AD$6*$B23/$N23)*'Sem TS MC2020'!R15*($J23-$M23)/($J23-$M23-$H23) -> 0.2306319 | AD23: =AC23/$R23 -> 0.96096625 | AE23: =AC23-$R23 -> -0.0093681003 | AF23: =1/AD23 -> 1.0406193 | AG23: =AC23*(14.068*'Sem TS MC2020'!$P15^-0.457)/$R23 -> 0.86405443 | AP23: =$AQ$2*($AQ$3+$AQ$4*$F23/($N23*'Sem TS MC2020'!P15))*($AQ$5*$G23+$AQ$6*$B23/$N23)*('Sem TS MC2020'!P15^$AQ$7/200000)*($J23-$M23)/($J23-$M23-$H23)+('Sem TS MC2020'!P15-$C23/$AQ$8)*($AQ$5*$G23+$AQ$6*$B23/$N23)/200000 -> 0.22989655 | AQ23: =AP23/$R23 -> 0.9579023 | AR23: =AP23-$R23 -> -0.010103449
B24: 10 | C24: 628 | D24: 4 | E24: 32.466667 | F24: 3.262 | G24: 25 | H24: 36 | I24: 200 | J24: 600 | K24: 314 | L24: 17200 | M24: 95.721927 | N24: 0.018255814 | O24: 73.275 | P24: 401.01025 | Q24: =(P24-P$354)/P$355 -> 1.3105395 | R24: 0.3 | S24: =P24/200000 -> 0.0020050512 | W24: =$X$2*($X$3*$G24+$X$4*$B24^$X$5*$N24^$X$6)*$S24^$X$7 -> 0.27763753 | X24: =W24/$R24 -> 0.92545842 | Z24: =$AA$2*$B24^$AA$3*$S24^$AA$4*($AA$5*$N24^$AA$6+$AA$7) -> 0.27301887 | AA24: =Z24/$R24 -> 0.91006289 | AC24: =$AD$2*($AD$3+$AD$4*$F24/($N24*'Sem TS MC2020'!P16))*($AD$5*$G24+$AD$6*$B24/$N24)*'Sem TS MC2020'!R16*($J24-$M24)/($J24-$M24-$H24) -> 0.25110481 | AD24: =AC24/$R24 -> 0.83701603 | AE24: =AC24-$R24 -> -0.048895192 | AF24: =1/AD24 -> 1.1947203 | AG24: =AC24*(14.068*'Sem TS MC2020'!$P16^-0.457)/$R24 -> 0.73038923 | AP24: =$AQ$2*($AQ$3+$AQ$4*$F24/($N24*'Sem TS MC2020'!P16))*($AQ$5*$G24+$AQ$6*$B24/$N24)*('Sem TS MC2020'!P16^$AQ$7/200000)*($J24-$M24)/($J24-$M24-$H24)+('Sem TS MC2020'!P16-$C24/$AQ$8)*($AQ$5*$G24+$AQ$6*$B24/$N24)/200000 -> 0.24861266 | AQ24: =AP24/$R24 -> 0.82870885 | AR24: =AP24-$R24 -> -0.051387344
B25: 10 | C25: 628 | D25: 4 | E25: 32.466667 | F25: 3.262 | G25: 25 | H25: 36 | I25: 200 | J25: 600 | K25: 314 | L25: 17200 | M25: 95.721927 | N25: 0.018255814 | O25: 83.25 | P25: 498.05773 | Q25: =(P25-P$354)/P$355 -> 2.1241596 | R25: 0.32 | S25: =P25/200000 -> 0.0024902886 | W25: =$X$2*($X$3*$G25+$X$4*$B25^$X$5*$N25^$X$6)*$S25^$X$7 -> 0.31736045 | X25: =W25/$R25 -> 0.99175142 | Z25: =$AA$2*$B25^$AA$3*$S25^$AA$4*($AA$5*$N25^$AA$6+$AA$7) -> 0.31282587 | AA25: =Z25/$R25 -> 0.97758086 | AC25: =$AD$2*($AD$3+$AD$4*$F25/($N25*'Sem TS MC2020'!P17))*($AD$5*$G25+$AD$6*$B25/$N25)*'Sem TS MC2020'!R17*($J25-$M25)/($J25-$M25-$H25) -> 0.2950225 | AD25: =AC25/$R25 -> 0.92194531 | AE25: =AC25-$R25 -> -0.024977502 | AF25: =1/AD25 -> 1.084663 | AG25: =AC25*(14.068*'Sem TS MC2020'!$P17^-0.457)/$R25 -> 0.75891819 | AP25: =$AQ$2*($AQ$3+$AQ$4*$F25/($N25*'Sem TS MC2020'!P17))*($AQ$5*$G25+$AQ$6*$B25/$N25)*('Sem TS MC2020'!P17^$AQ$7/200000)*($J25-$M25)/($J25-$M25-$H25)+('Sem TS MC2020'!P17-$C25/$AQ$8)*($AQ$5*$G25+$AQ$6*$B25/$N25)/200000 -> 0.28795738 | AQ25: =AP25/$R25 -> 0.89986681 | AR25: =AP25-$R25 -> -0.03204262
B26: 10 | C26: 628 | D26: 4 | E26: 32.466667 | F26: 3.262 | G26: 25 | H26: 36 | I26: 200 | J26: 600 | K26: 314 | L26: 17200 | M26: 95.721927 | N26: 0.018255814 | O26: 84 | P26: 502.76188 | Q26: =(P26-P$354)/P$355 -> 2.163598 | R26: 0.38 | S26: =P26/200000 -> 0.0025138094 | W26: =$X$2*($X$3*$G26+$X$4*$B26^$X$5*$N26^$X$6)*$S26^$X$7 -> 0.31920656 | X26: =W26/$R26 -> 0.84001726 | Z26: =$AA$2*$B26^$AA$3*$S26^$AA$4*($AA$5*$N26^$AA$6+$AA$7) -> 0.31467814 | AA26: =Z26/$R26 -> 0.82810038 | AC26: =$AD$2*($AD$3+$AD$4*$F26/($N26*'Sem TS MC2020'!P18))*($AD$5*$G26+$AD$6*$B26/$N26)*'Sem TS MC2020'!R18*($J26-$M26)/($J26-$M26-$H26) -> 0.29832458 | AD26: =AC26/$R26 -> 0.78506468 | AE26: =AC26-$R26 -> -0.08167542 | AF26: =1/AD26 -> 1.2737804 | AG26: =AC26*(14.068*'Sem TS MC2020'!$P18^-0.457)/$R26 -> 0.64359878 | AP26: =$AQ$2*($AQ$3+$AQ$4*$F26/($N26*'Sem TS MC2020'!P18))*($AQ$5*$G26+$AQ$6*$B26/$N26)*('Sem TS MC2020'!P18^$AQ$7/200000)*($J26-$M26)/($J26-$M26-$H26)+('Sem TS MC2020'!P18-$C26/$AQ$8)*($AQ$5*$G26+$AQ$6*$B26/$N26)/200000 -> 0.29087529 | AQ26: =AP26/$R26 -> 0.76546129 | AR26: =AP26-$R26 -> -0.089124711
B27: 10 | C27: 628 | D27: 4 | E27: 32.466667 | F27: 3.262 | G27: 25 | H27: 36 | I27: 200 | J27: 600 | K27: 314 | L27: 17200 | M27: 95.721927 | N27: 0.018255814 | O27: 90 | P27: 538.67345 | Q27: =(P27-P$354)/P$355 -> 2.4646709 | R27: 0.42 | S27: =P27/200000 -> 0.0026933672 | W27: =$X$2*($X$3*$G27+$X$4*$B27^$X$5*$N27^$X$6)*$S27^$X$7 -> 0.3330881 | X27: =W27/$R27 -> 0.79306691 | Z27: =$AA$2*$B27^$AA$3*$S27^$AA$4*($AA$5*$N27^$AA$6+$AA$7) -> 0.32861205 | AA27: =Z27/$R27 -> 0.78240964 | AC27: =$AD$2*($AD$3+$AD$4*$F27/($N27*'Sem TS MC2020'!P19))*($AD$5*$G27+$AD$6*$B27/$N27)*'Sem TS MC2020'!R19*($J27-$M27)/($J27-$M27-$H27) -> 0.32474124 | AD27: =AC27/$R27 -> 0.77319342 | AE27: =AC27-$R27 -> -0.095258764 | AF27: =1/AD27 -> 1.2933374 | AG27: =AC27*(14.068*'Sem TS MC2020'!$P19^-0.457)/$R27 -> 0.6141928 | AP27: =$AQ$2*($AQ$3+$AQ$4*$F27/($N27*'Sem TS MC2020'!P19))*($AQ$5*$G27+$AQ$6*$B27/$N27)*('Sem TS MC2020'!P19^$AQ$7/200000)*($J27-$M27)/($J27-$M27-$H27)+('Sem TS MC2020'!P19-$C27/$AQ$8)*($AQ$5*$G27+$AQ$6*$B27/$N27)/200000 -> 0.31403394 | AQ27: =AP27/$R27 -> 0.74769985 | AR27: =AP27-$R27 -> -0.10596606
B28: 10 | C28: 628 | D28: 4 | E28: 32.466667 | F28: 3.262 | G28: 25 | H28: 36 | I28: 200 | J28: 600 | K28: 314 | L28: 17200 | M28: 95.721927 | N28: 0.018255814 | O28: 108 | P28: 628 | Q28: =(P28-P$354)/P$355 -> 3.2135609 | R28: 0.44 | S28: =P28/200000 -> 0.00314 | W28: =$X$2*($X$3*$G28+$X$4*$B28^$X$5*$N28^$X$6)*$S28^$X$7 -> 0.36616122 | X28: =W28/$R28 -> 0.83218458 | Z28: =$AA$2*$B28^$AA$3*$S28^$AA$4*($AA$5*$N28^$AA$6+$AA$7) -> 0.36185092 | AA28: =Z28/$R28 -> 0.82238846 | AC28: =$AD$2*($AD$3+$AD$4*$F28/($N28*'Sem TS MC2020'!P20))*($AD$5*$G28+$AD$6*$B28/$N28)*'Sem TS MC2020'!R20*($J28-$M28)/($J28-$M28-$H28) -> 0.39045012 | AD28: =AC28/$R28 -> 0.88738664 | AE28: =AC28-$R28 -> -0.049549879 | AF28: =1/AD28 -> 1.1269045 | AG28: =AC28*(14.068*'Sem TS MC2020'!$P20^-0.457)/$R28 -> 0.65716994 | AP28: =$AQ$2*($AQ$3+$AQ$4*$F28/($N28*'Sem TS MC2020'!P20))*($AQ$5*$G28+$AQ$6*$B28/$N28)*('Sem TS MC2020'!P20^$AQ$7/200000)*($J28-$M28)/($J28-$M28-$H28)+('Sem TS MC2020'!P20-$C28/$AQ$8)*($AQ$5*$G28+$AQ$6*$B28/$N28)/200000 -> 0.37036258 | AQ28: =AP28/$R28 -> 0.84173314 | AR28: =AP28-$R28 -> -0.069637417
B29: 10 | C29: 628 | D29: 4 | E29: 32.466667 | F29: 3.262 | G29: 25 | H29: 36 | I29: 200 | J29: 600 | K29: 314 | L29: 17200 | M29: 95.721927 | N29: 0.018255814 | O29: 120 | P29: 628 | Q29: =(P29-P$354)/P$355 -> 3.2135609 | R29: 0.5 | S29: =P29/200000 -> 0.00314 | W29: =$X$2*($X$3*$G29+$X$4*$B29^$X$5*$N29^$X$6)*$S29^$X$7 -> 0.36616122 | X29: =W29/$R29 -> 0.73232243 | Z29: =$AA$2*$B29^$AA$3*$S29^$AA$4*($AA$5*$N29^$AA$6+$AA$7) -> 0.36185092 | AA29: =Z29/$R29 -> 0.72370184 | AC29: =$AD$2*($AD$3+$AD$4*$F29/($N29*'Sem TS MC2020'!P21))*($AD$5*$G29+$AD$6*$B29/$N29)*'Sem TS MC2020'!R21*($J29-$M29)/($J29-$M29-$H29) -> 0.39045012 | AD29: =AC29/$R29 -> 0.78090024 | AE29: =AC29-$R29 -> -0.10954988 | AF29: =1/AD29 -> 1.2805733 | AG29: =AC29*(14.068*'Sem TS MC2020'!$P21^-0.457)/$R29 -> 0.57830954 | AP29: =$AQ$2*($AQ$3+$AQ$4*$F29/($N29*'Sem TS MC2020'!P21))*($AQ$5*$G29+$AQ$6*$B29/$N29)*('Sem TS MC2020'!P21^$AQ$7/200000)*($J29-$M29)/($J29-$M29-$H29)+('Sem TS MC2020'!P21-$C29/$AQ$8)*($AQ$5*$G29+$AQ$6*$B29/$N29)/200000 -> 0.37036258 | AQ29: =AP29/$R29 -> 0.74072517 | AR29: =AP29-$R29 -> -0.12963742
A30: Viga V2 - Oliveira (2007) | B30: 10 | C30: 628 | D30: 4 | E30: 32.466667 | F30: 3.514 | G30: 25 | H30: 36 | I30: 200 | J30: 600 | K30: 314 | L30: 17200 | M30: 87.120679 | N30: 0.018255814 | O30: 54 | P30: 249.68578 | Q30: =(P30-P$354)/P$355 -> 0.041875657 | R30: 0.24 | S30: =P30/200000 -> 0.0012484289 | W30: =$X$2*($X$3*$G30+$X$4*$B30^$X$5*$N30^$X$6)*$S30^$X$7 -> 0.20726369 | X30: =W30/$R30 -> 0.86359871 | Z30: =$AA$2*$B30^$AA$3*$S30^$AA$4*($AA$5*$N30^$AA$6+$AA$7) -> 0.20275629 | AA30: =Z30/$R30 -> 0.84481789 | AC30: =$AD$2*($AD$3+$AD$4*$F30/($N30*'Sem TS MC2020'!P22))*($AD$5*$G30+$AD$6*$B30/$N30)*'Sem TS MC2020'!R22*($J30-$M30)/($J30-$M30-$H30) -> 0.15923753 | AD30: =AC30/$R30 -> 0.66348969 | AE30: =AC30-$R30 -> -0.080762474 | AF30: =1/AD30 -> 1.5071824 | AG30: =AC30*(14.068*'Sem TS MC2020'!$P22^-0.457)/$R30 -> 0.66727091 | AP30: =$AQ$2*($AQ$3+$AQ$4*$F30/($N30*'Sem TS MC2020'!P22))*($AQ$5*$G30+$AQ$6*$B30/$N30)*('Sem TS MC2020'!P22^$AQ$7/200000)*($J30-$M30)/($J30-$M30-$H30)+('Sem TS MC2020'!P22-$C30/$AQ$8)*($AQ$5*$G30+$AQ$6*$B30/$N30)/200000 -> 0.16191714 | AQ30: =AP30/$R30 -> 0.67465473 | AR30: =AP30-$R30 -> -0.078082865
B31: 10 | C31: 628 | D31: 4 | E31: 32.466667 | F31: 3.514 | G31: 25 | H31: 36 | I31: 200 | J31: 600 | K31: 314 | L31: 17200 | M31: 87.120679 | N31: 0.018255814 | O31: 60 | P31: 336.5738 | Q31: =(P31-P$354)/P$355 -> 0.77032152 | R31: 0.3 | S31: =P31/200000 -> 0.001682869 | W31: =$X$2*($X$3*$G31+$X$4*$B31^$X$5*$N31^$X$6)*$S31^$X$7 -> 0.24919527 | X31: =W31/$R31 -> 0.83065089 | Z31: =$AA$2*$B31^$AA$3*$S31^$AA$4*($AA$5*$N31^$AA$6+$AA$7) -> 0.24457804 | AA31: =Z31/$R31 -> 0.81526012 | AC31: =$AD$2*($AD$3+$AD$4*$F31/($N31*'Sem TS MC2020'!P23))*($AD$5*$G31+$AD$6*$B31/$N31)*'Sem TS MC2020'!R23*($J31-$M31)/($J31-$M31-$H31) -> 0.18547877 | AD31: =AC31/$R31 -> 0.61826257 | AE31: =AC31-$R31 -> -0.11452123 | AF31: =1/AD31 -> 1.6174358 | AG31: =AC31*(14.068*'Sem TS MC2020'!$P23^-0.457)/$R31 -> 0.59255654 | AP31: =$AQ$2*($AQ$3+$AQ$4*$F31/($N31*'Sem TS MC2020'!P23))*($AQ$5*$G31+$AQ$6*$B31/$N31)*('Sem TS MC2020'!P23^$AQ$7/200000)*($J31-$M31)/($J31-$M31-$H31)+('Sem TS MC2020'!P23-$C31/$AQ$8)*($AQ$5*$G31+$AQ$6*$B31/$N31)/200000 -> 0.187208 | AQ31: =AP31/$R31 -> 0.62402667 | AR31: =AP31-$R31 -> -0.112792
B32: 10 | C32: 628 | D32: 4 | E32: 32.466667 | F32: 3.514 | G32: 25 | H32: 36 | I32: 200 | J32: 600 | K32: 314 | L32: 17200 | M32: 87.120679 | N32: 0.018255814 | O32: 62.25 | P32: 361.87936 | Q32: =(P32-P$354)/P$355 -> 0.98247663 | R32: 0.3 | S32: =P32/200000 -> 0.0018093968 | W32: =$X$2*($X$3*$G32+$X$4*$B32^$X$5*$N32^$X$6)*$S32^$X$7 -> 0.26059442 | X32: =W32/$R32 -> 0.86864808 | Z32: =$AA$2*$B32^$AA$3*$S32^$AA$4*($AA$5*$N32^$AA$6+$AA$7) -> 0.25597002 | AA32: =Z32/$R32 -> 0.8532334 | AC32: =$AD$2*($AD$3+$AD$4*$F32/($N32*'Sem TS MC2020'!P24))*($AD$5*$G32+$AD$6*$B32/$N32)*'Sem TS MC2020'!R24*($J32-$M32)/($J32-$M32-$H32) -> 0.19531924 | AD32: =AC32/$R32 -> 0.65106413 | AE32: =AC32-$R32 -> -0.10468076 | AF32: =1/AD32 -> 1.535947 | AG32: =AC32*(14.068*'Sem TS MC2020'!$P24^-0.457)/$R32 -> 0.61358403 | AP32: =$AQ$2*($AQ$3+$AQ$4*$F32/($N32*'Sem TS MC2020'!P24))*($AQ$5*$G32+$AQ$6*$B32/$N32)*('Sem TS MC2020'!P24^$AQ$7/200000)*($J32-$M32)/($J32-$M32-$H32)+('Sem TS MC2020'!P24-$C32/$AQ$8)*($AQ$5*$G32+$AQ$6*$B32/$N32)/200000 -> 0.19654385 | AQ32: =AP32/$R32 -> 0.65514615 | AR32: =AP32-$R32 -> -0.10345615
B33: 10 | C33: 628 | D33: 4 | E33: 32.466667 | F33: 3.514 | G33: 25 | H33: 36 | I33: 200 | J33: 600 | K33: 314 | L33: 17200 | M33: 87.120679 | N33: 0.018255814 | O33: 66 | P33: 392.91007 | Q33: =(P33-P$354)/P$355 -> 1.2426298 | R33: 0.3 | S33: =P33/200000 -> 0.0019645504 | W33: =$X$2*($X$3*$G33+$X$4*$B33^$X$5*$N33^$X$6)*$S33^$X$7 -> 0.27416381 | X33: =W33/$R33 -> 0.91387936 | Z33: =$AA$2*$B33^$AA$3*$S33^$AA$4*($AA$5*$N33^$AA$6+$AA$7) -> 0.26954242 | AA33: =Z33/$R33 -> 0.89847475 | AC33: =$AD$2*($AD$3+$AD$4*$F33/($N33*'Sem TS MC2020'!P25))*($AD$5*$G33+$AD$6*$B33/$N33)*'Sem TS MC2020'!R25*($J33-$M33)/($J33-$M33-$H33) -> 0.21172002 | AD33: =AC33/$R33 -> 0.70573339 | AE33: =AC33-$R33 -> -0.088279984 | AF33: =1/AD33 -> 1.4169657 | AG33: =AC33*(14.068*'Sem TS MC2020'!$P25^-0.457)/$R33 -> 0.64756154 | AP33: =$AQ$2*($AQ$3+$AQ$4*$F33/($N33*'Sem TS MC2020'!P25))*($AQ$5*$G33+$AQ$6*$B33/$N33)*('Sem TS MC2020'!P25^$AQ$7/200000)*($J33-$M33)/($J33-$M33-$H33)+('Sem TS MC2020'!P25-$C33/$AQ$8)*($AQ$5*$G33+$AQ$6*$B33/$N33)/200000 -> 0.21194075 | AQ33: =AP33/$R33 -> 0.70646917 | AR33: =AP33-$R33 -> -0.08805925
B34: 10 | C34: 628 | D34: 4 | E34: 32.466667 | F34: 3.514 | G34: 25 | H34: 36 | I34: 200 | J34: 600 | K34: 314 | L34: 17200 | M34: 87.120679 | N34: 0.018255814 | O34: 71.25 | P34: 424.16428 | Q34: =(P34-P$354)/P$355 -> 1.5046567 | R34: 0.38 | S34: =P34/200000 -> 0.0021208214 | W34: =$X$2*($X$3*$G34+$X$4*$B34^$X$5*$N34^$X$6)*$S34^$X$7 -> 0.28742185 | X34: =W34/$R34 -> 0.75637329 | Z34: =$AA$2*$B34^$AA$3*$S34^$AA$4*($AA$5*$N34^$AA$6+$AA$7) -> 0.282815 | AA34: =Z34/$R34 -> 0.74424999 | AC34: =$AD$2*($AD$3+$AD$4*$F34/($N34*'Sem TS MC2020'!P26))*($AD$5*$G34+$AD$6*$B34/$N34)*'Sem TS MC2020'!R26*($J34-$M34)/($J34-$M34-$H34) -> 0.23468111 | AD34: =AC34/$R34 -> 0.61758186 | AE34: =AC34-$R34 -> -0.14531889 | AF34: =1/AD34 -> 1.6192186 | AG34: =AC34*(14.068*'Sem TS MC2020'!$P26^-0.457)/$R34 -> 0.54719713 | AP34: =$AQ$2*($AQ$3+$AQ$4*$F34/($N34*'Sem TS MC2020'!P26))*($AQ$5*$G34+$AQ$6*$B34/$N34)*('Sem TS MC2020'!P26^$AQ$7/200000)*($J34-$M34)/($J34-$M34-$H34)+('Sem TS MC2020'!P26-$C34/$AQ$8)*($AQ$5*$G34+$AQ$6*$B34/$N34)/200000 -> 0.23318211 | AQ34: =AP34/$R34 -> 0.61363714 | AR34: =AP34-$R34 -> -0.14681789
B35: 10 | C35: 628 | D35: 4 | E35: 32.466667 | F35: 3.514 | G35: 25 | H35: 36 | I35: 200 | J35: 600 | K35: 314 | L35: 17200 | M35: 87.120679 | N35: 0.018255814 | O35: 82.5 | P35: 491.13759 | Q35: =(P35-P$354)/P$355 -> 2.066143 | R35: 0.44 | S35: =P35/200000 -> 0.0024556879 | W35: =$X$2*($X$3*$G35+$X$4*$B35^$X$5*$N35^$X$6)*$S35^$X$7 -> 0.31463251 | X35: =W35/$R35 -> 0.7150739 | Z35: =$AA$2*$B35^$AA$3*$S35^$AA$4*($AA$5*$N35^$AA$6+$AA$7) -> 0.31008918 | AA35: =Z35/$R35 -> 0.70474815 | AC35: =$AD$2*($AD$3+$AD$4*$F35/($N35*'Sem TS MC2020'!P27))*($AD$5*$G35+$AD$6*$B35/$N35)*'Sem TS MC2020'!R27*($J35-$M35)/($J35-$M35-$H35) -> 0.28388344 | AD35: =AC35/$R35 -> 0.64518964 | AE35: =AC35-$R35 -> -0.15611656 | AF35: =1/AD35 -> 1.5499319 | AG35: =AC35*(14.068*'Sem TS MC2020'!$P27^-0.457)/$R35 -> 0.53461346 | AP35: =$AQ$2*($AQ$3+$AQ$4*$F35/($N35*'Sem TS MC2020'!P27))*($AQ$5*$G35+$AQ$6*$B35/$N35)*('Sem TS MC2020'!P27^$AQ$7/200000)*($J35-$M35)/($J35-$M35-$H35)+('Sem TS MC2020'!P27-$C35/$AQ$8)*($AQ$5*$G35+$AQ$6*$B35/$N35)/200000 -> 0.27762328 | AQ35: =AP35/$R35 -> 0.630962 | AR35: =AP35-$R35 -> -0.16237672
A36: Viga T1F000 - Silva Neto (2017) | B36: 16 | C36: 571 | D36: 4 | E36: 37 | F36: 4.2588 | G36: 33 | H36: 59 | I36: 125 | J36: 250 | K36: 800 | L36: 19625 | M36: 87.082519 | N36: 0.0408 | O36: 18.2 | P36: 63.458454 | Q36: =(P36-P$354)/P$355 -> -1.5194045 | R36: 0.18 | S36: =P36/200000 -> 0.00031729227 | W36: =$X$2*($X$3*$G36+$X$4*$B36^$X$5*$N36^$X$6)*$S36^$X$7 -> 0.087244867 | X36: =W36/$R36 -> 0.48469371 | Z36: =$AA$2*$B36^$AA$3*$S36^$AA$4*($AA$5*$N36^$AA$6+$AA$7) -> 0.085674437 | AA36: =Z36/$R36 -> 0.4759691 | AC36: =$AD$2*($AD$3+$AD$4*$F36/($N36*'Sem TS MC2020'!P28))*($AD$5*$G36+$AD$6*$B36/$N36)*'Sem TS MC2020'!R28*($J36-$M36)/($J36-$M36-$H36) -> 0.077010617 | AD36: =AC36/$R36 -> 0.42783676 | AE36: =AC36-$R36 -> -0.10298938 | AF36: =1/AD36 -> 2.3373401 | AG36: =AC36*(14.068*'Sem TS MC2020'!$P28^-0.457)/$R36 -> 0.6290287 | AP36: =$AQ$2*($AQ$3+$AQ$4*$F36/($N36*'Sem TS MC2020'!P28))*($AQ$5*$G36+$AQ$6*$B36/$N36)*('Sem TS MC2020'!P28^$AQ$7/200000)*($J36-$M36)/($J36-$M36-$H36)+('Sem TS MC2020'!P28-$C36/$AQ$8)*($AQ$5*$G36+$AQ$6*$B36/$N36)/200000 -> 0.081081852 | AQ36: =AP36/$R36 -> 0.45045473 | AR36: =AP36-$R36 -> -0.098918148
B37: 16 | C37: 571 | D37: 4 | E37: 37 | F37: 4.2588 | G37: 33 | H37: 59 | I37: 125 | J37: 250 | K37: 800 | L37: 19625 | M37: 87.082519 | N37: 0.0408 | O37: 26.2 | P37: 132.58577 | Q37: =(P37-P$354)/P$355 -> -0.93985955 | R37: 0.2 | S37: =P37/200000 -> 0.00066292885 | W37: =$X$2*($X$3*$G37+$X$4*$B37^$X$5*$N37^$X$6)*$S37^$X$7 -> 0.13746257 | X37: =W37/$R37 -> 0.68731286 | Z37: =$AA$2*$B37^$AA$3*$S37^$AA$4*($AA$5*$N37^$AA$6+$AA$7) -> 0.13608678 | AA37: =Z37/$R37 -> 0.68043388 | AC37: =$AD$2*($AD$3+$AD$4*$F37/($N37*'Sem TS MC2020'!P29))*($AD$5*$G37+$AD$6*$B37/$N37)*'Sem TS MC2020'!R29*($J37-$M37)/($J37-$M37-$H37) -> 0.1339515 | AD37: =AC37/$R37 -> 0.66975748 | AE37: =AC37-$R37 -> -0.066048503 | AF37: =1/AD37 -> 1.4930778 | AG37: =AC37*(14.068*'Sem TS MC2020'!$P29^-0.457)/$R37 -> 0.83367902 | AP37: =$AQ$2*($AQ$3+$AQ$4*$F37/($N37*'Sem TS MC2020'!P29))*($AQ$5*$G37+$AQ$6*$B37/$N37)*('Sem TS MC2020'!P29^$AQ$7/200000)*($J37-$M37)/($J37-$M37-$H37)+('Sem TS MC2020'!P29-$C37/$AQ$8)*($AQ$5*$G37+$AQ$6*$B37/$N37)/200000 -> 0.13995609 | AQ37: =AP37/$R37 -> 0.69978044 | AR37: =AP37-$R37 -> -0.060043913
B38: 16 | C38: 571 | D38: 4 | E38: 37 | F38: 4.2588 | G38: 33 | H38: 59 | I38: 125 | J38: 250 | K38: 800 | L38: 19625 | M38: 87.082519 | N38: 0.0408 | O38: 31.7 | P38: 182.10678 | Q38: =(P38-P$354)/P$355 -> -0.52468863 | R38: 0.26 | S38: =P38/200000 -> 0.00091053391 | W38: =$X$2*($X$3*$G38+$X$4*$B38^$X$5*$N38^$X$6)*$S38^$X$7 -> 0.16719569 | X38: =W38/$R38 -> 0.64306036 | Z38: =$AA$2*$B38^$AA$3*$S38^$AA$4*($AA$5*$N38^$AA$6+$AA$7) -> 0.16610116 | AA38: =Z38/$R38 -> 0.63885061 | AC38: =$AD$2*($AD$3+$AD$4*$F38/($N38*'Sem TS MC2020'!P30))*($AD$5*$G38+$AD$6*$B38/$N38)*'Sem TS MC2020'!R30*($J38-$M38)/($J38-$M38-$H38) -> 0.17309835 | AD38: =AC38/$R38 -> 0.66576289 | AE38: =AC38-$R38 -> -0.086901648 | AF38: =1/AD38 -> 1.5020363 | AG38: =AC38*(14.068*'Sem TS MC2020'!$P30^-0.457)/$R38 -> 0.75959219 | AP38: =$AQ$2*($AQ$3+$AQ$4*$F38/($N38*'Sem TS MC2020'!P30))*($AQ$5*$G38+$AQ$6*$B38/$N38)*('Sem TS MC2020'!P30^$AQ$7/200000)*($J38-$M38)/($J38-$M38-$H38)+('Sem TS MC2020'!P30-$C38/$AQ$8)*($AQ$5*$G38+$AQ$6*$B38/$N38)/200000 -> 0.17798601 | AQ38: =AP38/$R38 -> 0.68456158 | AR38: =AP38-$R38 -> -0.082013988
B39: 16 | C39: 571 | D39: 4 | E39: 37 | F39: 4.2588 | G39: 33 | H39: 59 | I39: 125 | J39: 250 | K39: 800 | L39: 19625 | M39: 87.082519 | N39: 0.0408 | O39: 40.8 | P39: 276.47022 | Q39: =(P39-P$354)/P$355 -> 0.26642917 | R39: 0.44 | S39: =P39/200000 -> 0.0013823511 | W39: =$X$2*($X$3*$G39+$X$4*$B39^$X$5*$N39^$X$6)*$S39^$X$7 -> 0.21632211 | X39: =W39/$R39 -> 0.49164115 | Z39: =$AA$2*$B39^$AA$3*$S39^$AA$4*($AA$5*$N39^$AA$6+$AA$7) -> 0.21589522 | AA39: =Z39/$R39 -> 0.49067095 | AC39: =$AD$2*($AD$3+$AD$4*$F39/($N39*'Sem TS MC2020'!P31))*($AD$5*$G39+$AD$6*$B39/$N39)*'Sem TS MC2020'!R31*($J39-$M39)/($J39-$M39-$H39) -> 0.2378686 | AD39: =AC39/$R39 -> 0.54061046 | AE39: =AC39-$R39 -> -0.2021314 | AF39: =1/AD39 -> 1.8497607 | AG39: =AC39*(14.068*'Sem TS MC2020'!$P31^-0.457)/$R39 -> 0.54961394 | AP39: =$AQ$2*($AQ$3+$AQ$4*$F39/($N39*'Sem TS MC2020'!P31))*($AQ$5*$G39+$AQ$6*$B39/$N39)*('Sem TS MC2020'!P31^$AQ$7/200000)*($J39-$M39)/($J39-$M39-$H39)+('Sem TS MC2020'!P31-$C39/$AQ$8)*($AQ$5*$G39+$AQ$6*$B39/$N39)/200000 -> 0.23793605 | AQ39: =AP39/$R39 -> 0.54076376 | AR39: =AP39-$R39 -> -0.20206395
B40: 16 | C40: 571 | D40: 4 | E40: 37 | F40: 4.2588 | G40: 33 | H40: 59 | I40: 125 | J40: 250 | K40: 800 | L40: 19625 | M40: 87.082519 | N40: 0.0408 | O40: 54.1 | P40: 412.87726 | Q40: =(P40-P$354)/P$355 -> 1.4100294 | R40: 0.6 | S40: =P40/200000 -> 0.0020643863 | W40: =$X$2*($X$3*$G40+$X$4*$B40^$X$5*$N40^$X$6)*$S40^$X$7 -> 0.27705463 | X40: =W40/$R40 -> 0.46175771 | Z40: =$AA$2*$B40^$AA$3*$S40^$AA$4*($AA$5*$N40^$AA$6+$AA$7) -> 0.27773041 | AA40: =Z40/$R40 -> 0.46288401 | AC40: =$AD$2*($AD$3+$AD$4*$F40/($N40*'Sem TS MC2020'!P32))*($AD$5*$G40+$AD$6*$B40/$N40)*'Sem TS MC2020'!R32*($J40-$M40)/($J40-$M40-$H40) -> 0.33253282 | AD40: =AC40/$R40 -> 0.55422136 | AE40: =AC40-$R40 -> -0.26746718 | AF40: =1/AD40 -> 1.8043332 | AG40: =AC40*(14.068*'Sem TS MC2020'!$P32^-0.457)/$R40 -> 0.49528719 | AP40: =$AQ$2*($AQ$3+$AQ$4*$F40/($N40*'Sem TS MC2020'!P32))*($AQ$5*$G40+$AQ$6*$B40/$N40)*('Sem TS MC2020'!P32^$AQ$7/200000)*($J40-$M40)/($J40-$M40-$H40)+('Sem TS MC2020'!P32-$C40/$AQ$8)*($AQ$5*$G40+$AQ$6*$B40/$N40)/200000 -> 0.32083232 | AQ40: =AP40/$R40 -> 0.53472053 | AR40: =AP40-$R40 -> -0.27916768
A41: Viga 12-20-00 - Caldentey et al (2013) | B41: 12 | C41: 500 | D41: 4 | E41: 79.3 | F41: 2.6933292 | G41: 20 | H41: 38 | I41: 350 | J41: 450 | K41: 452 | L41: 34300 | M41: 76.169428 | N41: 0.013177843 | O41: 52.5 | P41: 218.68198 | Q41: =(P41-P$354)/P$355 -> -0.21805194 | R41: 0.36 | S41: =P41/200000 -> 0.0010934099 | W41: =$X$2*($X$3*$G41+$X$4*$B41^$X$5*$N41^$X$6)*$S41^$X$7 -> 0.24746649 | X41: =W41/$R41 -> 0.68740691 | Z41: =$AA$2*$B41^$AA$3*$S41^$AA$4*($AA$5*$N41^$AA$6+$AA$7) -> 0.24624097 | AA41: =Z41/$R41 -> 0.68400269 | AC41: =$AD$2*($AD$3+$AD$4*$F41/($N41*'Sem TS MC2020'!P33))*($AD$5*$G41+$AD$6*$B41/$N41)*'Sem TS MC2020'!R33*($J41-$M41)/($J41-$M41-$H41) -> 0.20884119 | AD41: =AC41/$R41 -> 0.5801144 | AE41: =AC41-$R41 -> -0.15115881 | AF41: =1/AD41 -> 1.7237979 | AG41: =AC41*(14.068*'Sem TS MC2020'!$P33^-0.457)/$R41 -> 0.60174899 | AP41: =$AQ$2*($AQ$3+$AQ$4*$F41/($N41*'Sem TS MC2020'!P33))*($AQ$5*$G41+$AQ$6*$B41/$N41)*('Sem TS MC2020'!P33^$AQ$7/200000)*($J41-$M41)/($J41-$M41-$H41)+('Sem TS MC2020'!P33-$C41/$AQ$8)*($AQ$5*$G41+$AQ$6*$B41/$N41)/200000 -> 0.22325335 | AQ41: =AP41/$R41 -> 0.62014821 | AR41: =AP41-$R41 -> -0.13674665
B42: 12 | C42: 500 | D42: 4 | E42: 79.3 | F42: 2.6933292 | G42: 20 | H42: 38 | I42: 350 | J42: 450 | K42: 452 | L42: 34300 | M42: 76.169428 | N42: 0.013177843 | O42: 67.5 | P42: 344.70483 | Q42: =(P42-P$354)/P$355 -> 0.83848995 | R42: 0.43 | S42: =P42/200000 -> 0.0017235242 | W42: =$X$2*($X$3*$G42+$X$4*$B42^$X$5*$N42^$X$6)*$S42^$X$7 -> 0.32768518 | X42: =W42/$R42 -> 0.76205856 | Z42: =$AA$2*$B42^$AA$3*$S42^$AA$4*($AA$5*$N42^$AA$6+$AA$7) -> 0.32769868 | AA42: =Z42/$R42 -> 0.76208996 | AC42: =$AD$2*($AD$3+$AD$4*$F42/($N42*'Sem TS MC2020'!P34))*($AD$5*$G42+$AD$6*$B42/$N42)*'Sem TS MC2020'!R34*($J42-$M42)/($J42-$M42-$H42) -> 0.30357012 | AD42: =AC42/$R42 -> 0.70597702 | AE42: =AC42-$R42 -> -0.12642988 | AF42: =1/AD42 -> 1.4164767 | AG42: =AC42*(14.068*'Sem TS MC2020'!$P34^-0.457)/$R42 -> 0.65284978 | AP42: =$AQ$2*($AQ$3+$AQ$4*$F42/($N42*'Sem TS MC2020'!P34))*($AQ$5*$G42+$AQ$6*$B42/$N42)*('Sem TS MC2020'!P34^$AQ$7/200000)*($J42-$M42)/($J42-$M42-$H42)+('Sem TS MC2020'!P34-$C42/$AQ$8)*($AQ$5*$G42+$AQ$6*$B42/$N42)/200000 -> 0.31666163 | AQ42: =AP42/$R42 -> 0.73642239 | AR42: =AP42-$R42 -> -0.11333837
B43: 12 | C43: 500 | D43: 4 | E43: 79.3 | F43: 2.6933292 | G43: 20 | H43: 38 | I43: 350 | J43: 450 | K43: 452 | L43: 34300 | M43: 76.169428 | N43: 0.013177843 | O43: 90 | P43: 500 | Q43: =(P43-P$354)/P$355 -> 2.1404431 | R43: 0.56 | S43: =P43/200000 -> 0.0025 | W43: =$X$2*($X$3*$G43+$X$4*$B43^$X$5*$N43^$X$6)*$S43^$X$7 -> 0.41220786 | X43: =W43/$R43 -> 0.73608546 | Z43: =$AA$2*$B43^$AA$3*$S43^$AA$4*($AA$5*$N43^$AA$6+$AA$7) -> 0.41391475 | AA43: =Z43/$R43 -> 0.73913349 | AC43: =$AD$2*($AD$3+$AD$4*$F43/($N43*'Sem TS MC2020'!P35))*($AD$5*$G43+$AD$6*$B43/$N43)*'Sem TS MC2020'!R35*($J43-$M43)/($J43-$M43-$H43) -> 0.42907903 | AD43: =AC43/$R43 -> 0.76621255 | AE43: =AC43-$R43 -> -0.13092097 | AF43: =1/AD43 -> 1.3051209 | AG43: =AC43*(14.068*'Sem TS MC2020'!$P35^-0.457)/$R43 -> 0.62972702 | AP43: =$AQ$2*($AQ$3+$AQ$4*$F43/($N43*'Sem TS MC2020'!P35))*($AQ$5*$G43+$AQ$6*$B43/$N43)*('Sem TS MC2020'!P35^$AQ$7/200000)*($J43-$M43)/($J43-$M43-$H43)+('Sem TS MC2020'!P35-$C43/$AQ$8)*($AQ$5*$G43+$AQ$6*$B43/$N43)/200000 -> 0.4336167 | AQ43: =AP43/$R43 -> 0.77431553 | AR43: =AP43-$R43 -> -0.1263833
B44: 12 | C44: 500 | D44: 4 | E44: 79.3 | F44: 2.6933292 | G44: 20 | H44: 38 | I44: 350 | J44: 450 | K44: 452 | L44: 34300 | M44: 76.169428 | N44: 0.013177843 | O44: 112.5 | P44: 500 | Q44: =(P44-P$354)/P$355 -> 2.1404431 | R44: 0.71 | S44: =P44/200000 -> 0.0025 | W44: =$X$2*($X$3*$G44+$X$4*$B44^$X$5*$N44^$X$6)*$S44^$X$7 -> 0.41220786 | X44: =W44/$R44 -> 0.58057445 | Z44: =$AA$2*$B44^$AA$3*$S44^$AA$4*($AA$5*$N44^$AA$6+$AA$7) -> 0.41391475 | AA44: =Z44/$R44 -> 0.58297853 | AC44: =$AD$2*($AD$3+$AD$4*$F44/($N44*'Sem TS MC2020'!P36))*($AD$5*$G44+$AD$6*$B44/$N44)*'Sem TS MC2020'!R36*($J44-$M44)/($J44-$M44-$H44) -> 0.42907903 | AD44: =AC44/$R44 -> 0.60433666 | AE44: =AC44-$R44 -> -0.28092097 | AF44: =1/AD44 -> 1.6547068 | AG44: =AC44*(14.068*'Sem TS MC2020'!$P36^-0.457)/$R44 -> 0.4966861 | AP44: =$AQ$2*($AQ$3+$AQ$4*$F44/($N44*'Sem TS MC2020'!P36))*($AQ$5*$G44+$AQ$6*$B44/$N44)*('Sem TS MC2020'!P36^$AQ$7/200000)*($J44-$M44)/($J44-$M44-$H44)+('Sem TS MC2020'!P36-$C44/$AQ$8)*($AQ$5*$G44+$AQ$6*$B44/$N44)/200000 -> 0.4336167 | AQ44: =AP44/$R44 -> 0.61072774 | AR44: =AP44-$R44 -> -0.2763833
B45: 12 | C45: 500 | D45: 4 | E45: 79.3 | F45: 2.6933292 | G45: 20 | H45: 38 | I45: 350 | J45: 450 | K45: 452 | L45: 34300 | M45: 76.169428 | N45: 0.013177843 | O45: 120 | P45: 500 | Q45: =(P45-P$354)/P$355 -> 2.1404431 | R45: 0.79 | S45: =P45/200000 -> 0.0025 | W45: =$X$2*($X$3*$G45+$X$4*$B45^$X$5*$N45^$X$6)*$S45^$X$7 -> 0.41220786 | X45: =W45/$R45 -> 0.5217821 | Z45: =$AA$2*$B45^$AA$3*$S45^$AA$4*($AA$5*$N45^$AA$6+$AA$7) -> 0.41391475 | AA45: =Z45/$R45 -> 0.52394273 | AC45: =$AD$2*($AD$3+$AD$4*$F45/($N45*'Sem TS MC2020'!P37))*($AD$5*$G45+$AD$6*$B45/$N45)*'Sem TS MC2020'!R37*($J45-$M45)/($J45-$M45-$H45) -> 0.42907903 | AD45: =AC45/$R45 -> 0.54313801 | AE45: =AC45-$R45 -> -0.36092097 | AF45: =1/AD45 -> 1.8411527 | AG45: =AC45*(14.068*'Sem TS MC2020'!$P37^-0.457)/$R45 -> 0.44638877 | AP45: =$AQ$2*($AQ$3+$AQ$4*$F45/($N45*'Sem TS MC2020'!P37))*($AQ$5*$G45+$AQ$6*$B45/$N45)*('Sem TS MC2020'!P37^$AQ$7/200000)*($J45-$M45)/($J45-$M45-$H45)+('Sem TS MC2020'!P37-$C45/$AQ$8)*($AQ$5*$G45+$AQ$6*$B45/$N45)/200000 -> 0.4336167 | AQ45: =AP45/$R45 -> 0.5488819 | AR45: =AP45-$R45 -> -0.3563833
A46: Viga 25-20-00 - Caldentey et al (2013) | B46: 25 | C46: 500 | D46: 4 | E46: 62 | F46: 2.6933292 | G46: 20 | H46: 44.5 | I46: 350 | J46: 450 | K46: 1964 | L46: 54512.5 | M46: 140.92717 | N46: 0.036028434 | O46: 75 | P46: 50.850362 | Q46: =(P46-P$354)/P$355 -> -1.6251074 | R46: 0.2 | S46: =P46/200000 -> 0.00025425181 | W46: =$X$2*($X$3*$G46+$X$4*$B46^$X$5*$N46^$X$6)*$S46^$X$7 -> 0.10832468 | X46: =W46/$R46 -> 0.5416234 | Z46: =$AA$2*$B46^$AA$3*$S46^$AA$4*($AA$5*$N46^$AA$6+$AA$7) -> 0.10686518 | AA46: =Z46/$R46 -> 0.53432592 | AC46: =$AD$2*($AD$3+$AD$4*$F46/($N46*'Sem TS MC2020'!P38))*($AD$5*$G46+$AD$6*$B46/$N46)*'Sem TS MC2020'!R38*($J46-$M46)/($J46-$M46-$H46) -> 0.060555186 | AD46: =AC46/$R46 -> 0.30277593 | AE46: =AC46-$R46 -> -0.13944481 | AF46: =1/AD46 -> 3.3027725 | AG46: =AC46*(14.068*'Sem TS MC2020'!$P38^-0.457)/$R46 -> 0.50446536 | AP46: =$AQ$2*($AQ$3+$AQ$4*$F46/($N46*'Sem TS MC2020'!P38))*($AQ$5*$G46+$AQ$6*$B46/$N46)*('Sem TS MC2020'!P38^$AQ$7/200000)*($J46-$M46)/($J46-$M46-$H46)+('Sem TS MC2020'!P38-$C46/$AQ$8)*($AQ$5*$G46+$AQ$6*$B46/$N46)/200000 -> 0.066702389 | AQ46: =AP46/$R46 -> 0.33351194 | AR46: =AP46-$R46 -> -0.13329761
B47: 25 | C47: 500 | D47: 4 | E47: 62 | F47: 2.6933292 | G47: 20 | H47: 44.5 | I47: 350 | J47: 450 | K47: 1964 | L47: 54512.5 | M47: 140.92717 | N47: 0.036028434 | O47: 135 | P47: 136.39228 | Q47: =(P47-P$354)/P$355 -> -0.90794683 | R47: 0.25 | S47: =P47/200000 -> 0.00068196138 | W47: =$X$2*($X$3*$G47+$X$4*$B47^$X$5*$N47^$X$6)*$S47^$X$7 -> 0.19911743 | X47: =W47/$R47 -> 0.79646972 | Z47: =$AA$2*$B47^$AA$3*$S47^$AA$4*($AA$5*$N47^$AA$6+$AA$7) -> 0.19857819 | AA47: =Z47/$R47 -> 0.79431276 | AC47: =$AD$2*($AD$3+$AD$4*$F47/($N47*'Sem TS MC2020'!P39))*($AD$5*$G47+$AD$6*$B47/$N47)*'Sem TS MC2020'!R39*($J47-$M47)/($J47-$M47-$H47) -> 0.13892275 | AD47: =AC47/$R47 -> 0.55569101 | AE47: =AC47-$R47 -> -0.11107725 | AF47: =1/AD47 -> 1.7995612 | AG47: =AC47*(14.068*'Sem TS MC2020'!$P39^-0.457)/$R47 -> 0.70775646 | AP47: =$AQ$2*($AQ$3+$AQ$4*$F47/($N47*'Sem TS MC2020'!P39))*($AQ$5*$G47+$AQ$6*$B47/$N47)*('Sem TS MC2020'!P39^$AQ$7/200000)*($J47-$M47)/($J47-$M47-$H47)+('Sem TS MC2020'!P39-$C47/$AQ$8)*($AQ$5*$G47+$AQ$6*$B47/$N47)/200000 -> 0.15406051 | AQ47: =AP47/$R47 -> 0.61624204 | AR47: =AP47-$R47 -> -0.09593949
B48: 25 | C48: 500 | D48: 4 | E48: 62 | F48: 2.6933292 | G48: 20 | H48: 44.5 | I48: 350 | J48: 450 | K48: 1964 | L48: 54512.5 | M48: 140.92717 | N48: 0.036028434 | O48: 195 | P48: 238.24239 | Q48: =(P48-P$354)/P$355 -> -0.054062675 | R48: 0.36 | S48: =P48/200000 -> 0.001191212 | W48: =$X$2*($X$3*$G48+$X$4*$B48^$X$5*$N48^$X$6)*$S48^$X$7 -> 0.28090841 | X48: =W48/$R48 -> 0.78030113 | Z48: =$AA$2*$B48^$AA$3*$S48^$AA$4*($AA$5*$N48^$AA$6+$AA$7) -> 0.28187174 | AA48: =Z48/$R48 -> 0.78297704 | AC48: =$AD$2*($AD$3+$AD$4*$F48/($N48*'Sem TS MC2020'!P40))*($AD$5*$G48+$AD$6*$B48/$N48)*'Sem TS MC2020'!R40*($J48-$M48)/($J48-$M48-$H48) -> 0.21729032 | AD48: =AC48/$R48 -> 0.60358422 | AE48: =AC48-$R48 -> -0.14270968 | AF48: =1/AD48 -> 1.6567696 | AG48: =AC48*(14.068*'Sem TS MC2020'!$P40^-0.457)/$R48 -> 0.64983794 | AP48: =$AQ$2*($AQ$3+$AQ$4*$F48/($N48*'Sem TS MC2020'!P40))*($AQ$5*$G48+$AQ$6*$B48/$N48)*('Sem TS MC2020'!P40^$AQ$7/200000)*($J48-$M48)/($J48-$M48-$H48)+('Sem TS MC2020'!P40-$C48/$AQ$8)*($AQ$5*$G48+$AQ$6*$B48/$N48)/200000 -> 0.23320529 | AQ48: =AP48/$R48 -> 0.64779248 | AR48: =AP48-$R48 -> -0.12679471
B49: 25 | C49: 500 | D49: 4 | E49: 62 | F49: 2.6933292 | G49: 20 | H49: 44.5 | I49: 350 | J49: 450 | K49: 1964 | L49: 54512.5 | M49: 140.92717 | N49: 0.036028434 | O49: 255 | P49: 340.09251 | Q49: =(P49-P$354)/P$355 -> 0.79982147 | R49: 0.47 | S49: =P49/200000 -> 0.0017004626 | W49: =$X$2*($X$3*$G49+$X$4*$B49^$X$5*$N49^$X$6)*$S49^$X$7 -> 0.34989632 | X49: =W49/$R49 -> 0.74446026 | Z49: =$AA$2*$B49^$AA$3*$S49^$AA$4*($AA$5*$N49^$AA$6+$AA$7) -> 0.35247355 | AA49: =Z49/$R49 -> 0.74994372 | AC49: =$AD$2*($AD$3+$AD$4*$F49/($N49*'Sem TS MC2020'!P41))*($AD$5*$G49+$AD$6*$B49/$N49)*'Sem TS MC2020'!R41*($J49-$M49)/($J49-$M49-$H49) -> 0.29565789 | AD49: =AC49/$R49 -> 0.62905933 | AE49: =AC49-$R49 -> -0.17434211 | AF49: =1/AD49 -> 1.5896752 | AG49: =AC49*(14.068*'Sem TS MC2020'!$P41^-0.457)/$R49 -> 0.59912267 | AP49: =$AQ$2*($AQ$3+$AQ$4*$F49/($N49*'Sem TS MC2020'!P41))*($AQ$5*$G49+$AQ$6*$B49/$N49)*('Sem TS MC2020'!P41^$AQ$7/200000)*($J49-$M49)/($J49-$M49-$H49)+('Sem TS MC2020'!P41-$C49/$AQ$8)*($AQ$5*$G49+$AQ$6*$B49/$N49)/200000 -> 0.30759834 | AQ49: =AP49/$R49 -> 0.65446455 | AR49: =AP49-$R49 -> -0.16240166
B50: 25 | C50: 500 | D50: 4 | E50: 62 | F50: 2.6933292 | G50: 20 | H50: 44.5 | I50: 350 | J50: 450 | K50: 1964 | L50: 54512.5 | M50: 140.92717 | N50: 0.036028434 | O50: 300 | P50: 416.4801 | Q50: =(P50-P$354)/P$355 -> 1.4402346 | R50: 0.57 | S50: =P50/200000 -> 0.0020824005 | W50: =$X$2*($X$3*$G50+$X$4*$B50^$X$5*$N50^$X$6)*$S50^$X$7 -> 0.39649128 | X50: =W50/$R50 -> 0.69559874 | Z50: =$AA$2*$B50^$AA$3*$S50^$AA$4*($AA$5*$N50^$AA$6+$AA$7) -> 0.40030292 | AA50: =Z50/$R50 -> 0.70228583 | AC50: =$AD$2*($AD$3+$AD$4*$F50/($N50*'Sem TS MC2020'!P42))*($AD$5*$G50+$AD$6*$B50/$N50)*'Sem TS MC2020'!R42*($J50-$M50)/($J50-$M50-$H50) -> 0.35443356 | AD50: =AC50/$R50 -> 0.62181326 | AE50: =AC50-$R50 -> -0.21556644 | AF50: =1/AD50 -> 1.6081999 | AG50: =AC50*(14.068*'Sem TS MC2020'!$P42^-0.457)/$R50 -> 0.54983018 | AP50: =$AQ$2*($AQ$3+$AQ$4*$F50/($N50*'Sem TS MC2020'!P42))*($AQ$5*$G50+$AQ$6*$B50/$N50)*('Sem TS MC2020'!P42^$AQ$7/200000)*($J50-$M50)/($J50-$M50-$H50)+('Sem TS MC2020'!P42-$C50/$AQ$8)*($AQ$5*$G50+$AQ$6*$B50/$N50)/200000 -> 0.3611917 | AQ50: =AP50/$R50 -> 0.63366965 | AR50: =AP50-$R50 -> -0.2088083
B51: 25 | C51: 500 | D51: 4 | E51: 62 | F51: 2.6933292 | G51: 20 | H51: 44.5 | I51: 350 | J51: 450 | K51: 1964 | L51: 54512.5 | M51: 140.92717 | N51: 0.036028434 | O51: 360 | P51: 500 | Q51: =(P51-P$354)/P$355 -> 2.1404431 | R51: 0.78 | S51: =P51/200000 -> 0.0025 | W51: =$X$2*($X$3*$G51+$X$4*$B51^$X$5*$N51^$X$6)*$S51^$X$7 -> 0.44382164 | X51: =W51/$R51 -> 0.56900211 | Z51: =$AA$2*$B51^$AA$3*$S51^$AA$4*($AA$5*$N51^$AA$6+$AA$7) -> 0.44899007 | AA51: =Z51/$R51 -> 0.57562829 | AC51: =$AD$2*($AD$3+$AD$4*$F51/($N51*'Sem TS MC2020'!P43))*($AD$5*$G51+$AD$6*$B51/$N51)*'Sem TS MC2020'!R43*($J51-$M51)/($J51-$M51-$H51) -> 0.42244464 | AD51: =AC51/$R51 -> 0.5415957 | AE51: =AC51-$R51 -> -0.35755536 | AF51: =1/AD51 -> 1.8463958 | AG51: =AC51*(14.068*'Sem TS MC2020'!$P43^-0.457)/$R51 -> 0.44512119 | AP51: =$AQ$2*($AQ$3+$AQ$4*$F51/($N51*'Sem TS MC2020'!P43))*($AQ$5*$G51+$AQ$6*$B51/$N51)*('Sem TS MC2020'!P43^$AQ$7/200000)*($J51-$M51)/($J51-$M51-$H51)+('Sem TS MC2020'!P43-$C51/$AQ$8)*($AQ$5*$G51+$AQ$6*$B51/$N51)/200000 -> 0.42138147 | AQ51: =AP51/$R51 -> 0.54023265 | AR51: =AP51-$R51 -> -0.35861853
A52: Viga 12-20-10 - Caldentey et al (2013) | B52: 12 | C52: 500 | D52: 4 | E52: 79.3 | F52: 2.6933292 | G52: 20 | H52: 34 | I52: 350 | J52: 450 | K52: 452 | L52: 32900 | M52: 76.57587 | N52: 0.013738602 | O52: 37.5 | P52: 94.152136 | Q52: =(P52-P$354)/P$355 -> -1.2620769 | R52: 0.21 | S52: =P52/200000 -> 0.00047076068 | W52: =$X$2*($X$3*$G52+$X$4*$B52^$X$5*$N52^$X$6)*$S52^$X$7 -> 0.14459393 | X52: =W52/$R52 -> 0.68854252 | Z52: =$AA$2*$B52^$AA$3*$S52^$AA$4*($AA$5*$N52^$AA$6+$AA$7) -> 0.14223527 | AA52: =Z52/$R52 -> 0.67731082 | AC52: =$AD$2*($AD$3+$AD$4*$F52/($N52*'Sem TS MC2020'!P44))*($AD$5*$G52+$AD$6*$B52/$N52)*'Sem TS MC2020'!R44*($J52-$M52)/($J52-$M52-$H52) -> 0.11133972 | AD52: =AC52/$R52 -> 0.53018913 | AE52: =AC52-$R52 -> -0.098660283 | AF52: =1/AD52 -> 1.8861194 | AG52: =AC52*(14.068*'Sem TS MC2020'!$P44^-0.457)/$R52 -> 0.64429849 | AP52: =$AQ$2*($AQ$3+$AQ$4*$F52/($N52*'Sem TS MC2020'!P44))*($AQ$5*$G52+$AQ$6*$B52/$N52)*('Sem TS MC2020'!P44^$AQ$7/200000)*($J52-$M52)/($J52-$M52-$H52)+('Sem TS MC2020'!P44-$C52/$AQ$8)*($AQ$5*$G52+$AQ$6*$B52/$N52)/200000 -> 0.12024087 | AQ52: =AP52/$R52 -> 0.57257556 | AR52: =AP52-$R52 -> -0.089759133
B53: 12 | C53: 500 | D53: 4 | E53: 79.3 | F53: 2.6933292 | G53: 20 | H53: 34 | I53: 350 | J53: 450 | K53: 452 | L53: 32900 | M53: 76.57587 | N53: 0.013738602 | O53: 45 | P53: 155.79373 | Q53: =(P53-P$354)/P$355 -> -0.74529023 | R53: 0.31 | S53: =P53/200000 -> 0.00077896865 | W53: =$X$2*($X$3*$G53+$X$4*$B53^$X$5*$N53^$X$6)*$S53^$X$7 -> 0.19728777 | X53: =W53/$R53 -> 0.63641217 | Z53: =$AA$2*$B53^$AA$3*$S53^$AA$4*($AA$5*$N53^$AA$6+$AA$7) -> 0.19514766 | AA53: =Z53/$R53 -> 0.62950857 | AC53: =$AD$2*($AD$3+$AD$4*$F53/($N53*'Sem TS MC2020'!P45))*($AD$5*$G53+$AD$6*$B53/$N53)*'Sem TS MC2020'!R45*($J53-$M53)/($J53-$M53-$H53) -> 0.15605189 | AD53: =AC53/$R53 -> 0.50339321 | AE53: =AC53-$R53 -> -0.15394811 | AF53: =1/AD53 -> 1.9865187 | AG53: =AC53*(14.068*'Sem TS MC2020'!$P45^-0.457)/$R53 -> 0.56283075 | AP53: =$AQ$2*($AQ$3+$AQ$4*$F53/($N53*'Sem TS MC2020'!P45))*($AQ$5*$G53+$AQ$6*$B53/$N53)*('Sem TS MC2020'!P45^$AQ$7/200000)*($J53-$M53)/($J53-$M53-$H53)+('Sem TS MC2020'!P45-$C53/$AQ$8)*($AQ$5*$G53+$AQ$6*$B53/$N53)/200000 -> 0.16843138 | AQ53: =AP53/$R53 -> 0.54332703 | AR53: =AP53-$R53 -> -0.14156862
B54: 12 | C54: 500 | D54: 4 | E54: 79.3 | F54: 2.6933292 | G54: 20 | H54: 34 | I54: 350 | J54: 450 | K54: 452 | L54: 32900 | M54: 76.57587 | N54: 0.013738602 | O54: 52.5 | P54: 217.43532 | Q54: =(P54-P$354)/P$355 -> -0.22850359 | R54: 0.38 | S54: =P54/200000 -> 0.0010871766 | W54: =$X$2*($X$3*$G54+$X$4*$B54^$X$5*$N54^$X$6)*$S54^$X$7 -> 0.24234246 | X54: =W54/$R54 -> 0.63774331 | Z54: =$AA$2*$B54^$AA$3*$S54^$AA$4*($AA$5*$N54^$AA$6+$AA$7) -> 0.24059426 | AA54: =Z54/$R54 -> 0.63314278 | AC54: =$AD$2*($AD$3+$AD$4*$F54/($N54*'Sem TS MC2020'!P46))*($AD$5*$G54+$AD$6*$B54/$N54)*'Sem TS MC2020'!R46*($J54-$M54)/($J54-$M54-$H54) -> 0.20076407 | AD54: =AC54/$R54 -> 0.52832651 | AE54: =AC54-$R54 -> -0.17923593 | AF54: =1/AD54 -> 1.8927689 | AG54: =AC54*(14.068*'Sem TS MC2020'!$P46^-0.457)/$R54 -> 0.55052644 | AP54: =$AQ$2*($AQ$3+$AQ$4*$F54/($N54*'Sem TS MC2020'!P46))*($AQ$5*$G54+$AQ$6*$B54/$N54)*('Sem TS MC2020'!P46^$AQ$7/200000)*($J54-$M54)/($J54-$M54-$H54)+('Sem TS MC2020'!P46-$C54/$AQ$8)*($AQ$5*$G54+$AQ$6*$B54/$N54)/200000 -> 0.21466504 | AQ54: =AP54/$R54 -> 0.564908 | AR54: =AP54-$R54 -> -0.16533496
B55: 12 | C55: 500 | D55: 4 | E55: 79.3 | F55: 2.6933292 | G55: 20 | H55: 34 | I55: 350 | J55: 450 | K55: 452 | L55: 32900 | M55: 76.57587 | N55: 0.013738602 | O55: 67.5 | P55: 340.71851 | Q55: =(P55-P$354)/P$355 -> 0.80506968 | R55: 0.52 | S55: =P55/200000 -> 0.0017035925 | W55: =$X$2*($X$3*$G55+$X$4*$B55^$X$5*$N55^$X$6)*$S55^$X$7 -> 0.31973119 | X55: =W55/$R55 -> 0.61486767 | Z55: =$AA$2*$B55^$AA$3*$S55^$AA$4*($AA$5*$N55^$AA$6+$AA$7) -> 0.31899691 | AA55: =Z55/$R55 -> 0.61345559 | AC55: =$AD$2*($AD$3+$AD$4*$F55/($N55*'Sem TS MC2020'!P47))*($AD$5*$G55+$AD$6*$B55/$N55)*'Sem TS MC2020'!R47*($J55-$M55)/($J55-$M55-$H55) -> 0.29018843 | AD55: =AC55/$R55 -> 0.55805467 | AE55: =AC55-$R55 -> -0.22981157 | AF55: =1/AD55 -> 1.7919391 | AG55: =AC55*(14.068*'Sem TS MC2020'!$P47^-0.457)/$R55 -> 0.51841016 | AP55: =$AQ$2*($AQ$3+$AQ$4*$F55/($N55*'Sem TS MC2020'!P47))*($AQ$5*$G55+$AQ$6*$B55/$N55)*('Sem TS MC2020'!P47^$AQ$7/200000)*($J55-$M55)/($J55-$M55-$H55)+('Sem TS MC2020'!P47-$C55/$AQ$8)*($AQ$5*$G55+$AQ$6*$B55/$N55)/200000 -> 0.30280064 | AQ55: =AP55/$R55 -> 0.58230893 | AR55: =AP55-$R55 -> -0.21719936
B56: 12 | C56: 500 | D56: 4 | E56: 79.3 | F56: 2.6933292 | G56: 20 | H56: 34 | I56: 350 | J56: 450 | K56: 452 | L56: 32900 | M56: 76.57587 | N56: 0.013738602 | O56: 90 | P56: 500 | Q56: =(P56-P$354)/P$355 -> 2.1404431 | R56: 0.74 | S56: =P56/200000 -> 0.0025 | W56: =$X$2*($X$3*$G56+$X$4*$B56^$X$5*$N56^$X$6)*$S56^$X$7 -> 0.40509915 | X56: =W56/$R56 -> 0.54743128 | Z56: =$AA$2*$B56^$AA$3*$S56^$AA$4*($AA$5*$N56^$AA$6+$AA$7) -> 0.40587763 | AA56: =Z56/$R56 -> 0.54848329 | AC56: =$AD$2*($AD$3+$AD$4*$F56/($N56*'Sem TS MC2020'!P48))*($AD$5*$G56+$AD$6*$B56/$N56)*'Sem TS MC2020'!R48*($J56-$M56)/($J56-$M56-$H56) -> 0.41387593 | AD56: =AC56/$R56 -> 0.5592918 | AE56: =AC56-$R56 -> -0.32612407 | AF56: =1/AD56 -> 1.7879754 | AG56: =AC56*(14.068*'Sem TS MC2020'!$P48^-0.457)/$R56 -> 0.45966509 | AP56: =$AQ$2*($AQ$3+$AQ$4*$F56/($N56*'Sem TS MC2020'!P48))*($AQ$5*$G56+$AQ$6*$B56/$N56)*('Sem TS MC2020'!P48^$AQ$7/200000)*($J56-$M56)/($J56-$M56-$H56)+('Sem TS MC2020'!P48-$C56/$AQ$8)*($AQ$5*$G56+$AQ$6*$B56/$N56)/200000 -> 0.41792715 | AQ56: =AP56/$R56 -> 0.56476641 | AR56: =AP56-$R56 -> -0.32207285
A57: Viga 12-20-30 - Caldentey et al (2013) | B57: 12 | C57: 500 | D57: 4 | E57: 79.3 | F57: 2.6933292 | G57: 20 | H57: 34 | I57: 350 | J57: 450 | K57: 452 | L57: 32900 | M57: 76.57587 | N57: 0.013738602 | O57: 37.5 | P57: 94.152136 | Q57: =(P57-P$354)/P$355 -> -1.2620769 | R57: 0.17 | S57: =P57/200000 -> 0.00047076068 | W57: =$X$2*($X$3*$G57+$X$4*$B57^$X$5*$N57^$X$6)*$S57^$X$7 -> 0.14459393 | X57: =W57/$R57 -> 0.85055252 | Z57: =$AA$2*$B57^$AA$3*$S57^$AA$4*($AA$5*$N57^$AA$6+$AA$7) -> 0.14223527 | AA57: =Z57/$R57 -> 0.83667807 | AC57: =$AD$2*($AD$3+$AD$4*$F57/($N57*'Sem TS MC2020'!P49))*($AD$5*$G57+$AD$6*$B57/$N57)*'Sem TS MC2020'!R49*($J57-$M57)/($J57-$M57-$H57) -> 0.11133972 | AD57: =AC57/$R57 -> 0.65493951 | AE57: =AC57-$R57 -> -0.058660283 | AF57: =1/AD57 -> 1.5268586 | AG57: =AC57*(14.068*'Sem TS MC2020'!$P49^-0.457)/$R57 -> 0.79589814 | AP57: =$AQ$2*($AQ$3+$AQ$4*$F57/($N57*'Sem TS MC2020'!P49))*($AQ$5*$G57+$AQ$6*$B57/$N57)*('Sem TS MC2020'!P49^$AQ$7/200000)*($J57-$M57)/($J57-$M57-$H57)+('Sem TS MC2020'!P49-$C57/$AQ$8)*($AQ$5*$G57+$AQ$6*$B57/$N57)/200000 -> 0.12024087 | AQ57: =AP57/$R57 -> 0.70729922 | AR57: =AP57-$R57 -> -0.049759133
B58: 12 | C58: 500 | D58: 4 | E58: 79.3 | F58: 2.6933292 | G58: 20 | H58: 34 | I58: 350 | J58: 450 | K58: 452 | L58: 32900 | M58: 76.57587 | N58: 0.013738602 | O58: 52.5 | P58: 217.43532 | Q58: =(P58-P$354)/P$355 -> -0.22850359 | R58: 0.36 | S58: =P58/200000 -> 0.0010871766 | W58: =$X$2*($X$3*$G58+$X$4*$B58^$X$5*$N58^$X$6)*$S58^$X$7 -> 0.24234246 | X58: =W58/$R58 -> 0.6731735 | Z58: =$AA$2*$B58^$AA$3*$S58^$AA$4*($AA$5*$N58^$AA$6+$AA$7) -> 0.24059426 | AA58: =Z58/$R58 -> 0.66831738 | AC58: =$AD$2*($AD$3+$AD$4*$F58/($N58*'Sem TS MC2020'!P50))*($AD$5*$G58+$AD$6*$B58/$N58)*'Sem TS MC2020'!R50*($J58-$M58)/($J58-$M58-$H58) -> 0.20076407 | AD58: =AC58/$R58 -> 0.55767798 | AE58: =AC58-$R58 -> -0.15923593 | AF58: =1/AD58 -> 1.7931495 | AG58: =AC58*(14.068*'Sem TS MC2020'!$P50^-0.457)/$R58 -> 0.58111125 | AP58: =$AQ$2*($AQ$3+$AQ$4*$F58/($N58*'Sem TS MC2020'!P50))*($AQ$5*$G58+$AQ$6*$B58/$N58)*('Sem TS MC2020'!P50^$AQ$7/200000)*($J58-$M58)/($J58-$M58-$H58)+('Sem TS MC2020'!P50-$C58/$AQ$8)*($AQ$5*$G58+$AQ$6*$B58/$N58)/200000 -> 0.21466504 | AQ58: =AP58/$R58 -> 0.59629178 | AR58: =AP58-$R58 -> -0.14533496
B59: 12 | C59: 500 | D59: 4 | E59: 79.3 | F59: 2.6933292 | G59: 20 | H59: 34 | I59: 350 | J59: 450 | K59: 452 | L59: 32900 | M59: 76.57587 | N59: 0.013738602 | O59: 67.5 | P59: 340.71851 | Q59: =(P59-P$354)/P$355 -> 0.80506968 | R59: 0.56 | S59: =P59/200000 -> 0.0017035925 | W59: =$X$2*($X$3*$G59+$X$4*$B59^$X$5*$N59^$X$6)*$S59^$X$7 -> 0.31973119 | X59: =W59/$R59 -> 0.57094855 | Z59: =$AA$2*$B59^$AA$3*$S59^$AA$4*($AA$5*$N59^$AA$6+$AA$7) -> 0.31899691 | AA59: =Z59/$R59 -> 0.56963734 | AC59: =$AD$2*($AD$3+$AD$4*$F59/($N59*'Sem TS MC2020'!P51))*($AD$5*$G59+$AD$6*$B59/$N59)*'Sem TS MC2020'!R51*($J59-$M59)/($J59-$M59-$H59) -> 0.29018843 | AD59: =AC59/$R59 -> 0.51819362 | AE59: =AC59-$R59 -> -0.26981157 | AF59: =1/AD59 -> 1.9297806 | AG59: =AC59*(14.068*'Sem TS MC2020'!$P51^-0.457)/$R59 -> 0.48138087 | AP59: =$AQ$2*($AQ$3+$AQ$4*$F59/($N59*'Sem TS MC2020'!P51))*($AQ$5*$G59+$AQ$6*$B59/$N59)*('Sem TS MC2020'!P51^$AQ$7/200000)*($J59-$M59)/($J59-$M59-$H59)+('Sem TS MC2020'!P51-$C59/$AQ$8)*($AQ$5*$G59+$AQ$6*$B59/$N59)/200000 -> 0.30280064 | AQ59: =AP59/$R59 -> 0.54071544 | AR59: =AP59-$R59 -> -0.25719936
B60: 12 | C60: 500 | D60: 4 | E60: 79.3 | F60: 2.6933292 | G60: 20 | H60: 34 | I60: 350 | J60: 450 | K60: 452 | L60: 32900 | M60: 76.57587 | N60: 0.013738602 | O60: 90 | P60: 500 | Q60: =(P60-P$354)/P$355 -> 2.1404431 | R60: 0.78 | S60: =P60/200000 -> 0.0025 | W60: =$X$2*($X$3*$G60+$X$4*$B60^$X$5*$N60^$X$6)*$S60^$X$7 -> 0.40509915 | X60: =W60/$R60 -> 0.51935789 | Z60: =$AA$2*$B60^$AA$3*$S60^$AA$4*($AA$5*$N60^$AA$6+$AA$7) -> 0.40587763 | AA60: =Z60/$R60 -> 0.52035594 | AC60: =$AD$2*($AD$3+$AD$4*$F60/($N60*'Sem TS MC2020'!P52))*($AD$5*$G60+$AD$6*$B60/$N60)*'Sem TS MC2020'!R52*($J60-$M60)/($J60-$M60-$H60) -> 0.41387593 | AD60: =AC60/$R60 -> 0.53061017 | AE60: =AC60-$R60 -> -0.36612407 | AF60: =1/AD60 -> 1.8846228 | AG60: =AC60*(14.068*'Sem TS MC2020'!$P52^-0.457)/$R60 -> 0.43609252 | AP60: =$AQ$2*($AQ$3+$AQ$4*$F60/($N60*'Sem TS MC2020'!P52))*($AQ$5*$G60+$AQ$6*$B60/$N60)*('Sem TS MC2020'!P52^$AQ$7/200000)*($J60-$M60)/($J60-$M60-$H60)+('Sem TS MC2020'!P52-$C60/$AQ$8)*($AQ$5*$G60+$AQ$6*$B60/$N60)/200000 -> 0.41792715 | AQ60: =AP60/$R60 -> 0.53580403 | AR60: =AP60-$R60 -> -0.36207285
A61: Viga 12-70-00 - Caldentey et al (2013) | B61: 12 | C61: 500 | D61: 4 | E61: 46 | F61: 2.6933292 | G61: 70 | H61: 88 | I61: 350 | J61: 450 | K61: 452 | L61: 42000 | M61: 70.913892 | N61: 0.010761905 | O61: 37.5 | P61: 115.3835 | Q61: =(P61-P$354)/P$355 -> -1.0840788 | R61: 0.31 | S61: =P61/200000 -> 0.00057691749 | W61: =$X$2*($X$3*$G61+$X$4*$B61^$X$5*$N61^$X$6)*$S61^$X$7 -> 0.18107656 | X61: =W61/$R61 -> 0.58411795 | Z61: =$AA$2*$B61^$AA$3*$S61^$AA$4*($AA$5*$N61^$AA$6+$AA$7) -> 0.18161916 | AA61: =Z61/$R61 -> 0.58586826 | AC61: =$AD$2*($AD$3+$AD$4*$F61/($N61*'Sem TS MC2020'!P53))*($AD$5*$G61+$AD$6*$B61/$N61)*'Sem TS MC2020'!R53*($J61-$M61)/($J61-$M61-$H61) -> 0.21560411 | AD61: =AC61/$R61 -> 0.69549714 | AE61: =AC61-$R61 -> -0.094395887 | AF61: =1/AD61 -> 1.4378204 | AG61: =AC61*(14.068*'Sem TS MC2020'!$P53^-0.457)/$R61 -> 0.79162789 | AP61: =$AQ$2*($AQ$3+$AQ$4*$F61/($N61*'Sem TS MC2020'!P53))*($AQ$5*$G61+$AQ$6*$B61/$N61)*('Sem TS MC2020'!P53^$AQ$7/200000)*($J61-$M61)/($J61-$M61-$H61)+('Sem TS MC2020'!P53-$C61/$AQ$8)*($AQ$5*$G61+$AQ$6*$B61/$N61)/200000 -> 0.22249063 | AQ61: =AP61/$R61 -> 0.71771171 | AR61: =AP61-$R61 -> -0.087509369
B62: 12 | C62: 500 | D62: 4 | E62: 46 | F62: 2.6933292 | G62: 70 | H62: 88 | I62: 350 | J62: 450 | K62: 452 | L62: 42000 | M62: 70.913892 | N62: 0.010761905 | O62: 45 | P62: 192.11618 | Q62: =(P62-P$354)/P$355 -> -0.44077248 | R62: 0.44 | S62: =P62/200000 -> 0.00096058092 | W62: =$X$2*($X$3*$G62+$X$4*$B62^$X$5*$N62^$X$6)*$S62^$X$7 -> 0.24801534 | X62: =W62/$R62 -> 0.56367123 | Z62: =$AA$2*$B62^$AA$3*$S62^$AA$4*($AA$5*$N62^$AA$6+$AA$7) -> 0.25015753 | AA62: =Z62/$R62 -> 0.56853984 | AC62: =$AD$2*($AD$3+$AD$4*$F62/($N62*'Sem TS MC2020'!P54))*($AD$5*$G62+$AD$6*$B62/$N62)*'Sem TS MC2020'!R54*($J62-$M62)/($J62-$M62-$H62) -> 0.31256837 | AD62: =AC62/$R62 -> 0.71038266 | AE62: =AC62-$R62 -> -0.12743163 | AF62: =1/AD62 -> 1.407692 | AG62: =AC62*(14.068*'Sem TS MC2020'!$P54^-0.457)/$R62 -> 0.74393033 | AP62: =$AQ$2*($AQ$3+$AQ$4*$F62/($N62*'Sem TS MC2020'!P54))*($AQ$5*$G62+$AQ$6*$B62/$N62)*('Sem TS MC2020'!P54^$AQ$7/200000)*($J62-$M62)/($J62-$M62-$H62)+('Sem TS MC2020'!P54-$C62/$AQ$8)*($AQ$5*$G62+$AQ$6*$B62/$N62)/200000 -> 0.32065898 | AQ62: =AP62/$R62 -> 0.72877041 | AR62: =AP62-$R62 -> -0.11934102
A63: Viga 12-70-10 - Caldentey et al (2013) | B63: 12 | C63: 500 | D63: 4 | E63: 46 | F63: 2.6933292 | G63: 70 | H63: 84 | I63: 350 | J63: 450 | K63: 452 | L63: 42000 | M63: 71.347044 | N63: 0.010761905 | O63: 30 | P63: 35.192757 | Q63: =(P63-P$354)/P$355 -> -1.7563765 | R63: 0.14 | S63: =P63/200000 -> 0.00017596378 | W63: =$X$2*($X$3*$G63+$X$4*$B63^$X$5*$N63^$X$6)*$S63^$X$7 -> 0.087032461 | X63: =W63/$R63 -> 0.62166043 | Z63: =$AA$2*$B63^$AA$3*$S63^$AA$4*($AA$5*$N63^$AA$6+$AA$7) -> 0.086160475 | AA63: =Z63/$R63 -> 0.61543196 | AC63: =$AD$2*($AD$3+$AD$4*$F63/($N63*'Sem TS MC2020'!P55))*($AD$5*$G63+$AD$6*$B63/$N63)*'Sem TS MC2020'!R55*($J63-$M63)/($J63-$M63-$H63) -> 0.11275779 | AD63: =AC63/$R63 -> 0.80541275 | AE63: =AC63-$R63 -> -0.027242215 | AF63: =1/AD63 -> 1.2415994 | AG63: =AC63*(14.068*'Sem TS MC2020'!$P55^-0.457)/$R63 -> 1.0204246 | AP63: =$AQ$2*($AQ$3+$AQ$4*$F63/($N63*'Sem TS MC2020'!P55))*($AQ$5*$G63+$AQ$6*$B63/$N63)*('Sem TS MC2020'!P55^$AQ$7/200000)*($J63-$M63)/($J63-$M63-$H63)+('Sem TS MC2020'!P55-$C63/$AQ$8)*($AQ$5*$G63+$AQ$6*$B63/$N63)/200000 -> 0.11229393 | AQ63: =AP63/$R63 -> 0.80209946 | AR63: =AP63-$R63 -> -0.027706075
B64: 12 | C64: 500 | D64: 4 | E64: 46 | F64: 2.6933292 | G64: 70 | H64: 84 | I64: 350 | J64: 450 | K64: 452 | L64: 42000 | M64: 71.347044 | N64: 0.010761905 | O64: 37.5 | P64: 111.06093 | Q64: =(P64-P$354)/P$355 -> -1.1203181 | R64: 0.31 | S64: =P64/200000 -> 0.00055530465 | W64: =$X$2*($X$3*$G64+$X$4*$B64^$X$5*$N64^$X$6)*$S64^$X$7 -> 0.17686052 | X64: =W64/$R64 -> 0.57051782 | Z64: =$AA$2*$B64^$AA$3*$S64^$AA$4*($AA$5*$N64^$AA$6+$AA$7) -> 0.177316 | AA64: =Z64/$R64 -> 0.57198709 | AC64: =$AD$2*($AD$3+$AD$4*$F64/($N64*'Sem TS MC2020'!P56))*($AD$5*$G64+$AD$6*$B64/$N64)*'Sem TS MC2020'!R56*($J64-$M64)/($J64-$M64-$H64) -> 0.20736082 | AD64: =AC64/$R64 -> 0.66890587 | AE64: =AC64-$R64 -> -0.10263918 | AF64: =1/AD64 -> 1.4949787 | AG64: =AC64*(14.068*'Sem TS MC2020'!$P56^-0.457)/$R64 -> 0.76531379 | AP64: =$AQ$2*($AQ$3+$AQ$4*$F64/($N64*'Sem TS MC2020'!P56))*($AQ$5*$G64+$AQ$6*$B64/$N64)*('Sem TS MC2020'!P56^$AQ$7/200000)*($J64-$M64)/($J64-$M64-$H64)+('Sem TS MC2020'!P56-$C64/$AQ$8)*($AQ$5*$G64+$AQ$6*$B64/$N64)/200000 -> 0.21393014 | AQ64: =AP64/$R64 -> 0.69009722 | AR64: =AP64-$R64 -> -0.096069863
B65: 12 | C65: 500 | D65: 4 | E65: 46 | F65: 2.6933292 | G65: 70 | H65: 84 | I65: 350 | J65: 450 | K65: 452 | L65: 42000 | M65: 71.347044 | N65: 0.010761905 | O65: 45 | P65: 186.9291 | Q65: =(P65-P$354)/P$355 -> -0.48425958 | R65: 0.4 | S65: =P65/200000 -> 0.00093464551 | W65: =$X$2*($X$3*$G65+$X$4*$B65^$X$5*$N65^$X$6)*$S65^$X$7 -> 0.24386206 | X65: =W65/$R65 -> 0.60965516 | Z65: =$AA$2*$B65^$AA$3*$S65^$AA$4*($AA$5*$N65^$AA$6+$AA$7) -> 0.24589434 | AA65: =Z65/$R65 -> 0.61473584 | AC65: =$AD$2*($AD$3+$AD$4*$F65/($N65*'Sem TS MC2020'!P57))*($AD$5*$G65+$AD$6*$B65/$N65)*'Sem TS MC2020'!R57*($J65-$M65)/($J65-$M65-$H65) -> 0.30196385 | AD65: =AC65/$R65 -> 0.75490963 | AE65: =AC65-$R65 -> -0.098036149 | AF65: =1/AD65 -> 1.3246619 | AG65: =AC65*(14.068*'Sem TS MC2020'!$P57^-0.457)/$R65 -> 0.79466424 | AP65: =$AQ$2*($AQ$3+$AQ$4*$F65/($N65*'Sem TS MC2020'!P57))*($AQ$5*$G65+$AQ$6*$B65/$N65)*('Sem TS MC2020'!P57^$AQ$7/200000)*($J65-$M65)/($J65-$M65-$H65)+('Sem TS MC2020'!P57-$C65/$AQ$8)*($AQ$5*$G65+$AQ$6*$B65/$N65)/200000 -> 0.31007372 | AQ65: =AP65/$R65 -> 0.7751843 | AR65: =AP65-$R65 -> -0.089926281
A66: Viga 12-70-30 - Caldentey et al (2013) | B66: 12 | C66: 500 | D66: 4 | E66: 46 | F66: 2.6933292 | G66: 70 | H66: 84 | I66: 350 | J66: 450 | K66: 452 | L66: 42000 | M66: 71.347044 | N66: 0.010761905 | O66: 30 | P66: 35.192757 | Q66: =(P66-P$354)/P$355 -> -1.7563765 | R66: 0.25 | S66: =P66/200000 -> 0.00017596378 | W66: =$X$2*($X$3*$G66+$X$4*$B66^$X$5*$N66^$X$6)*$S66^$X$7 -> 0.087032461 | X66: =W66/$R66 -> 0.34812984 | Z66: =$AA$2*$B66^$AA$3*$S66^$AA$4*($AA$5*$N66^$AA$6+$AA$7) -> 0.086160475 | AA66: =Z66/$R66 -> 0.3446419 | AC66: =$AD$2*($AD$3+$AD$4*$F66/($N66*'Sem TS MC2020'!P58))*($AD$5*$G66+$AD$6*$B66/$N66)*'Sem TS MC2020'!R58*($J66-$M66)/($J66-$M66-$H66) -> 0.11275779 | AD66: =AC66/$R66 -> 0.45103114 | AE66: =AC66-$R66 -> -0.13724221 | AF66: =1/AD66 -> 2.2171418 | AG66: =AC66*(14.068*'Sem TS MC2020'!$P58^-0.457)/$R66 -> 0.57143777 | AP66: =$AQ$2*($AQ$3+$AQ$4*$F66/($N66*'Sem TS MC2020'!P58))*($AQ$5*$G66+$AQ$6*$B66/$N66)*('Sem TS MC2020'!P58^$AQ$7/200000)*($J66-$M66)/($J66-$M66-$H66)+('Sem TS MC2020'!P58-$C66/$AQ$8)*($AQ$5*$G66+$AQ$6*$B66/$N66)/200000 -> 0.11229393 | AQ66: =AP66/$R66 -> 0.4491757 | AR66: =AP66-$R66 -> -0.13770607
B67: 12 | C67: 500 | D67: 4 | E67: 46 | F67: 2.6933292 | G67: 70 | H67: 84 | I67: 350 | J67: 450 | K67: 452 | L67: 42000 | M67: 71.347044 | N67: 0.010761905 | O67: 37.5 | P67: 111.06093 | Q67: =(P67-P$354)/P$355 -> -1.1203181 | R67: 0.44 | S67: =P67/200000 -> 0.00055530465 | W67: =$X$2*($X$3*$G67+$X$4*$B67^$X$5*$N67^$X$6)*$S67^$X$7 -> 0.17686052 | X67: =W67/$R67 -> 0.40195574 | Z67: =$AA$2*$B67^$AA$3*$S67^$AA$4*($AA$5*$N67^$AA$6+$AA$7) -> 0.177316 | AA67: =Z67/$R67 -> 0.4029909 | AC67: =$AD$2*($AD$3+$AD$4*$F67/($N67*'Sem TS MC2020'!P59))*($AD$5*$G67+$AD$6*$B67/$N67)*'Sem TS MC2020'!R59*($J67-$M67)/($J67-$M67-$H67) -> 0.20736082 | AD67: =AC67/$R67 -> 0.47127459 | AE67: =AC67-$R67 -> -0.23263918 | AF67: =1/AD67 -> 2.1219052 | AG67: =AC67*(14.068*'Sem TS MC2020'!$P59^-0.457)/$R67 -> 0.53919835 | AP67: =$AQ$2*($AQ$3+$AQ$4*$F67/($N67*'Sem TS MC2020'!P59))*($AQ$5*$G67+$AQ$6*$B67/$N67)*('Sem TS MC2020'!P59^$AQ$7/200000)*($J67-$M67)/($J67-$M67-$H67)+('Sem TS MC2020'!P59-$C67/$AQ$8)*($AQ$5*$G67+$AQ$6*$B67/$N67)/200000 -> 0.21393014 | AQ67: =AP67/$R67 -> 0.48620486 | AR67: =AP67-$R67 -> -0.22606986
B68: 12 | C68: 500 | D68: 4 | E68: 46 | F68: 2.6933292 | G68: 70 | H68: 84 | I68: 350 | J68: 450 | K68: 452 | L68: 42000 | M68: 71.347044 | N68: 0.010761905 | O68: 45 | P68: 186.9291 | Q68: =(P68-P$354)/P$355 -> -0.48425958 | R68: 0.56 | S68: =P68/200000 -> 0.00093464551 | W68: =$X$2*($X$3*$G68+$X$4*$B68^$X$5*$N68^$X$6)*$S68^$X$7 -> 0.24386206 | X68: =W68/$R68 -> 0.43546797 | Z68: =$AA$2*$B68^$AA$3*$S68^$AA$4*($AA$5*$N68^$AA$6+$AA$7) -> 0.24589434 | AA68: =Z68/$R68 -> 0.43909703 | AC68: =$AD$2*($AD$3+$AD$4*$F68/($N68*'Sem TS MC2020'!P60))*($AD$5*$G68+$AD$6*$B68/$N68)*'Sem TS MC2020'!R60*($J68-$M68)/($J68-$M68-$H68) -> 0.30196385 | AD68: =AC68/$R68 -> 0.53922116 | AE68: =AC68-$R68 -> -0.25803615 | AF68: =1/AD68 -> 1.8545266 | AG68: =AC68*(14.068*'Sem TS MC2020'!$P60^-0.457)/$R68 -> 0.56761731 | AP68: =$AQ$2*($AQ$3+$AQ$4*$F68/($N68*'Sem TS MC2020'!P60))*($AQ$5*$G68+$AQ$6*$B68/$N68)*('Sem TS MC2020'!P60^$AQ$7/200000)*($J68-$M68)/($J68-$M68-$H68)+('Sem TS MC2020'!P60-$C68/$AQ$8)*($AQ$5*$G68+$AQ$6*$B68/$N68)/200000 -> 0.31007372 | AQ68: =AP68/$R68 -> 0.55370307 | AR68: =AP68-$R68 -> -0.24992628
A69: Viga 25-20-10 - Caldentey et al (2013) | B69: 25 | C69: 500 | D69: 4 | E69: 62 | F69: 2.6933292 | G69: 20 | H69: 40.5 | I69: 350 | J69: 450 | K69: 1964 | L69: 49612.5 | M69: 141.76646 | N69: 0.039586798 | O69: 150 | P69: 162.97717 | Q69: =(P69-P$354)/P$355 -> -0.68506616 | R69: 0.23 | S69: =P69/200000 -> 0.00081488586 | W69: =$X$2*($X$3*$G69+$X$4*$B69^$X$5*$N69^$X$6)*$S69^$X$7 -> 0.21367411 | X69: =W69/$R69 -> 0.92901787 | Z69: =$AA$2*$B69^$AA$3*$S69^$AA$4*($AA$5*$N69^$AA$6+$AA$7) -> 0.21423707 | AA69: =Z69/$R69 -> 0.93146554 | AC69: =$AD$2*($AD$3+$AD$4*$F69/($N69*'Sem TS MC2020'!P61))*($AD$5*$G69+$AD$6*$B69/$N69)*'Sem TS MC2020'!R61*($J69-$M69)/($J69-$M69-$H69) -> 0.14579257 | AD69: =AC69/$R69 -> 0.63388075 | AE69: =AC69-$R69 -> -0.084207428 | AF69: =1/AD69 -> 1.5775838 | AG69: =AC69*(14.068*'Sem TS MC2020'!$P61^-0.457)/$R69 -> 0.77302885 | AP69: =$AQ$2*($AQ$3+$AQ$4*$F69/($N69*'Sem TS MC2020'!P61))*($AQ$5*$G69+$AQ$6*$B69/$N69)*('Sem TS MC2020'!P61^$AQ$7/200000)*($J69-$M69)/($J69-$M69-$H69)+('Sem TS MC2020'!P61-$C69/$AQ$8)*($AQ$5*$G69+$AQ$6*$B69/$N69)/200000 -> 0.16017905 | AQ69: =AP69/$R69 -> 0.69643066 | AR69: =AP69-$R69 -> -0.069820948
B70: 25 | C70: 500 | D70: 4 | E70: 62 | F70: 2.6933292 | G70: 20 | H70: 40.5 | I70: 350 | J70: 450 | K70: 1964 | L70: 49612.5 | M70: 141.76646 | N70: 0.039586798 | O70: 225 | P70: 287.4912 | Q70: =(P70-P$354)/P$355 -> 0.35882614 | R70: 0.35 | S70: =P70/200000 -> 0.001437456 | W70: =$X$2*($X$3*$G70+$X$4*$B70^$X$5*$N70^$X$6)*$S70^$X$7 -> 0.30327809 | X70: =W70/$R70 -> 0.86650882 | Z70: =$AA$2*$B70^$AA$3*$S70^$AA$4*($AA$5*$N70^$AA$6+$AA$7) -> 0.30598154 | AA70: =Z70/$R70 -> 0.87423298 | AC70: =$AD$2*($AD$3+$AD$4*$F70/($N70*'Sem TS MC2020'!P62))*($AD$5*$G70+$AD$6*$B70/$N70)*'Sem TS MC2020'!R62*($J70-$M70)/($J70-$M70-$H70) -> 0.23421162 | AD70: =AC70/$R70 -> 0.66917605 | AE70: =AC70-$R70 -> -0.11578838 | AF70: =1/AD70 -> 1.4943751 | AG70: =AC70*(14.068*'Sem TS MC2020'!$P62^-0.457)/$R70 -> 0.67803923 | AP70: =$AQ$2*($AQ$3+$AQ$4*$F70/($N70*'Sem TS MC2020'!P62))*($AQ$5*$G70+$AQ$6*$B70/$N70)*('Sem TS MC2020'!P62^$AQ$7/200000)*($J70-$M70)/($J70-$M70-$H70)+('Sem TS MC2020'!P62-$C70/$AQ$8)*($AQ$5*$G70+$AQ$6*$B70/$N70)/200000 -> 0.24701002 | AQ70: =AP70/$R70 -> 0.70574293 | AR70: =AP70-$R70 -> -0.10298998
B71: 25 | C71: 500 | D71: 4 | E71: 62 | F71: 2.6933292 | G71: 20 | H71: 40.5 | I71: 350 | J71: 450 | K71: 1964 | L71: 49612.5 | M71: 141.76646 | N71: 0.039586798 | O71: 300 | P71: 412.00522 | Q71: =(P71-P$354)/P$355 -> 1.4027184 | R71: 0.49 | S71: =P71/200000 -> 0.0020600261 | W71: =$X$2*($X$3*$G71+$X$4*$B71^$X$5*$N71^$X$6)*$S71^$X$7 -> 0.37867328 | X71: =W71/$R71 -> 0.77280261 | Z71: =$AA$2*$B71^$AA$3*$S71^$AA$4*($AA$5*$N71^$AA$6+$AA$7) -> 0.38356407 | AA71: =Z71/$R71 -> 0.78278382 | AC71: =$AD$2*($AD$3+$AD$4*$F71/($N71*'Sem TS MC2020'!P63))*($AD$5*$G71+$AD$6*$B71/$N71)*'Sem TS MC2020'!R63*($J71-$M71)/($J71-$M71-$H71) -> 0.32263066 | AD71: =AC71/$R71 -> 0.65842992 | AE71: =AC71-$R71 -> -0.16736934 | AF71: =1/AD71 -> 1.5187645 | AG71: =AC71*(14.068*'Sem TS MC2020'!$P63^-0.457)/$R71 -> 0.58496111 | AP71: =$AQ$2*($AQ$3+$AQ$4*$F71/($N71*'Sem TS MC2020'!P63))*($AQ$5*$G71+$AQ$6*$B71/$N71)*('Sem TS MC2020'!P63^$AQ$7/200000)*($J71-$M71)/($J71-$M71-$H71)+('Sem TS MC2020'!P63-$C71/$AQ$8)*($AQ$5*$G71+$AQ$6*$B71/$N71)/200000 -> 0.32837031 | AQ71: =AP71/$R71 -> 0.67014349 | AR71: =AP71-$R71 -> -0.16162969
B72: 25 | C72: 500 | D72: 4 | E72: 62 | F72: 2.6933292 | G72: 20 | H72: 40.5 | I72: 350 | J72: 450 | K72: 1964 | L72: 49612.5 | M72: 141.76646 | N72: 0.039586798 | O72: 375 | P72: 500 | Q72: =(P72-P$354)/P$355 -> 2.1404431 | R72: 0.67 | S72: =P72/200000 -> 0.0025 | W72: =$X$2*($X$3*$G72+$X$4*$B72^$X$5*$N72^$X$6)*$S72^$X$7 -> 0.42671133 | X72: =W72/$R72 -> 0.63688258 | Z72: =$AA$2*$B72^$AA$3*$S72^$AA$4*($AA$5*$N72^$AA$6+$AA$7) -> 0.43314387 | AA72: =Z72/$R72 -> 0.64648339 | AC72: =$AD$2*($AD$3+$AD$4*$F72/($N72*'Sem TS MC2020'!P64))*($AD$5*$G72+$AD$6*$B72/$N72)*'Sem TS MC2020'!R64*($J72-$M72)/($J72-$M72-$H72) -> 0.38832497 | AD72: =AC72/$R72 -> 0.5795895 | AE72: =AC72-$R72 -> -0.28167503 | AF72: =1/AD72 -> 1.7253591 | AG72: =AC72*(14.068*'Sem TS MC2020'!$P64^-0.457)/$R72 -> 0.47634716 | AP72: =$AQ$2*($AQ$3+$AQ$4*$F72/($N72*'Sem TS MC2020'!P64))*($AQ$5*$G72+$AQ$6*$B72/$N72)*('Sem TS MC2020'!P64^$AQ$7/200000)*($J72-$M72)/($J72-$M72-$H72)+('Sem TS MC2020'!P64-$C72/$AQ$8)*($AQ$5*$G72+$AQ$6*$B72/$N72)/200000 -> 0.38636492 | AQ72: =AP72/$R72 -> 0.57666405 | AR72: =AP72-$R72 -> -0.28363508
A73: Viga 25-20-30 - Caldentey et al (2013) | B73: 25 | C73: 500 | D73: 4 | E73: 62 | F73: 2.6933292 | G73: 20 | H73: 40.5 | I73: 350 | J73: 450 | K73: 1964 | L73: 49612.5 | M73: 141.76646 | N73: 0.039586798 | O73: 150 | P73: 162.97717 | Q73: =(P73-P$354)/P$355 -> -0.68506616 | R73: 0.27 | S73: =P73/200000 -> 0.00081488586 | W73: =$X$2*($X$3*$G73+$X$4*$B73^$X$5*$N73^$X$6)*$S73^$X$7 -> 0.21367411 | X73: =W73/$R73 -> 0.79138559 | Z73: =$AA$2*$B73^$AA$3*$S73^$AA$4*($AA$5*$N73^$AA$6+$AA$7) -> 0.21423707 | AA73: =Z73/$R73 -> 0.79347064 | AC73: =$AD$2*($AD$3+$AD$4*$F73/($N73*'Sem TS MC2020'!P65))*($AD$5*$G73+$AD$6*$B73/$N73)*'Sem TS MC2020'!R65*($J73-$M73)/($J73-$M73-$H73) -> 0.14579257 | AD73: =AC73/$R73 -> 0.53997249 | AE73: =AC73-$R73 -> -0.12420743 | AF73: =1/AD73 -> 1.8519462 | AG73: =AC73*(14.068*'Sem TS MC2020'!$P65^-0.457)/$R73 -> 0.65850606 | AP73: =$AQ$2*($AQ$3+$AQ$4*$F73/($N73*'Sem TS MC2020'!P65))*($AQ$5*$G73+$AQ$6*$B73/$N73)*('Sem TS MC2020'!P65^$AQ$7/200000)*($J73-$M73)/($J73-$M73-$H73)+('Sem TS MC2020'!P65-$C73/$AQ$8)*($AQ$5*$G73+$AQ$6*$B73/$N73)/200000 -> 0.16017905 | AQ73: =AP73/$R73 -> 0.59325575 | AR73: =AP73-$R73 -> -0.10982095
B74: 25 | C74: 500 | D74: 4 | E74: 62 | F74: 2.6933292 | G74: 20 | H74: 40.5 | I74: 350 | J74: 450 | K74: 1964 | L74: 49612.5 | M74: 141.76646 | N74: 0.039586798 | O74: 225 | P74: 287.4912 | Q74: =(P74-P$354)/P$355 -> 0.35882614 | R74: 0.4 | S74: =P74/200000 -> 0.001437456 | W74: =$X$2*($X$3*$G74+$X$4*$B74^$X$5*$N74^$X$6)*$S74^$X$7 -> 0.30327809 | X74: =W74/$R74 -> 0.75819522 | Z74: =$AA$2*$B74^$AA$3*$S74^$AA$4*($AA$5*$N74^$AA$6+$AA$7) -> 0.30598154 | AA74: =Z74/$R74 -> 0.76495385 | AC74: =$AD$2*($AD$3+$AD$4*$F74/($N74*'Sem TS MC2020'!P66))*($AD$5*$G74+$AD$6*$B74/$N74)*'Sem TS MC2020'!R66*($J74-$M74)/($J74-$M74-$H74) -> 0.23421162 | AD74: =AC74/$R74 -> 0.58552904 | AE74: =AC74-$R74 -> -0.16578838 | AF74: =1/AD74 -> 1.7078572 | AG74: =AC74*(14.068*'Sem TS MC2020'!$P66^-0.457)/$R74 -> 0.59328433 | AP74: =$AQ$2*($AQ$3+$AQ$4*$F74/($N74*'Sem TS MC2020'!P66))*($AQ$5*$G74+$AQ$6*$B74/$N74)*('Sem TS MC2020'!P66^$AQ$7/200000)*($J74-$M74)/($J74-$M74-$H74)+('Sem TS MC2020'!P66-$C74/$AQ$8)*($AQ$5*$G74+$AQ$6*$B74/$N74)/200000 -> 0.24701002 | AQ74: =AP74/$R74 -> 0.61752506 | AR74: =AP74-$R74 -> -0.15298998
B75: 25 | C75: 500 | D75: 4 | E75: 62 | F75: 2.6933292 | G75: 20 | H75: 40.5 | I75: 350 | J75: 450 | K75: 1964 | L75: 49612.5 | M75: 141.76646 | N75: 0.039586798 | O75: 300 | P75: 412.00522 | Q75: =(P75-P$354)/P$355 -> 1.4027184 | R75: 0.53 | S75: =P75/200000 -> 0.0020600261 | W75: =$X$2*($X$3*$G75+$X$4*$B75^$X$5*$N75^$X$6)*$S75^$X$7 -> 0.37867328 | X75: =W75/$R75 -> 0.71447789 | Z75: =$AA$2*$B75^$AA$3*$S75^$AA$4*($AA$5*$N75^$AA$6+$AA$7) -> 0.38356407 | AA75: =Z75/$R75 -> 0.72370579 | AC75: =$AD$2*($AD$3+$AD$4*$F75/($N75*'Sem TS MC2020'!P67))*($AD$5*$G75+$AD$6*$B75/$N75)*'Sem TS MC2020'!R67*($J75-$M75)/($J75-$M75-$H75) -> 0.32263066 | AD75: =AC75/$R75 -> 0.6087371 | AE75: =AC75-$R75 -> -0.20736934 | AF75: =1/AD75 -> 1.6427453 | AG75: =AC75*(14.068*'Sem TS MC2020'!$P67^-0.457)/$R75 -> 0.5408131 | AP75: =$AQ$2*($AQ$3+$AQ$4*$F75/($N75*'Sem TS MC2020'!P67))*($AQ$5*$G75+$AQ$6*$B75/$N75)*('Sem TS MC2020'!P67^$AQ$7/200000)*($J75-$M75)/($J75-$M75-$H75)+('Sem TS MC2020'!P67-$C75/$AQ$8)*($AQ$5*$G75+$AQ$6*$B75/$N75)/200000 -> 0.32837031 | AQ75: =AP75/$R75 -> 0.61956662 | AR75: =AP75-$R75 -> -0.20162969
B76: 25 | C76: 500 | D76: 4 | E76: 62 | F76: 2.6933292 | G76: 20 | H76: 40.5 | I76: 350 | J76: 450 | K76: 1964 | L76: 49612.5 | M76: 141.76646 | N76: 0.039586798 | O76: 375 | P76: 500 | Q76: =(P76-P$354)/P$355 -> 2.1404431 | R76: 0.72 | S76: =P76/200000 -> 0.0025 | W76: =$X$2*($X$3*$G76+$X$4*$B76^$X$5*$N76^$X$6)*$S76^$X$7 -> 0.42671133 | X76: =W76/$R76 -> 0.59265462 | Z76: =$AA$2*$B76^$AA$3*$S76^$AA$4*($AA$5*$N76^$AA$6+$AA$7) -> 0.43314387 | AA76: =Z76/$R76 -> 0.60158871 | AC76: =$AD$2*($AD$3+$AD$4*$F76/($N76*'Sem TS MC2020'!P68))*($AD$5*$G76+$AD$6*$B76/$N76)*'Sem TS MC2020'!R68*($J76-$M76)/($J76-$M76-$H76) -> 0.38832497 | AD76: =AC76/$R76 -> 0.53934023 | AE76: =AC76-$R76 -> -0.33167503 | AF76: =1/AD76 -> 1.8541172 | AG76: =AC76*(14.068*'Sem TS MC2020'!$P68^-0.457)/$R76 -> 0.44326749 | AP76: =$AQ$2*($AQ$3+$AQ$4*$F76/($N76*'Sem TS MC2020'!P68))*($AQ$5*$G76+$AQ$6*$B76/$N76)*('Sem TS MC2020'!P68^$AQ$7/200000)*($J76-$M76)/($J76-$M76-$H76)+('Sem TS MC2020'!P68-$C76/$AQ$8)*($AQ$5*$G76+$AQ$6*$B76/$N76)/200000 -> 0.38636492 | AQ76: =AP76/$R76 -> 0.53661794 | AR76: =AP76-$R76 -> -0.33363508
A77: Viga 25-70-00 - Caldentey et al (2013) | B77: 25 | C77: 500 | D77: 4 | E77: 28.7 | F77: 2.6933292 | G77: 70 | H77: 94.5 | I77: 350 | J77: 450 | K77: 1964 | L77: 76825 | M77: 130.08181 | N77: 0.025564595 | O77: 75 | P77: 48.31954 | Q77: =(P77-P$354)/P$355 -> -1.6463251 | R77: 0.3 | S77: =P77/200000 -> 0.0002415977 | W77: =$X$2*($X$3*$G77+$X$4*$B77^$X$5*$N77^$X$6)*$S77^$X$7 -> 0.12087138 | X77: =W77/$R77 -> 0.40290459 | Z77: =$AA$2*$B77^$AA$3*$S77^$AA$4*($AA$5*$N77^$AA$6+$AA$7) -> 0.1187948 | AA77: =Z77/$R77 -> 0.39598265 | AC77: =$AD$2*($AD$3+$AD$4*$F77/($N77*'Sem TS MC2020'!P69))*($AD$5*$G77+$AD$6*$B77/$N77)*'Sem TS MC2020'!R69*($J77-$M77)/($J77-$M77-$H77) -> 0.1281938 | AD77: =AC77/$R77 -> 0.42731268 | AE77: =AC77-$R77 -> -0.1718062 | AF77: =1/AD77 -> 2.3402067 | AG77: =AC77*(14.068*'Sem TS MC2020'!$P69^-0.457)/$R77 -> 0.66827944 | AP77: =$AQ$2*($AQ$3+$AQ$4*$F77/($N77*'Sem TS MC2020'!P69))*($AQ$5*$G77+$AQ$6*$B77/$N77)*('Sem TS MC2020'!P69^$AQ$7/200000)*($J77-$M77)/($J77-$M77-$H77)+('Sem TS MC2020'!P69-$C77/$AQ$8)*($AQ$5*$G77+$AQ$6*$B77/$N77)/200000 -> 0.13642113 | AQ77: =AP77/$R77 -> 0.45473711 | AR77: =AP77-$R77 -> -0.16357887
B78: 25 | C78: 500 | D78: 4 | E78: 28.7 | F78: 2.6933292 | G78: 70 | H78: 94.5 | I78: 350 | J78: 450 | K78: 1964 | L78: 76825 | M78: 130.08181 | N78: 0.025564595 | O78: 150 | P78: 184.85445 | Q78: =(P78-P$354)/P$355 -> -0.50165295 | R78: 0.57 | S78: =P78/200000 -> 0.00092427223 | W78: =$X$2*($X$3*$G78+$X$4*$B78^$X$5*$N78^$X$6)*$S78^$X$7 -> 0.27660101 | X78: =W78/$R78 -> 0.48526493 | Z78: =$AA$2*$B78^$AA$3*$S78^$AA$4*($AA$5*$N78^$AA$6+$AA$7) -> 0.27589097 | AA78: =Z78/$R78 -> 0.48401924 | AC78: =$AD$2*($AD$3+$AD$4*$F78/($N78*'Sem TS MC2020'!P70))*($AD$5*$G78+$AD$6*$B78/$N78)*'Sem TS MC2020'!R70*($J78-$M78)/($J78-$M78-$H78) -> 0.36938713 | AD78: =AC78/$R78 -> 0.6480476 | AE78: =AC78-$R78 -> -0.20061287 | AF78: =1/AD78 -> 1.5430965 | AG78: =AC78*(14.068*'Sem TS MC2020'!$P70^-0.457)/$R78 -> 0.73832661 | AP78: =$AQ$2*($AQ$3+$AQ$4*$F78/($N78*'Sem TS MC2020'!P70))*($AQ$5*$G78+$AQ$6*$B78/$N78)*('Sem TS MC2020'!P70^$AQ$7/200000)*($J78-$M78)/($J78-$M78-$H78)+('Sem TS MC2020'!P70-$C78/$AQ$8)*($AQ$5*$G78+$AQ$6*$B78/$N78)/200000 -> 0.38630266 | AQ78: =AP78/$R78 -> 0.67772397 | AR78: =AP78-$R78 -> -0.18369734
A79: Viga 25-70-10 - Caldentey et al (2013) | B79: 25 | C79: 500 | D79: 4 | E79: 28.7 | F79: 2.6933292 | G79: 70 | H79: 90.5 | I79: 350 | J79: 450 | K79: 1964 | L79: 75425 | M79: 130.97513 | N79: 0.026039112 | O79: 75 | P79: 48.037421 | Q79: =(P79-P$354)/P$355 -> -1.6486903 | R79: 0.26 | S79: =P79/200000 -> 0.0002401871 | W79: =$X$2*($X$3*$G79+$X$4*$B79^$X$5*$N79^$X$6)*$S79^$X$7 -> 0.11951263 | X79: =W79/$R79 -> 0.45966396 | Z79: =$AA$2*$B79^$AA$3*$S79^$AA$4*($AA$5*$N79^$AA$6+$AA$7) -> 0.11745515 | AA79: =Z79/$R79 -> 0.45175058 | AC79: =$AD$2*($AD$3+$AD$4*$F79/($N79*'Sem TS MC2020'!P71))*($AD$5*$G79+$AD$6*$B79/$N79)*'Sem TS MC2020'!R71*($J79-$M79)/($J79-$M79-$H79) -> 0.12382807 | AD79: =AC79/$R79 -> 0.47626183 | AE79: =AC79-$R79 -> -0.13617193 | AF79: =1/AD79 -> 2.0996854 | AG79: =AC79*(14.068*'Sem TS MC2020'!$P71^-0.457)/$R79 -> 0.74885596 | AP79: =$AQ$2*($AQ$3+$AQ$4*$F79/($N79*'Sem TS MC2020'!P71))*($AQ$5*$G79+$AQ$6*$B79/$N79)*('Sem TS MC2020'!P71^$AQ$7/200000)*($J79-$M79)/($J79-$M79-$H79)+('Sem TS MC2020'!P71-$C79/$AQ$8)*($AQ$5*$G79+$AQ$6*$B79/$N79)/200000 -> 0.1315301 | AQ79: =AP79/$R79 -> 0.505885 | AR79: =AP79-$R79 -> -0.1284699
B80: 25 | C80: 500 | D80: 4 | E80: 28.7 | F80: 2.6933292 | G80: 70 | H80: 90.5 | I80: 350 | J80: 450 | K80: 1964 | L80: 75425 | M80: 130.97513 | N80: 0.026039112 | O80: 150 | P80: 182.18415 | Q80: =(P80-P$354)/P$355 -> -0.52403997 | R80: 0.6 | S80: =P80/200000 -> 0.00091092076 | W80: =$X$2*($X$3*$G80+$X$4*$B80^$X$5*$N80^$X$6)*$S80^$X$7 -> 0.27202836 | X80: =W80/$R80 -> 0.45338059 | Z80: =$AA$2*$B80^$AA$3*$S80^$AA$4*($AA$5*$N80^$AA$6+$AA$7) -> 0.27129431 | AA80: =Z80/$R80 -> 0.45215718 | AC80: =$AD$2*($AD$3+$AD$4*$F80/($N80*'Sem TS MC2020'!P72))*($AD$5*$G80+$AD$6*$B80/$N80)*'Sem TS MC2020'!R72*($J80-$M80)/($J80-$M80-$H80) -> 0.35546418 | AD80: =AC80/$R80 -> 0.59244029 | AE80: =AC80-$R80 -> -0.24453582 | AF80: =1/AD80 -> 1.6879338 | AG80: =AC80*(14.068*'Sem TS MC2020'!$P72^-0.457)/$R80 -> 0.6786196 | AP80: =$AQ$2*($AQ$3+$AQ$4*$F80/($N80*'Sem TS MC2020'!P72))*($AQ$5*$G80+$AQ$6*$B80/$N80)*('Sem TS MC2020'!P72^$AQ$7/200000)*($J80-$M80)/($J80-$M80-$H80)+('Sem TS MC2020'!P72-$C80/$AQ$8)*($AQ$5*$G80+$AQ$6*$B80/$N80)/200000 -> 0.37188336 | AQ80: =AP80/$R80 -> 0.61980559 | AR80: =AP80-$R80 -> -0.22811664
A81: Viga 25-70-30 - Caldentey et al (2013) | B81: 25 | C81: 500 | D81: 4 | E81: 28.7 | F81: 2.6933292 | G81: 70 | H81: 90.5 | I81: 350 | J81: 450 | K81: 1964 | L81: 75425 | M81: 130.97513 | N81: 0.026039112 | O81: 75 | P81: 48.037421 | Q81: =(P81-P$354)/P$355 -> -1.6486903 | R81: 0.27 | S81: =P81/200000 -> 0.0002401871 | W81: =$X$2*($X$3*$G81+$X$4*$B81^$X$5*$N81^$X$6)*$S81^$X$7 -> 0.11951263 | X81: =W81/$R81 -> 0.44263937 | Z81: =$AA$2*$B81^$AA$3*$S81^$AA$4*($AA$5*$N81^$AA$6+$AA$7) -> 0.11745515 | AA81: =Z81/$R81 -> 0.43501908 | AC81: =$AD$2*($AD$3+$AD$4*$F81/($N81*'Sem TS MC2020'!P73))*($AD$5*$G81+$AD$6*$B81/$N81)*'Sem TS MC2020'!R73*($J81-$M81)/($J81-$M81-$H81) -> 0.12382807 | AD81: =AC81/$R81 -> 0.4586225 | AE81: =AC81-$R81 -> -0.14617193 | AF81: =1/AD81 -> 2.1804425 | AG81: =AC81*(14.068*'Sem TS MC2020'!$P73^-0.457)/$R81 -> 0.72112056 | AP81: =$AQ$2*($AQ$3+$AQ$4*$F81/($N81*'Sem TS MC2020'!P73))*($AQ$5*$G81+$AQ$6*$B81/$N81)*('Sem TS MC2020'!P73^$AQ$7/200000)*($J81-$M81)/($J81-$M81-$H81)+('Sem TS MC2020'!P73-$C81/$AQ$8)*($AQ$5*$G81+$AQ$6*$B81/$N81)/200000 -> 0.1315301 | AQ81: =AP81/$R81 -> 0.48714852 | AR81: =AP81-$R81 -> -0.1384699
B82: 25 | C82: 500 | D82: 4 | E82: 28.7 | F82: 2.6933292 | G82: 70 | H82: 90.5 | I82: 350 | J82: 450 | K82: 1964 | L82: 75425 | M82: 130.97513 | N82: 0.026039112 | O82: 150 | P82: 182.18415 | Q82: =(P82-P$354)/P$355 -> -0.52403997 | R82: 0.59 | S82: =P82/200000 -> 0.00091092076 | W82: =$X$2*($X$3*$G82+$X$4*$B82^$X$5*$N82^$X$6)*$S82^$X$7 -> 0.27202836 | X82: =W82/$R82 -> 0.46106501 | Z82: =$AA$2*$B82^$AA$3*$S82^$AA$4*($AA$5*$N82^$AA$6+$AA$7) -> 0.27129431 | AA82: =Z82/$R82 -> 0.45982087 | AC82: =$AD$2*($AD$3+$AD$4*$F82/($N82*'Sem TS MC2020'!P74))*($AD$5*$G82+$AD$6*$B82/$N82)*'Sem TS MC2020'!R74*($J82-$M82)/($J82-$M82-$H82) -> 0.35546418 | AD82: =AC82/$R82 -> 0.60248165 | AE82: =AC82-$R82 -> -0.23453582 | AF82: =1/AD82 -> 1.6598016 | AG82: =AC82*(14.068*'Sem TS MC2020'!$P74^-0.457)/$R82 -> 0.69012163 | AP82: =$AQ$2*($AQ$3+$AQ$4*$F82/($N82*'Sem TS MC2020'!P74))*($AQ$5*$G82+$AQ$6*$B82/$N82)*('Sem TS MC2020'!P74^$AQ$7/200000)*($J82-$M82)/($J82-$M82-$H82)+('Sem TS MC2020'!P74-$C82/$AQ$8)*($AQ$5*$G82+$AQ$6*$B82/$N82)/200000 -> 0.37188336 | AQ82: =AP82/$R82 -> 0.63031077 | AR82: =AP82-$R82 -> -0.21811664
A83: Viga RS1 - Harajlí e Naamam (1985) | B83: 9.52 | C83: 434 | D83: 3 | E83: 22.2 | F83: 3.56416 | G83: 20.64 | H83: 25.4 | I83: 114.3 | J83: 228.6 | K83: 212.9 | L83: 8343.9 | M83: 56.390968 | N83: 0.025515646 | O83: 11.6 | P83: 234.83059 | Q83: =(P83-P$354)/P$355 -> -0.082666298 | R83: 0.15 | S83: =P83/200000 -> 0.001174153 | W83: =$X$2*($X$3*$G83+$X$4*$B83^$X$5*$N83^$X$6)*$S83^$X$7 -> 0.1679232 | X83: =W83/$R83 -> 1.119488 | Z83: =$AA$2*$B83^$AA$3*$S83^$AA$4*($AA$5*$N83^$AA$6+$AA$7) -> 0.16308664 | AA83: =Z83/$R83 -> 1.0872443 | AC83: =$AD$2*($AD$3+$AD$4*$F83/($N83*'Sem TS MC2020'!P75))*($AD$5*$G83+$AD$6*$B83/$N83)*'Sem TS MC2020'!R75*($J83-$M83)/($J83-$M83-$H83) -> 0.12600188 | AD83: =AC83/$R83 -> 0.84001253 | AE83: =AC83-$R83 -> -0.023998121 | AF83: =1/AD83 -> 1.1904584 | AG83: =AC83*(14.068*'Sem TS MC2020'!$P75^-0.457)/$R83 -> 0.87799709 | AP83: =$AQ$2*($AQ$3+$AQ$4*$F83/($N83*'Sem TS MC2020'!P75))*($AQ$5*$G83+$AQ$6*$B83/$N83)*('Sem TS MC2020'!P75^$AQ$7/200000)*($J83-$M83)/($J83-$M83-$H83)+('Sem TS MC2020'!P75-$C83/$AQ$8)*($AQ$5*$G83+$AQ$6*$B83/$N83)/200000 -> 0.13210315 | AQ83: =AP83/$R83 -> 0.88068766 | AR83: =AP83-$R83 -> -0.01789685
B84: 9.52 | C84: 434 | D84: 3 | E84: 22.2 | F84: 3.56416 | G84: 20.64 | H84: 25.4 | I84: 114.3 | J84: 228.6 | K84: 212.9 | L84: 8343.9 | M84: 56.390968 | N84: 0.025515646 | O84: 13.5 | P84: 299.56808 | Q84: =(P84-P$354)/P$355 -> 0.46007551 | R84: 0.17 | S84: =P84/200000 -> 0.0014978404 | W84: =$X$2*($X$3*$G84+$X$4*$B84^$X$5*$N84^$X$6)*$S84^$X$7 -> 0.19514293 | X84: =W84/$R84 -> 1.1478996 | Z84: =$AA$2*$B84^$AA$3*$S84^$AA$4*($AA$5*$N84^$AA$6+$AA$7) -> 0.19003065 | AA84: =Z84/$R84 -> 1.1178273 | AC84: =$AD$2*($AD$3+$AD$4*$F84/($N84*'Sem TS MC2020'!P76))*($AD$5*$G84+$AD$6*$B84/$N84)*'Sem TS MC2020'!R76*($J84-$M84)/($J84-$M84-$H84) -> 0.1537862 | AD84: =AC84/$R84 -> 0.90462472 | AE84: =AC84-$R84 -> -0.016213798 | AF84: =1/AD84 -> 1.1054308 | AG84: =AC84*(14.068*'Sem TS MC2020'!$P76^-0.457)/$R84 -> 0.88220707 | AP84: =$AQ$2*($AQ$3+$AQ$4*$F84/($N84*'Sem TS MC2020'!P76))*($AQ$5*$G84+$AQ$6*$B84/$N84)*('Sem TS MC2020'!P76^$AQ$7/200000)*($J84-$M84)/($J84-$M84-$H84)+('Sem TS MC2020'!P76-$C84/$AQ$8)*($AQ$5*$G84+$AQ$6*$B84/$N84)/200000 -> 0.15839203 | AQ84: =AP84/$R84 -> 0.93171785 | AR84: =AP84-$R84 -> -0.011607965
A85: Viga RS2 - Harajlí e Naamam (1985) | B85: 12.7 | C85: 434 | D85: 3 | E85: 19.05 | F85: 3.9766082 | G85: 19.05 | H85: 25.4 | I85: 114.3 | J85: 228.6 | K85: 387.1 | L85: 10161.27 | M85: 70.373658 | N85: 0.038095632 | O85: 21.1 | P85: 257.58928 | Q85: =(P85-P$354)/P$355 -> 0.10813645 | R85: 0.15 | S85: =P85/200000 -> 0.0012879464 | W85: =$X$2*($X$3*$G85+$X$4*$B85^$X$5*$N85^$X$6)*$S85^$X$7 -> 0.18259805 | X85: =W85/$R85 -> 1.2173204 | Z85: =$AA$2*$B85^$AA$3*$S85^$AA$4*($AA$5*$N85^$AA$6+$AA$7) -> 0.18024745 | AA85: =Z85/$R85 -> 1.2016497 | AC85: =$AD$2*($AD$3+$AD$4*$F85/($N85*'Sem TS MC2020'!P77))*($AD$5*$G85+$AD$6*$B85/$N85)*'Sem TS MC2020'!R77*($J85-$M85)/($J85-$M85-$H85) -> 0.12958543 | AD85: =AC85/$R85 -> 0.86390288 | AE85: =AC85-$R85 -> -0.020414568 | AF85: =1/AD85 -> 1.1575375 | AG85: =AC85*(14.068*'Sem TS MC2020'!$P77^-0.457)/$R85 -> 0.89229893 | AP85: =$AQ$2*($AQ$3+$AQ$4*$F85/($N85*'Sem TS MC2020'!P77))*($AQ$5*$G85+$AQ$6*$B85/$N85)*('Sem TS MC2020'!P77^$AQ$7/200000)*($J85-$M85)/($J85-$M85-$H85)+('Sem TS MC2020'!P77-$C85/$AQ$8)*($AQ$5*$G85+$AQ$6*$B85/$N85)/200000 -> 0.13522236 | AQ85: =AP85/$R85 -> 0.90148243 | AR85: =AP85-$R85 -> -0.014777635
B86: 12.7 | C86: 434 | D86: 3 | E86: 19.05 | F86: 3.9766082 | G86: 19.05 | H86: 25.4 | I86: 114.3 | J86: 228.6 | K86: 387.1 | L86: 10161.27 | M86: 70.373658 | N86: 0.038095632 | O86: 24.2 | P86: 313.98636 | Q86: =(P86-P$354)/P$355 -> 0.58095446 | R86: 0.17 | S86: =P86/200000 -> 0.0015699318 | W86: =$X$2*($X$3*$G86+$X$4*$B86^$X$5*$N86^$X$6)*$S86^$X$7 -> 0.206323 | X86: =W86/$R86 -> 1.2136647 | Z86: =$AA$2*$B86^$AA$3*$S86^$AA$4*($AA$5*$N86^$AA$6+$AA$7) -> 0.20411102 | AA86: =Z86/$R86 -> 1.2006531 | AC86: =$AD$2*($AD$3+$AD$4*$F86/($N86*'Sem TS MC2020'!P78))*($AD$5*$G86+$AD$6*$B86/$N86)*'Sem TS MC2020'!R78*($J86-$M86)/($J86-$M86-$H86) -> 0.15301085 | AD86: =AC86/$R86 -> 0.9000638 | AE86: =AC86-$R86 -> -0.016989153 | AF86: =1/AD86 -> 1.1110323 | AG86: =AC86*(14.068*'Sem TS MC2020'!$P78^-0.457)/$R86 -> 0.87319694 | AP86: =$AQ$2*($AQ$3+$AQ$4*$F86/($N86*'Sem TS MC2020'!P78))*($AQ$5*$G86+$AQ$6*$B86/$N86)*('Sem TS MC2020'!P78^$AQ$7/200000)*($J86-$M86)/($J86-$M86-$H86)+('Sem TS MC2020'!P78-$C86/$AQ$8)*($AQ$5*$G86+$AQ$6*$B86/$N86)/200000 -> 0.15698634 | AQ86: =AP86/$R86 -> 0.92344905 | AR86: =AP86-$R86 -> -0.013013662
B87: 12.7 | C87: 434 | D87: 3 | E87: 19.05 | F87: 3.9766082 | G87: 19.05 | H87: 25.4 | I87: 114.3 | J87: 228.6 | K87: 387.1 | L87: 10161.27 | M87: 70.373658 | N87: 0.038095632 | O87: 28.6 | P87: 394.03382 | Q87: =(P87-P$354)/P$355 -> 1.252051 | R87: 0.2 | S87: =P87/200000 -> 0.0019701691 | W87: =$X$2*($X$3*$G87+$X$4*$B87^$X$5*$N87^$X$6)*$S87^$X$7 -> 0.23735472 | X87: =W87/$R87 -> 1.1867736 | Z87: =$AA$2*$B87^$AA$3*$S87^$AA$4*($AA$5*$N87^$AA$6+$AA$7) -> 0.23539732 | AA87: =Z87/$R87 -> 1.1769866 | AC87: =$AD$2*($AD$3+$AD$4*$F87/($N87*'Sem TS MC2020'!P79))*($AD$5*$G87+$AD$6*$B87/$N87)*'Sem TS MC2020'!R79*($J87-$M87)/($J87-$M87-$H87) -> 0.18625982 | AD87: =AC87/$R87 -> 0.93129911 | AE87: =AC87-$R87 -> -0.013740178 | AF87: =1/AD87 -> 1.0737689 | AG87: =AC87*(14.068*'Sem TS MC2020'!$P79^-0.457)/$R87 -> 0.83709055 | AP87: =$AQ$2*($AQ$3+$AQ$4*$F87/($N87*'Sem TS MC2020'!P79))*($AQ$5*$G87+$AQ$6*$B87/$N87)*('Sem TS MC2020'!P79^$AQ$7/200000)*($J87-$M87)/($J87-$M87-$H87)+('Sem TS MC2020'!P79-$C87/$AQ$8)*($AQ$5*$G87+$AQ$6*$B87/$N87)/200000 -> 0.18695154 | AQ87: =AP87/$R87 -> 0.93475772 | AR87: =AP87-$R87 -> -0.013048455
A88: Viga RS3 - Harajlí e Naamam (1985) | B88: 15.9 | C88: 540 | D88: 3 | E88: 15.9 | F88: 3.9766082 | G88: 17.46 | H88: 25.4 | I88: 114.3 | J88: 228.6 | K88: 600 | L88: 10161.27 | M88: 83.256822 | N88: 0.059047737 | O88: 30.5 | P88: 254.92346 | Q88: =(P88-P$354)/P$355 -> 0.085786928 | R88: 0.16 | S88: =P88/200000 -> 0.0012746173 | W88: =$X$2*($X$3*$G88+$X$4*$B88^$X$5*$N88^$X$6)*$S88^$X$7 -> 0.17577598 | X88: =W88/$R88 -> 1.0985999 | Z88: =$AA$2*$B88^$AA$3*$S88^$AA$4*($AA$5*$N88^$AA$6+$AA$7) -> 0.17907421 | AA88: =Z88/$R88 -> 1.1192138 | AC88: =$AD$2*($AD$3+$AD$4*$F88/($N88*'Sem TS MC2020'!P80))*($AD$5*$G88+$AD$6*$B88/$N88)*'Sem TS MC2020'!R80*($J88-$M88)/($J88-$M88-$H88) -> 0.11358971 | AD88: =AC88/$R88 -> 0.70993568 | AE88: =AC88-$R88 -> -0.046410291 | AF88: =1/AD88 -> 1.4085783 | AG88: =AC88*(14.068*'Sem TS MC2020'!$P80^-0.457)/$R88 -> 0.74871577 | AP88: =$AQ$2*($AQ$3+$AQ$4*$F88/($N88*'Sem TS MC2020'!P80))*($AQ$5*$G88+$AQ$6*$B88/$N88)*('Sem TS MC2020'!P80^$AQ$7/200000)*($J88-$M88)/($J88-$M88-$H88)+('Sem TS MC2020'!P80-$C88/$AQ$8)*($AQ$5*$G88+$AQ$6*$B88/$N88)/200000 -> 0.11690474 | AQ88: =AP88/$R88 -> 0.73065465 | AR88: =AP88-$R88 -> -0.043095256
B89: 15.9 | C89: 540 | D89: 3 | E89: 15.9 | F89: 3.9766082 | G89: 17.46 | H89: 25.4 | I89: 114.3 | J89: 228.6 | K89: 600 | L89: 10161.27 | M89: 83.256822 | N89: 0.059047737 | O89: 40 | P89: 362.1205 | Q89: =(P89-P$354)/P$355 -> 0.98449824 | R89: 0.21 | S89: =P89/200000 -> 0.0018106025 | W89: =$X$2*($X$3*$G89+$X$4*$B89^$X$5*$N89^$X$6)*$S89^$X$7 -> 0.21828156 | X89: =W89/$R89 -> 1.039436 | Z89: =$AA$2*$B89^$AA$3*$S89^$AA$4*($AA$5*$N89^$AA$6+$AA$7) -> 0.22323765 | AA89: =Z89/$R89 -> 1.0630364 | AC89: =$AD$2*($AD$3+$AD$4*$F89/($N89*'Sem TS MC2020'!P81))*($AD$5*$G89+$AD$6*$B89/$N89)*'Sem TS MC2020'!R81*($J89-$M89)/($J89-$M89-$H89) -> 0.15409187 | AD89: =AC89/$R89 -> 0.73377079 | AE89: =AC89-$R89 -> -0.055908134 | AF89: =1/AD89 -> 1.3628234 | AG89: =AC89*(14.068*'Sem TS MC2020'!$P81^-0.457)/$R89 -> 0.68366289 | AP89: =$AQ$2*($AQ$3+$AQ$4*$F89/($N89*'Sem TS MC2020'!P81))*($AQ$5*$G89+$AQ$6*$B89/$N89)*('Sem TS MC2020'!P81^$AQ$7/200000)*($J89-$M89)/($J89-$M89-$H89)+('Sem TS MC2020'!P81-$C89/$AQ$8)*($AQ$5*$G89+$AQ$6*$B89/$N89)/200000 -> 0.15362752 | AQ89: =AP89/$R89 -> 0.73155962 | AR89: =AP89-$R89 -> -0.05637248
A90: Viga B1-a - Gilbert e Nejadi (2004) | B90: 16 | C90: 500 | D90: 2 | E90: 138 | F90: 3.269 | G90: 40 | H90: 48 | I90: 250 | J90: 348 | K90: 400 | L90: 32000 | M90: 73.386285 | N90: 0.0125 | O90: 20.42 | P90: 13.79531 | Q90: =(P90-P$354)/P$355 -> -1.935767 | R90: 0.15 | S90: =P90/200000 -> 6.8976551e-05 | W90: =$X$2*($X$3*$G90+$X$4*$B90^$X$5*$N90^$X$6)*$S90^$X$7 -> 0.055758334 | X90: =W90/$R90 -> 0.37172223 | Z90: =$AA$2*$B90^$AA$3*$S90^$AA$4*($AA$5*$N90^$AA$6+$AA$7) -> 0.054470788 | AA90: =Z90/$R90 -> 0.36313859 | AC90: =$AD$2*($AD$3+$AD$4*$F90/($N90*'Sem TS MC2020'!P82))*($AD$5*$G90+$AD$6*$B90/$N90)*'Sem TS MC2020'!R82*($J90-$M90)/($J90-$M90-$H90) -> 0.076750362 | AD90: =AC90/$R90 -> 0.51166908 | AE90: =AC90-$R90 -> -0.073249638 | AF90: =1/AD90 -> 1.9543882 | AG90: =AC90*(14.068*'Sem TS MC2020'!$P82^-0.457)/$R90 -> 0.66195788 | AP90: =$AQ$2*($AQ$3+$AQ$4*$F90/($N90*'Sem TS MC2020'!P82))*($AQ$5*$G90+$AQ$6*$B90/$N90)*('Sem TS MC2020'!P82^$AQ$7/200000)*($J90-$M90)/($J90-$M90-$H90)+('Sem TS MC2020'!P82-$C90/$AQ$8)*($AQ$5*$G90+$AQ$6*$B90/$N90)/200000 -> 0.074616737 | AQ90: =AP90/$R90 -> 0.49744491 | AR90: =AP90-$R90 -> -0.075383263
B91: 16 | C91: 500 | D91: 2 | E91: 138 | F91: 3.269 | G91: 40 | H91: 48 | I91: 250 | J91: 348 | K91: 400 | L91: 32000 | M91: 73.386285 | N91: 0.0125 | O91: 23.34 | P91: 53.370132 | Q91: =(P91-P$354)/P$355 -> -1.6039823 | R91: 0.2 | S91: =P91/200000 -> 0.00026685066 | W91: =$X$2*($X$3*$G91+$X$4*$B91^$X$5*$N91^$X$6)*$S91^$X$7 -> 0.12848088 | X91: =W91/$R91 -> 0.64240442 | Z91: =$AA$2*$B91^$AA$3*$S91^$AA$4*($AA$5*$N91^$AA$6+$AA$7) -> 0.12739595 | AA91: =Z91/$R91 -> 0.63697974 | AC91: =$AD$2*($AD$3+$AD$4*$F91/($N91*'Sem TS MC2020'!P83))*($AD$5*$G91+$AD$6*$B91/$N91)*'Sem TS MC2020'!R83*($J91-$M91)/($J91-$M91-$H91) -> 0.12404277 | AD91: =AC91/$R91 -> 0.62021385 | AE91: =AC91-$R91 -> -0.07595723 | AF91: =1/AD91 -> 1.6123471 | AG91: =AC91*(14.068*'Sem TS MC2020'!$P83^-0.457)/$R91 -> 0.75484194 | AP91: =$AQ$2*($AQ$3+$AQ$4*$F91/($N91*'Sem TS MC2020'!P83))*($AQ$5*$G91+$AQ$6*$B91/$N91)*('Sem TS MC2020'!P83^$AQ$7/200000)*($J91-$M91)/($J91-$M91-$H91)+('Sem TS MC2020'!P83-$C91/$AQ$8)*($AQ$5*$G91+$AQ$6*$B91/$N91)/200000 -> 0.12875862 | AQ91: =AP91/$R91 -> 0.64379308 | AR91: =AP91-$R91 -> -0.071241384
B92: 16 | C92: 500 | D92: 2 | E92: 138 | F92: 3.269 | G92: 40 | H92: 48 | I92: 250 | J92: 348 | K92: 400 | L92: 32000 | M92: 73.386285 | N92: 0.0125 | O92: 26.26 | P92: 95.802448 | Q92: =(P92-P$354)/P$355 -> -1.2482411 | R92: 0.25 | S92: =P92/200000 -> 0.00047901224 | W92: =$X$2*($X$3*$G92+$X$4*$B92^$X$5*$N92^$X$6)*$S92^$X$7 -> 0.18433374 | X92: =W92/$R92 -> 0.73733497 | Z92: =$AA$2*$B92^$AA$3*$S92^$AA$4*($AA$5*$N92^$AA$6+$AA$7) -> 0.1839572 | AA92: =Z92/$R92 -> 0.73582882 | AC92: =$AD$2*($AD$3+$AD$4*$F92/($N92*'Sem TS MC2020'!P84))*($AD$5*$G92+$AD$6*$B92/$N92)*'Sem TS MC2020'!R84*($J92-$M92)/($J92-$M92-$H92) -> 0.17133518 | AD92: =AC92/$R92 -> 0.68534071 | AE92: =AC92-$R92 -> -0.078664823 | AF92: =1/AD92 -> 1.4591283 | AG92: =AC92*(14.068*'Sem TS MC2020'!$P84^-0.457)/$R92 -> 0.79036099 | AP92: =$AQ$2*($AQ$3+$AQ$4*$F92/($N92*'Sem TS MC2020'!P84))*($AQ$5*$G92+$AQ$6*$B92/$N92)*('Sem TS MC2020'!P84^$AQ$7/200000)*($J92-$M92)/($J92-$M92-$H92)+('Sem TS MC2020'!P84-$C92/$AQ$8)*($AQ$5*$G92+$AQ$6*$B92/$N92)/200000 -> 0.18094871 | AQ92: =AP92/$R92 -> 0.72379483 | AR92: =AP92-$R92 -> -0.069051291
B93: 16 | C93: 500 | D93: 2 | E93: 138 | F93: 3.269 | G93: 40 | H93: 48 | I93: 250 | J93: 348 | K93: 400 | L93: 32000 | M93: 73.386285 | N93: 0.0125 | O93: 29.175 | P93: 138.1621 | Q93: =(P93-P$354)/P$355 -> -0.89310905 | R93: 0.28 | S93: =P93/200000 -> 0.00069081052 | W93: =$X$2*($X$3*$G93+$X$4*$B93^$X$5*$N93^$X$6)*$S93^$X$7 -> 0.23105504 | X93: =W93/$R93 -> 0.82519658 | Z93: =$AA$2*$B93^$AA$3*$S93^$AA$4*($AA$5*$N93^$AA$6+$AA$7) -> 0.23151362 | AA93: =Z93/$R93 -> 0.82683436 | AC93: =$AD$2*($AD$3+$AD$4*$F93/($N93*'Sem TS MC2020'!P85))*($AD$5*$G93+$AD$6*$B93/$N93)*'Sem TS MC2020'!R85*($J93-$M93)/($J93-$M93-$H93) -> 0.2185466 | AD93: =AC93/$R93 -> 0.78052359 | AE93: =AC93-$R93 -> -0.061453396 | AF93: =1/AD93 -> 1.2811913 | AG93: =AC93*(14.068*'Sem TS MC2020'!$P85^-0.457)/$R93 -> 0.85785269 | AP93: =$AQ$2*($AQ$3+$AQ$4*$F93/($N93*'Sem TS MC2020'!P85))*($AQ$5*$G93+$AQ$6*$B93/$N93)*('Sem TS MC2020'!P85^$AQ$7/200000)*($J93-$M93)/($J93-$M93-$H93)+('Sem TS MC2020'!P85-$C93/$AQ$8)*($AQ$5*$G93+$AQ$6*$B93/$N93)/200000 -> 0.2314511 | AQ93: =AP93/$R93 -> 0.82661107 | AR93: =AP93-$R93 -> -0.0485489
B94: 16 | C94: 500 | D94: 2 | E94: 138 | F94: 3.269 | G94: 40 | H94: 48 | I94: 250 | J94: 348 | K94: 400 | L94: 32000 | M94: 73.386285 | N94: 0.0125 | O94: 32.09 | P94: 180.52176 | Q94: =(P94-P$354)/P$355 -> -0.53797701 | R94: 0.28 | S94: =P94/200000 -> 0.00090260881 | W94: =$X$2*($X$3*$G94+$X$4*$B94^$X$5*$N94^$X$6)*$S94^$X$7 -> 0.27250484 | X94: =W94/$R94 -> 0.97323156 | Z94: =$AA$2*$B94^$AA$3*$S94^$AA$4*($AA$5*$N94^$AA$6+$AA$7) -> 0.27385007 | AA94: =Z94/$R94 -> 0.97803597 | AC94: =$AD$2*($AD$3+$AD$4*$F94/($N94*'Sem TS MC2020'!P86))*($AD$5*$G94+$AD$6*$B94/$N94)*'Sem TS MC2020'!R86*($J94-$M94)/($J94-$M94-$H94) -> 0.26575803 | AD94: =AC94/$R94 -> 0.94913583 | AE94: =AC94-$R94 -> -0.014241969 | AF94: =1/AD94 -> 1.05359 | AG94: =AC94*(14.068*'Sem TS MC2020'!$P86^-0.457)/$R94 -> 0.99874371 | AP94: =$AQ$2*($AQ$3+$AQ$4*$F94/($N94*'Sem TS MC2020'!P86))*($AQ$5*$G94+$AQ$6*$B94/$N94)*('Sem TS MC2020'!P86^$AQ$7/200000)*($J94-$M94)/($J94-$M94-$H94)+('Sem TS MC2020'!P86-$C94/$AQ$8)*($AQ$5*$G94+$AQ$6*$B94/$N94)/200000 -> 0.28061036 | AQ94: =AP94/$R94 -> 1.0021798 | AR94: =AP94-$R94 -> 0.0006103568
B95: 16 | C95: 500 | D95: 2 | E95: 138 | F95: 3.269 | G95: 40 | H95: 48 | I95: 250 | J95: 348 | K95: 400 | L95: 32000 | M95: 73.386285 | N95: 0.0125 | O95: 35.01 | P95: 222.95408 | Q95: =(P95-P$354)/P$355 -> -0.18223583 | R95: 0.3 | S95: =P95/200000 -> 0.0011147704 | W95: =$X$2*($X$3*$G95+$X$4*$B95^$X$5*$N95^$X$6)*$S95^$X$7 -> 0.31041621 | X95: =W95/$R95 -> 1.0347207 | Z95: =$AA$2*$B95^$AA$3*$S95^$AA$4*($AA$5*$N95^$AA$6+$AA$7) -> 0.31267386 | AA95: =Z95/$R95 -> 1.0422462 | AC95: =$AD$2*($AD$3+$AD$4*$F95/($N95*'Sem TS MC2020'!P87))*($AD$5*$G95+$AD$6*$B95/$N95)*'Sem TS MC2020'!R87*($J95-$M95)/($J95-$M95-$H95) -> 0.31305044 | AD95: =AC95/$R95 -> 1.0435015 | AE95: =AC95-$R95 -> 0.013050438 | AF95: =1/AD95 -> 0.95831203 | AG95: =AC95*(14.068*'Sem TS MC2020'!$P87^-0.457)/$R95 -> 1.0551979 | AP95: =$AQ$2*($AQ$3+$AQ$4*$F95/($N95*'Sem TS MC2020'!P87))*($AQ$5*$G95+$AQ$6*$B95/$N95)*('Sem TS MC2020'!P87^$AQ$7/200000)*($J95-$M95)/($J95-$M95-$H95)+('Sem TS MC2020'!P87-$C95/$AQ$8)*($AQ$5*$G95+$AQ$6*$B95/$N95)/200000 -> 0.32869958 | AQ95: =AP95/$R95 -> 1.0956653 | AR95: =AP95-$R95 -> 0.028699584
B96: 16 | C96: 500 | D96: 2 | E96: 138 | F96: 3.269 | G96: 40 | H96: 48 | I96: 250 | J96: 348 | K96: 400 | L96: 32000 | M96: 73.386285 | N96: 0.0125 | O96: 37.93 | P96: 265.38639 | Q96: =(P96-P$354)/P$355 -> 0.17350536 | R96: 0.33 | S96: =P96/200000 -> 0.001326932 | W96: =$X$2*($X$3*$G96+$X$4*$B96^$X$5*$N96^$X$6)*$S96^$X$7 -> 0.34564367 | X96: =W96/$R96 -> 1.047405 | Z96: =$AA$2*$B96^$AA$3*$S96^$AA$4*($AA$5*$N96^$AA$6+$AA$7) -> 0.34882539 | AA96: =Z96/$R96 -> 1.0570466 | AC96: =$AD$2*($AD$3+$AD$4*$F96/($N96*'Sem TS MC2020'!P88))*($AD$5*$G96+$AD$6*$B96/$N96)*'Sem TS MC2020'!R88*($J96-$M96)/($J96-$M96-$H96) -> 0.36034285 | AD96: =AC96/$R96 -> 1.091948 | AE96: =AC96-$R96 -> 0.030342846 | AF96: =1/AD96 -> 0.91579451 | AG96: =AC96*(14.068*'Sem TS MC2020'!$P88^-0.457)/$R96 -> 1.0644946 | AP96: =$AQ$2*($AQ$3+$AQ$4*$F96/($N96*'Sem TS MC2020'!P88))*($AQ$5*$G96+$AQ$6*$B96/$N96)*('Sem TS MC2020'!P88^$AQ$7/200000)*($J96-$M96)/($J96-$M96-$H96)+('Sem TS MC2020'!P88-$C96/$AQ$8)*($AQ$5*$G96+$AQ$6*$B96/$N96)/200000 -> 0.37578306 | AQ96: =AP96/$R96 -> 1.1387365 | AR96: =AP96-$R96 -> 0.045783057
B97: 16 | C97: 500 | D97: 2 | E97: 138 | F97: 3.269 | G97: 40 | H97: 48 | I97: 250 | J97: 348 | K97: 400 | L97: 32000 | M97: 73.386285 | N97: 0.0125 | O97: 40.84 | P97: 307.67339 | Q97: =(P97-P$354)/P$355 -> 0.52802825 | R97: 0.33 | S97: =P97/200000 -> 0.001538367 | W97: =$X$2*($X$3*$G97+$X$4*$B97^$X$5*$N97^$X$6)*$S97^$X$7 -> 0.37865785 | X97: =W97/$R97 -> 1.147448 | Z97: =$AA$2*$B97^$AA$3*$S97^$AA$4*($AA$5*$N97^$AA$6+$AA$7) -> 0.38276549 | AA97: =Z97/$R97 -> 1.1598954 | AC97: =$AD$2*($AD$3+$AD$4*$F97/($N97*'Sem TS MC2020'!P89))*($AD$5*$G97+$AD$6*$B97/$N97)*'Sem TS MC2020'!R89*($J97-$M97)/($J97-$M97-$H97) -> 0.40747329 | AD97: =AC97/$R97 -> 1.2347676 | AE97: =AC97-$R97 -> 0.077473293 | AF97: =1/AD97 -> 0.80986903 | AG97: =AC97*(14.068*'Sem TS MC2020'!$P89^-0.457)/$R97 -> 1.1637392 | AP97: =$AQ$2*($AQ$3+$AQ$4*$F97/($N97*'Sem TS MC2020'!P89))*($AQ$5*$G97+$AQ$6*$B97/$N97)*('Sem TS MC2020'!P89^$AQ$7/200000)*($J97-$M97)/($J97-$M97-$H97)+('Sem TS MC2020'!P89-$C97/$AQ$8)*($AQ$5*$G97+$AQ$6*$B97/$N97)/200000 -> 0.42182297 | AQ97: =AP97/$R97 -> 1.2782514 | AR97: =AP97-$R97 -> 0.091822974
A98: Viga B1-b - Gilbert e Nejadi (2004) | B98: 16 | C98: 500 | D98: 2 | E98: 138 | F98: 3.269 | G98: 40 | H98: 48 | I98: 250 | J98: 348 | K98: 400 | L98: 32000 | M98: 73.386285 | N98: 0.0125 | O98: 23.34 | P98: 53.370132 | Q98: =(P98-P$354)/P$355 -> -1.6039823 | R98: 0.15 | S98: =P98/200000 -> 0.00026685066 | W98: =$X$2*($X$3*$G98+$X$4*$B98^$X$5*$N98^$X$6)*$S98^$X$7 -> 0.12848088 | X98: =W98/$R98 -> 0.85653922 | Z98: =$AA$2*$B98^$AA$3*$S98^$AA$4*($AA$5*$N98^$AA$6+$AA$7) -> 0.12739595 | AA98: =Z98/$R98 -> 0.84930632 | AC98: =$AD$2*($AD$3+$AD$4*$F98/($N98*'Sem TS MC2020'!P90))*($AD$5*$G98+$AD$6*$B98/$N98)*'Sem TS MC2020'!R90*($J98-$M98)/($J98-$M98-$H98) -> 0.12404277 | AD98: =AC98/$R98 -> 0.8269518 | AE98: =AC98-$R98 -> -0.02595723 | AF98: =1/AD98 -> 1.2092603 | AG98: =AC98*(14.068*'Sem TS MC2020'!$P90^-0.457)/$R98 -> 1.0064559 | AP98: =$AQ$2*($AQ$3+$AQ$4*$F98/($N98*'Sem TS MC2020'!P90))*($AQ$5*$G98+$AQ$6*$B98/$N98)*('Sem TS MC2020'!P90^$AQ$7/200000)*($J98-$M98)/($J98-$M98-$H98)+('Sem TS MC2020'!P90-$C98/$AQ$8)*($AQ$5*$G98+$AQ$6*$B98/$N98)/200000 -> 0.12875862 | AQ98: =AP98/$R98 -> 0.85839077 | AR98: =AP98-$R98 -> -0.021241384
B99: 16 | C99: 500 | D99: 2 | E99: 138 | F99: 3.269 | G99: 40 | H99: 48 | I99: 250 | J99: 348 | K99: 400 | L99: 32000 | M99: 73.386285 | N99: 0.0125 | O99: 26.26 | P99: 95.802448 | Q99: =(P99-P$354)/P$355 -> -1.2482411 | R99: 0.18 | S99: =P99/200000 -> 0.00047901224 | W99: =$X$2*($X$3*$G99+$X$4*$B99^$X$5*$N99^$X$6)*$S99^$X$7 -> 0.18433374 | X99: =W99/$R99 -> 1.0240763 | Z99: =$AA$2*$B99^$AA$3*$S99^$AA$4*($AA$5*$N99^$AA$6+$AA$7) -> 0.1839572 | AA99: =Z99/$R99 -> 1.0219845 | AC99: =$AD$2*($AD$3+$AD$4*$F99/($N99*'Sem TS MC2020'!P91))*($AD$5*$G99+$AD$6*$B99/$N99)*'Sem TS MC2020'!R91*($J99-$M99)/($J99-$M99-$H99) -> 0.17133518 | AD99: =AC99/$R99 -> 0.95186209 | AE99: =AC99-$R99 -> -0.0086648232 | AF99: =1/AD99 -> 1.0505724 | AG99: =AC99*(14.068*'Sem TS MC2020'!$P91^-0.457)/$R99 -> 1.0977236 | AP99: =$AQ$2*($AQ$3+$AQ$4*$F99/($N99*'Sem TS MC2020'!P91))*($AQ$5*$G99+$AQ$6*$B99/$N99)*('Sem TS MC2020'!P91^$AQ$7/200000)*($J99-$M99)/($J99-$M99-$H99)+('Sem TS MC2020'!P91-$C99/$AQ$8)*($AQ$5*$G99+$AQ$6*$B99/$N99)/200000 -> 0.18094871 | AQ99: =AP99/$R99 -> 1.0052706 | AR99: =AP99-$R99 -> 0.00094870855
B100: 16 | C100: 500 | D100: 2 | E100: 138 | F100: 3.269 | G100: 40 | H100: 48 | I100: 250 | J100: 348 | K100: 400 | L100: 32000 | M100: 73.386285 | N100: 0.0125 | O100: 29.175 | P100: 138.1621 | Q100: =(P100-P$354)/P$355 -> -0.89310905 | R100: 0.2 | S100: =P100/200000 -> 0.00069081052 | W100: =$X$2*($X$3*$G100+$X$4*$B100^$X$5*$N100^$X$6)*$S100^$X$7 -> 0.23105504 | X100: =W100/$R100 -> 1.1552752 | Z100: =$AA$2*$B100^$AA$3*$S100^$AA$4*($AA$5*$N100^$AA$6+$AA$7) -> 0.23151362 | AA100: =Z100/$R100 -> 1.1575681 | AC100: =$AD$2*($AD$3+$AD$4*$F100/($N100*'Sem TS MC2020'!P92))*($AD$5*$G100+$AD$6*$B100/$N100)*'Sem TS MC2020'!R92*($J100-$M100)/($J100-$M100-$H100) -> 0.2185466 | AD100: =AC100/$R100 -> 1.092733 | AE100: =AC100-$R100 -> 0.018546604 | AF100: =1/AD100 -> 0.91513662 | AG100: =AC100*(14.068*'Sem TS MC2020'!$P92^-0.457)/$R100 -> 1.2009938 | AP100: =$AQ$2*($AQ$3+$AQ$4*$F100/($N100*'Sem TS MC2020'!P92))*($AQ$5*$G100+$AQ$6*$B100/$N100)*('Sem TS MC2020'!P92^$AQ$7/200000)*($J100-$M100)/($J100-$M100-$H100)+('Sem TS MC2020'!P92-$C100/$AQ$8)*($AQ$5*$G100+$AQ$6*$B100/$N100)/200000 -> 0.2314511 | AQ100: =AP100/$R100 -> 1.1572555 | AR100: =AP100-$R100 -> 0.0314511
...

Sheet Sem TS MC2020
A1: Autor | B1: Inputs | Q1: Output
B2: Diâmetro da armadura f (mm) | C2: Resistência do aço - fy (MPa) | D2: Número de barras em uma camada | E2: Espaçamento entre as barras (mm) | F2: Resistência à tração do concreto fctm (MPa) | G2: Cobrimento c (mm) | H2: Distância ao centro de gravidade da armadura d' (mm) | I2: Largura da viga - b (mm) | J2: Altura da viga - h (mm) | K2: Área de aço tracionada - As (mm2) | L2: Área de concreto efetiva - Ace (mm2) | M2: Linha neutra no Estádio II - XII (mm) | N2: Taxa de armadura r | O2: Momento fletor - Ms (kNm) | P2: Tensão na armadura (MPa) | Q2: wexp (mm) | R2: Deformação na armadura
A3: Viga S200-1.76-20 - Sokolov et al (2021) | B3: 20 | C3: 500 | D3: 2 | E3: 126 | F3: 4.1203405 | G3: 25 | H3: 39 | I3: 216 | J3: 201 | K3: 628 | L3: 29484 | M3: 57.361777 | N3: 0.021299688 | O3: 20.8 | P3: 231.811 | Q3: 0.16 | R3: =P3/200000 -> 0.001159055
B4: 20 | C4: 500 | D4: 2 | E4: 126 | F4: 4.1203405 | G4: 25 | H4: 39 | I4: 216 | J4: 201 | K4: 628 | L4: 29484 | M4: 57.361777 | N4: 0.021299688 | O4: 27.3 | P4: 304.25194 | Q4: 0.23 | R4: =P4/200000 -> 0.0015212597
B5: 20 | C5: 500 | D5: 2 | E5: 126 | F5: 4.1203405 | G5: 25 | H5: 39 | I5: 216 | J5: 201 | K5: 628 | L5: 29484 | M5: 57.361777 | N5: 0.021299688 | O5: 28.2 | P5: 314.28223 | Q5: 0.24 | R5: =P5/200000 -> 0.0015714111
B6: 20 | C6: 500 | D6: 2 | E6: 126 | F6: 4.1203405 | G6: 25 | H6: 39 | I6: 216 | J6: 201 | K6: 628 | L6: 29484 | M6: 57.361777 | N6: 0.021299688 | O6: 32.6 | P6: 363.31917 | Q6: 0.27 | R6: =P6/200000 -> 0.0018165959
B7: 20 | C7: 500 | D7: 2 | E7: 126 | F7: 4.1203405 | G7: 25 | H7: 39 | I7: 216 | J7: 201 | K7: 628 | L7: 29484 | M7: 57.361777 | N7: 0.021299688 | O7: 41.2 | P7: 459.16411 | Q7: 0.35 | R7: =P7/200000 -> 0.0022958205
B8: 20 | C8: 500 | D8: 2 | E8: 126 | F8: 4.1203405 | G8: 25 | H8: 39 | I8: 216 | J8: 201 | K8: 628 | L8: 29484 | M8: 57.361777 | N8: 0.021299688 | O8: 44.9 | P8: 500 | Q8: 0.4 | R8: =P8/200000 -> 0.0025
A9: Viga S600-0.37-10 - Sokolov et al (2021) | B9: 10 | C9: 500 | D9: 8 | E9: 87.7 | F9: 4.1311268 | G9: 25 | H9: 53 | I9: 308 | J9: 604 | K9: 628 | L9: 43428 | M9: 99.6964 | N9: 0.014460717 | O9: 105 | P9: 322.91972 | Q9: 0.16 | R9: =P9/200000 -> 0.0016145986
B10: 10 | C10: 500 | D10: 8 | E10: 87.7 | F10: 4.1311268 | G10: 25 | H10: 53 | I10: 308 | J10: 604 | K10: 628 | L10: 43428 | M10: 99.6964 | N10: 0.014460717 | O10: 119.6 | P10: 367.82093 | Q10: 0.18 | R10: =P10/200000 -> 0.0018391047
B11: 10 | C11: 500 | D11: 8 | E11: 87.7 | F11: 4.1311268 | G11: 25 | H11: 53 | I11: 308 | J11: 604 | K11: 628 | L11: 43428 | M11: 99.6964 | N11: 0.014460717 | O11: 174.3 | P11: 500 | Q11: 0.26 | R11: =P11/200000 -> 0.0025
A12: Viga V1 - Oliveira (2007) | B12: 10 | C12: 628 | D12: 4 | E12: 32.466667 | F12: 3.262 | G12: 25 | H12: 36 | I12: 200 | J12: 600 | K12: 314 | L12: 17200 | M12: 95.721927 | N12: 0.018255814 | O12: 47.625 | P12: 285.04803 | Q12: 0.16 | R12: =P12/200000 -> 0.0014252402
B13: 10 | C13: 628 | D13: 4 | E13: 32.466667 | F13: 3.262 | G13: 25 | H13: 36 | I13: 200 | J13: 600 | K13: 314 | L13: 17200 | M13: 95.721927 | N13: 0.018255814 | O13: 54.3 | P13: 324.99965 | Q13: 0.2 | R13: =P13/200000 -> 0.0016249982
B14: 10 | C14: 628 | D14: 4 | E14: 32.466667 | F14: 3.262 | G14: 25 | H14: 36 | I14: 200 | J14: 600 | K14: 314 | L14: 17200 | M14: 95.721927 | N14: 0.018255814 | O14: 61.425 | P14: 367.64463 | Q14: 0.2 | R14: =P14/200000 -> 0.0018382231
B15: 10 | C15: 628 | D15: 4 | E15: 32.466667 | F15: 3.262 | G15: 25 | H15: 36 | I15: 200 | J15: 600 | K15: 314 | L15: 17200 | M15: 95.721927 | N15: 0.018255814 | O15: 68.625 | P15: 410.7385 | Q15: 0.24 | R15: =P15/200000 -> 0.0020536925
B16: 10 | C16: 628 | D16: 4 | E16: 32.466667 | F16: 3.262 | G16: 25 | H16: 36 | I16: 200 | J16: 600 | K16: 314 | L16: 17200 | M16: 95.721927 | N16: 0.018255814 | O16: 73.275 | P16: 438.56996 | Q16: 0.3 | R16: =P16/200000 -> 0.0021928498
B17: 10 | C17: 628 | D17: 4 | E17: 32.466667 | F17: 3.262 | G17: 25 | H17: 36 | I17: 200 | J17: 600 | K17: 314 | L17: 17200 | M17: 95.721927 | N17: 0.018255814 | O17: 83.25 | P17: 498.27294 | Q17: 0.32 | R17: =P17/200000 -> 0.0024913647
B18: 10 | C18: 628 | D18: 4 | E18: 32.466667 | F18: 3.262 | G18: 25 | H18: 36 | I18: 200 | J18: 600 | K18: 314 | L18: 17200 | M18: 95.721927 | N18: 0.018255814 | O18: 84 | P18: 502.76188 | Q18: 0.38 | R18: =P18/200000 -> 0.0025138094
B19: 10 | C19: 628 | D19: 4 | E19: 32.466667 | F19: 3.262 | G19: 25 | H19: 36 | I19: 200 | J19: 600 | K19: 314 | L19: 17200 | M19: 95.721927 | N19: 0.018255814 | O19: 90 | P19: 538.67345 | Q19: 0.42 | R19: =P19/200000 -> 0.0026933672
B20: 10 | C20: 628 | D20: 4 | E20: 32.466667 | F20: 3.262 | G20: 25 | H20: 36 | I20: 200 | J20: 600 | K20: 314 | L20: 17200 | M20: 95.721927 | N20: 0.018255814 | O20: 108 | P20: 628 | Q20: 0.44 | R20: =P20/200000 -> 0.00314
B21: 10 | C21: 628 | D21: 4 | E21: 32.466667 | F21: 3.262 | G21: 25 | H21: 36 | I21: 200 | J21: 600 | K21: 314 | L21: 17200 | M21: 95.721927 | N21: 0.018255814 | O21: 120 | P21: 628 | Q21: 0.5 | R21: =P21/200000 -> 0.00314
A22: Viga V2 - Oliveira (2007) | B22: 10 | C22: 628 | D22: 4 | E22: 32.466667 | F22: 3.514 | G22: 25 | H22: 36 | I22: 200 | J22: 600 | K22: 314 | L22: 17200 | M22: 87.120679 | N22: 0.018255814 | O22: 54 | P22: 321.47188 | Q22: 0.24 | R22: =P22/200000 -> 0.0016073594
B23: 10 | C23: 628 | D23: 4 | E23: 32.466667 | F23: 3.514 | G23: 25 | H23: 36 | I23: 200 | J23: 600 | K23: 314 | L23: 17200 | M23: 87.120679 | N23: 0.018255814 | O23: 60 | P23: 357.19097 | Q23: 0.3 | R23: =P23/200000 -> 0.0017859549
B24: 10 | C24: 628 | D24: 4 | E24: 32.466667 | F24: 3.514 | G24: 25 | H24: 36 | I24: 200 | J24: 600 | K24: 314 | L24: 17200 | M24: 87.120679 | N24: 0.018255814 | O24: 62.25 | P24: 370.58564 | Q24: 0.3 | R24: =P24/200000 -> 0.0018529282
B25: 10 | C25: 628 | D25: 4 | E25: 32.466667 | F25: 3.514 | G25: 25 | H25: 36 | I25: 200 | J25: 600 | K25: 314 | L25: 17200 | M25: 87.120679 | N25: 0.018255814 | O25: 66 | P25: 392.91007 | Q25: 0.3 | R25: =P25/200000 -> 0.0019645504
B26: 10 | C26: 628 | D26: 4 | E26: 32.466667 | F26: 3.514 | G26: 25 | H26: 36 | I26: 200 | J26: 600 | K26: 314 | L26: 17200 | M26: 87.120679 | N26: 0.018255814 | O26: 71.25 | P26: 424.16428 | Q26: 0.38 | R26: =P26/200000 -> 0.0021208214
B27: 10 | C27: 628 | D27: 4 | E27: 32.466667 | F27: 3.514 | G27: 25 | H27: 36 | I27: 200 | J27: 600 | K27: 314 | L27: 17200 | M27: 87.120679 | N27: 0.018255814 | O27: 82.5 | P27: 491.13759 | Q27: 0.44 | R27: =P27/200000 -> 0.0024556879
A28: Viga T1F000 - Silva Neto (2017) | B28: 16 | C28: 571 | D28: 4 | E28: 37 | F28: 4.2588 | G28: 33 | H28: 59 | I28: 125 | J28: 250 | K28: 800 | L28: 19625 | M28: 86 | N28: 0.0408 | O28: 18.2 | P28: 140.04197 | Q28: 0.18 | R28: =P28/200000 -> 0.00070020983
B29: 16 | C29: 571 | D29: 4 | E29: 37 | F29: 4.2588 | G29: 33 | H29: 59 | I29: 125 | J29: 250 | K29: 800 | L29: 19625 | M29: 86 | N29: 0.0408 | O29: 26.2 | P29: 201.59887 | Q29: 0.2 | R29: =P29/200000 -> 0.0010079944
B30: 16 | C30: 571 | D30: 4 | E30: 37 | F30: 4.2588 | G30: 33 | H30: 59 | I30: 125 | J30: 250 | K30: 800 | L30: 19625 | M30: 86 | N30: 0.0408 | O30: 31.7 | P30: 243.91925 | Q30: 0.26 | R30: =P30/200000 -> 0.0012195962
B31: 16 | C31: 571 | D31: 4 | E31: 37 | F31: 4.2588 | G31: 33 | H31: 59 | I31: 125 | J31: 250 | K31: 800 | L31: 19625 | M31: 86 | N31: 0.0408 | O31: 40.8 | P31: 313.94023 | Q31: 0.44 | R31: =P31/200000 -> 0.0015697012
B32: 16 | C32: 571 | D32: 4 | E32: 37 | F32: 4.2588 | G32: 33 | H32: 59 | I32: 125 | J32: 250 | K32: 800 | L32: 19625 | M32: 86 | N32: 0.0408 | O32: 54.1 | P32: 416.27859 | Q32: 0.6 | R32: =P32/200000 -> 0.002081393
A33: Viga 12-20-00 - Caldentey et al (2013) | B33: 12 | C33: 500 | D33: 4 | E33: 79.3 | F33: 2.6933292 | G33: 20 | H33: 38 | I33: 350 | J33: 450 | K33: 452 | L33: 34300 | M33: 76.169428 | N33: 0.013177843 | O33: 52.5 | P33: 300.43296 | Q33: 0.36 | R33: =P33/200000 -> 0.0015021648
B34: 12 | C34: 500 | D34: 4 | E34: 79.3 | F34: 2.6933292 | G34: 20 | H34: 38 | I34: 350 | J34: 450 | K34: 452 | L34: 34300 | M34: 76.169428 | N34: 0.013177843 | O34: 67.5 | P34: 386.27094 | Q34: 0.43 | R34: =P34/200000 -> 0.0019313547
B35: 12 | C35: 500 | D35: 4 | E35: 79.3 | F35: 2.6933292 | G35: 20 | H35: 38 | I35: 350 | J35: 450 | K35: 452 | L35: 34300 | M35: 76.169428 | N35: 0.013177843 | O35: 90 | P35: 500 | Q35: 0.56 | R35: =P35/200000 -> 0.0025
B36: 12 | C36: 500 | D36: 4 | E36: 79.3 | F36: 2.6933292 | G36: 20 | H36: 38 | I36: 350 | J36: 450 | K36: 452 | L36: 34300 | M36: 76.169428 | N36: 0.013177843 | O36: 112.5 | P36: 500 | Q36: 0.71 | R36: =P36/200000 -> 0.0025
B37: 12 | C37: 500 | D37: 4 | E37: 79.3 | F37: 2.6933292 | G37: 20 | H37: 38 | I37: 350 | J37: 450 | K37: 452 | L37: 34300 | M37: 76.169428 | N37: 0.013177843 | O37: 120 | P37: 500 | Q37: 0.79 | R37: =P37/200000 -> 0.0025
A38: Viga 25-20-00 - Caldentey et al (2013) | B38: 25 | C38: 500 | D38: 4 | E38: 62 | F38: 2.6933292 | G38: 20 | H38: 44.5 | I38: 350 | J38: 450 | K38: 1964 | L38: 54512.5 | M38: 140.92717 | N38: 0.036028434 | O38: 75 | P38: 106.51266 | Q38: 0.2 | R38: =P38/200000 -> 0.00053256328
B39: 25 | C39: 500 | D39: 4 | E39: 62 | F39: 2.6933292 | G39: 20 | H39: 44.5 | I39: 350 | J39: 450 | K39: 1964 | L39: 54512.5 | M39: 140.92717 | N39: 0.036028434 | O39: 135 | P39: 191.72278 | Q39: 0.25 | R39: =P39/200000 -> 0.0009586139
B40: 25 | C40: 500 | D40: 4 | E40: 62 | F40: 2.6933292 | G40: 20 | H40: 44.5 | I40: 350 | J40: 450 | K40: 1964 | L40: 54512.5 | M40: 140.92717 | N40: 0.036028434 | O40: 195 | P40: 276.9329 | Q40: 0.36 | R40: =P40/200000 -> 0.0013846645
B41: 25 | C41: 500 | D41: 4 | E41: 62 | F41: 2.6933292 | G41: 20 | H41: 44.5 | I41: 350 | J41: 450 | K41: 1964 | L41: 54512.5 | M41: 140.92717 | N41: 0.036028434 | O41: 255 | P41: 362.14303 | Q41: 0.47 | R41: =P41/200000 -> 0.0018107151
B42: 25 | C42: 500 | D42: 4 | E42: 62 | F42: 2.6933292 | G42: 20 | H42: 44.5 | I42: 350 | J42: 450 | K42: 1964 | L42: 54512.5 | M42: 140.92717 | N42: 0.036028434 | O42: 300 | P42: 426.05062 | Q42: 0.57 | R42: =P42/200000 -> 0.0021302531
B43: 25 | C43: 500 | D43: 4 | E43: 62 | F43: 2.6933292 | G43: 20 | H43: 44.5 | I43: 350 | J43: 450 | K43: 1964 | L43: 54512.5 | M43: 140.92717 | N43: 0.036028434 | O43: 360 | P43: 500 | Q43: 0.78 | R43: =P43/200000 -> 0.0025
A44: Viga 12-20-10 - Caldentey et al (2013) | B44: 12 | C44: 500 | D44: 4 | E44: 79.3 | F44: 2.6933292 | G44: 20 | H44: 34 | I44: 350 | J44: 450 | K44: 452 | L44: 32900 | M44: 76.57587 | N44: 0.013738602 | O44: 37.5 | P44: 212.47113 | Q44: 0.21 | R44: =P44/200000 -> 0.0010623556
B45: 12 | C45: 500 | D45: 4 | E45: 79.3 | F45: 2.6933292 | G45: 20 | H45: 34 | I45: 350 | J45: 450 | K45: 452 | L45: 32900 | M45: 76.57587 | N45: 0.013738602 | O45: 45 | P45: 254.96535 | Q45: 0.31 | R45: =P45/200000 -> 0.0012748268
B46: 12 | C46: 500 | D46: 4 | E46: 79.3 | F46: 2.6933292 | G46: 20 | H46: 34 | I46: 350 | J46: 450 | K46: 452 | L46: 32900 | M46: 76.57587 | N46: 0.013738602 | O46: 52.5 | P46: 297.45958 | Q46: 0.38 | R46: =P46/200000 -> 0.0014872979
B47: 12 | C47: 500 | D47: 4 | E47: 79.3 | F47: 2.6933292 | G47: 20 | H47: 34 | I47: 350 | J47: 450 | K47: 452 | L47: 32900 | M47: 76.57587 | N47: 0.013738602 | O47: 67.5 | P47: 382.44803 | Q47: 0.52 | R47: =P47/200000 -> 0.0019122401
B48: 12 | C48: 500 | D48: 4 | E48: 79.3 | F48: 2.6933292 | G48: 20 | H48: 34 | I48: 350 | J48: 450 | K48: 452 | L48: 32900 | M48: 76.57587 | N48: 0.013738602 | O48: 90 | P48: 500 | Q48: 0.74 | R48: =P48/200000 -> 0.0025
A49: Viga 12-20-30 - Caldentey et al (2013) | B49: 12 | C49: 500 | D49: 4 | E49: 79.3 | F49: 2.6933292 | G49: 20 | H49: 34 | I49: 350 | J49: 450 | K49: 452 | L49: 32900 | M49: 76.57587 | N49: 0.013738602 | O49: 37.5 | P49: 212.47113 | Q49: 0.17 | R49: =P49/200000 -> 0.0010623556
B50: 12 | C50: 500 | D50: 4 | E50: 79.3 | F50: 2.6933292 | G50: 20 | H50: 34 | I50: 350 | J50: 450 | K50: 452 | L50: 32900 | M50: 76.57587 | N50: 0.013738602 | O50: 52.5 | P50: 297.45958 | Q50: 0.36 | R50: =P50/200000 -> 0.0014872979
B51: 12 | C51: 500 | D51: 4 | E51: 79.3 | F51: 2.6933292 | G51: 20 | H51: 34 | I51: 350 | J51: 450 | K51: 452 | L51: 32900 | M51: 76.57587 | N51: 0.013738602 | O51: 67.5 | P51: 382.44803 | Q51: 0.56 | R51: =P51/200000 -> 0.0019122401
B52: 12 | C52: 500 | D52: 4 | E52: 79.3 | F52: 2.6933292 | G52: 20 | H52: 34 | I52: 350 | J52: 450 | K52: 452 | L52: 32900 | M52: 76.57587 | N52: 0.013738602 | O52: 90 | P52: 500 | Q52: 0.78 | R52: =P52/200000 -> 0.0025
A53: Viga 12-70-00 - Caldentey et al (2013) | B53: 12 | C53: 500 | D53: 4 | E53: 46 | F53: 2.6933292 | G53: 70 | H53: 88 | I53: 350 | J53: 450 | K53: 452 | L53: 42000 | M53: 70.913892 | N53: 0.010761905 | O53: 37.5 | P53: 245.19477 | Q53: 0.31 | R53: =P53/200000 -> 0.0012259739
B54: 12 | C54: 500 | D54: 4 | E54: 46 | F54: 2.6933292 | G54: 70 | H54: 88 | I54: 350 | J54: 450 | K54: 452 | L54: 42000 | M54: 70.913892 | N54: 0.010761905 | O54: 45 | P54: 294.23372 | Q54: 0.44 | R54: =P54/200000 -> 0.0014711686
A55: Viga 12-70-10 - Caldentey et al (2013) | B55: 12 | C55: 500 | D55: 4 | E55: 46 | F55: 2.6933292 | G55: 70 | H55: 84 | I55: 350 | J55: 450 | K55: 452 | L55: 42000 | M55: 71.347044 | N55: 0.010761905 | O55: 30 | P55: 193.94581 | Q55: 0.14 | R55: =P55/200000 -> 0.00096972907
B56: 12 | C56: 500 | D56: 4 | E56: 46 | F56: 2.6933292 | G56: 70 | H56: 84 | I56: 350 | J56: 450 | K56: 452 | L56: 42000 | M56: 71.347044 | N56: 0.010761905 | O56: 37.5 | P56: 242.43227 | Q56: 0.31 | R56: =P56/200000 -> 0.0012121613
B57: 12 | C57: 500 | D57: 4 | E57: 46 | F57: 2.6933292 | G57: 70 | H57: 84 | I57: 350 | J57: 450 | K57: 452 | L57: 42000 | M57: 71.347044 | N57: 0.010761905 | O57: 45 | P57: 290.91872 | Q57: 0.4 | R57: =P57/200000 -> 0.0014545936
A58: Viga 12-70-30 - Caldentey et al (2013) | B58: 12 | C58: 500 | D58: 4 | E58: 46 | F58: 2.6933292 | G58: 70 | H58: 84 | I58: 350 | J58: 450 | K58: 452 | L58: 42000 | M58: 71.347044 | N58: 0.010761905 | O58: 30 | P58: 193.94581 | Q58: 0.25 | R58: =P58/200000 -> 0.00096972907
B59: 12 | C59: 500 | D59: 4 | E59: 46 | F59: 2.6933292 | G59: 70 | H59: 84 | I59: 350 | J59: 450 | K59: 452 | L59: 42000 | M59: 71.347044 | N59: 0.010761905 | O59: 37.5 | P59: 242.43227 | Q59: 0.44 | R59: =P59/200000 -> 0.0012121613
B60: 12 | C60: 500 | D60: 4 | E60: 46 | F60: 2.6933292 | G60: 70 | H60: 84 | I60: 350 | J60: 450 | K60: 452 | L60: 42000 | M60: 71.347044 | N60: 0.010761905 | O60: 45 | P60: 290.91872 | Q60: 0.56 | R60: =P60/200000 -> 0.0014545936
A61: Viga 25-20-10 - Caldentey et al (2013) | B61: 25 | C61: 500 | D61: 4 | E61: 62 | F61: 2.6933292 | G61: 20 | H61: 40.5 | I61: 350 | J61: 450 | K61: 1964 | L61: 49612.5 | M61: 141.76646 | N61: 0.039586798 | O61: 150 | P61: 210.83755 | Q61: 0.23 | R61: =P61/200000 -> 0.0010541877
B62: 25 | C62: 500 | D62: 4 | E62: 62 | F62: 2.6933292 | G62: 20 | H62: 40.5 | I62: 350 | J62: 450 | K62: 1964 | L62: 49612.5 | M62: 141.76646 | N62: 0.039586798 | O62: 225 | P62: 316.25632 | Q62: 0.35 | R62: =P62/200000 -> 0.0015812816
B63: 25 | C63: 500 | D63: 4 | E63: 62 | F63: 2.6933292 | G63: 20 | H63: 40.5 | I63: 350 | J63: 450 | K63: 1964 | L63: 49612.5 | M63: 141.76646 | N63: 0.039586798 | O63: 300 | P63: 421.6751 | Q63: 0.49 | R63: =P63/200000 -> 0.0021083755
B64: 25 | C64: 500 | D64: 4 | E64: 62 | F64: 2.6933292 | G64: 20 | H64: 40.5 | I64: 350 | J64: 450 | K64: 1964 | L64: 49612.5 | M64: 141.76646 | N64: 0.039586798 | O64: 375 | P64: 500 | Q64: 0.67 | R64: =P64/200000 -> 0.0025
A65: Viga 25-20-30 - Caldentey et al (2013) | B65: 25 | C65: 500 | D65: 4 | E65: 62 | F65: 2.6933292 | G65: 20 | H65: 40.5 | I65: 350 | J65: 450 | K65: 1964 | L65: 49612.5 | M65: 141.76646 | N65: 0.039586798 | O65: 150 | P65: 210.83755 | Q65: 0.27 | R65: =P65/200000 -> 0.0010541877
B66: 25 | C66: 500 | D66: 4 | E66: 62 | F66: 2.6933292 | G66: 20 | H66: 40.5 | I66: 350 | J66: 450 | K66: 1964 | L66: 49612.5 | M66: 141.76646 | N66: 0.039586798 | O66: 225 | P66: 316.25632 | Q66: 0.4 | R66: =P66/200000 -> 0.0015812816
B67: 25 | C67: 500 | D67: 4 | E67: 62 | F67: 2.6933292 | G67: 20 | H67: 40.5 | I67: 350 | J67: 450 | K67: 1964 | L67: 49612.5 | M67: 141.76646 | N67: 0.039586798 | O67: 300 | P67: 421.6751 | Q67: 0.53 | R67: =P67/200000 -> 0.0021083755
B68: 25 | C68: 500 | D68: 4 | E68: 62 | F68: 2.6933292 | G68: 20 | H68: 40.5 | I68: 350 | J68: 450 | K68: 1964 | L68: 49612.5 | M68: 141.76646 | N68: 0.039586798 | O68: 375 | P68: 500 | Q68: 0.72 | R68: =P68/200000 -> 0.0025
A69: Viga 25-70-00 - Caldentey et al (2013) | B69: 25 | C69: 500 | D69: 4 | E69: 28.7 | F69: 2.6933292 | G69: 70 | H69: 94.5 | I69: 350 | J69: 450 | K69: 1964 | L69: 76825 | M69: 130.08181 | N69: 0.025564595 | O69: 75 | P69: 122.34077 | Q69: 0.3 | R69: =P69/200000 -> 0.00061170383
B70: 25 | C70: 500 | D70: 4 | E70: 28.7 | F70: 2.6933292 | G70: 70 | H70: 94.5 | I70: 350 | J70: 450 | K70: 1964 | L70: 76825 | M70: 130.08181 | N70: 0.025564595 | O70: 150 | P70: 244.68153 | Q70: 0.57 | R70: =P70/200000 -> 0.0012234077
A71: Viga 25-70-10 - Caldentey et al (2013) | B71: 25 | C71: 500 | D71: 4 | E71: 28.7 | F71: 2.6933292 | G71: 70 | H71: 90.5 | I71: 350 | J71: 450 | K71: 1964 | L71: 75425 | M71: 130.97513 | N71: 0.026039112 | O71: 75 | P71: 120.90671 | Q71: 0.26 | R71: =P71/200000 -> 0.00060453357
B72: 25 | C72: 500 | D72: 4 | E72: 28.7 | F72: 2.6933292 | G72: 70 | H72: 90.5 | I72: 350 | J72: 450 | K72: 1964 | L72: 75425 | M72: 130.97513 | N72: 0.026039112 | O72: 150 | P72: 241.81343 | Q72: 0.6 | R72: =P72/200000 -> 0.0012090671
A73: Viga 25-70-30 - Caldentey et al (2013) | B73: 25 | C73: 500 | D73: 4 | E73: 28.7 | F73: 2.6933292 | G73: 70 | H73: 90.5 | I73: 350 | J73: 450 | K73: 1964 | L73: 75425 | M73: 130.97513 | N73: 0.026039112 | O73: 75 | P73: 120.90671 | Q73: 0.27 | R73: =P73/200000 -> 0.00060453357
B74: 25 | C74: 500 | D74: 4 | E74: 28.7 | F74: 2.6933292 | G74: 70 | H74: 90.5 | I74: 350 | J74: 450 | K74: 1964 | L74: 75425 | M74: 130.97513 | N74: 0.026039112 | O74: 150 | P74: 241.81343 | Q74: 0.59 | R74: =P74/200000 -> 0.0012090671
A75: Viga RS1 - Harajlí e Naamam (1985) | B75: 9.52 | C75: 434 | D75: 3 | E75: 22.2 | F75: 3.56416 | G75: 20.64 | H75: 25.4 | I75: 114.3 | J75: 228.6 | K75: 212.9 | L75: 8343.9 | M75: 56.390968 | N75: 0.025515646 | O75: 11.6 | P75: 295.47063 | Q75: 0.15 | R75: =P75/200000 -> 0.0014773532
B76: 9.52 | C76: 434 | D76: 3 | E76: 22.2 | F76: 3.56416 | G76: 20.64 | H76: 25.4 | I76: 114.3 | J76: 228.6 | K76: 212.9 | L76: 8343.9 | M76: 56.390968 | N76: 0.025515646 | O76: 13.5 | P76: 343.86668 | Q76: 0.17 | R76: =P76/200000 -> 0.0017193334
A77: Viga RS2 - Harajlí e Naamam (1985) | B77: 12.7 | C77: 434 | D77: 3 | E77: 19.05 | F77: 3.9766082 | G77: 19.05 | H77: 25.4 | I77: 114.3 | J77: 228.6 | K77: 387.1 | L77: 10161.27 | M77: 70.373658 | N77: 0.038095632 | O77: 21.1 | P77: 303.25603 | Q77: 0.15 | R77: =P77/200000 -> 0.0015162801
B78: 12.7 | C78: 434 | D78: 3 | E78: 19.05 | F78: 3.9766082 | G78: 19.05 | H78: 25.4 | I78: 114.3 | J78: 228.6 | K78: 387.1 | L78: 10161.27 | M78: 70.373658 | N78: 0.038095632 | O78: 24.2 | P78: 347.81023 | Q78: 0.17 | R78: =P78/200000 -> 0.0017390511
B79: 12.7 | C79: 434 | D79: 3 | E79: 19.05 | F79: 3.9766082 | G79: 19.05 | H79: 25.4 | I79: 114.3 | J79: 228.6 | K79: 387.1 | L79: 10161.27 | M79: 70.373658 | N79: 0.038095632 | O79: 28.6 | P79: 411.04845 | Q79: 0.2 | R79: =P79/200000 -> 0.0020552423
A80: Viga RS3 - Harajlí e Naamam (1985) | B80: 15.9 | C80: 540 | D80: 3 | E80: 15.9 | F80: 3.9766082 | G80: 17.46 | H80: 25.4 | I80: 114.3 | J80: 228.6 | K80: 600 | L80: 10161.27 | M80: 83.256822 | N80: 0.059047737 | O80: 30.5 | P80: 289.73492 | Q80: 0.16 | R80: =P80/200000 -> 0.0014486746
B81: 15.9 | C81: 540 | D81: 3 | E81: 15.9 | F81: 3.9766082 | G81: 17.46 | H81: 25.4 | I81: 114.3 | J81: 228.6 | K81: 600 | L81: 10161.27 | M81: 83.256822 | N81: 0.059047737 | O81: 40 | P81: 379.98023 | Q81: 0.21 | R81: =P81/200000 -> 0.0018999011
A82: Viga B1-a - Gilbert e Nejadi (2004) | B82: 16 | C82: 500 | D82: 2 | E82: 138 | F82: 3.269 | G82: 40 | H82: 48 | I82: 250 | J82: 348 | K82: 400 | L82: 32000 | M82: 73.386285 | N82: 0.0125 | O82: 20.42 | P82: 185.27396 | Q82: 0.15 | R82: =P82/200000 -> 0.00092636982
B83: 16 | C83: 500 | D83: 2 | E83: 138 | F83: 3.269 | G83: 40 | H83: 48 | I83: 250 | J83: 348 | K83: 400 | L83: 32000 | M83: 73.386285 | N83: 0.0125 | O83: 23.34 | P83: 211.7676 | Q83: 0.2 | R83: =P83/200000 -> 0.001058838
B84: 16 | C84: 500 | D84: 2 | E84: 138 | F84: 3.269 | G84: 40 | H84: 48 | I84: 250 | J84: 348 | K84: 400 | L84: 32000 | M84: 73.386285 | N84: 0.0125 | O84: 26.26 | P84: 238.26123 | Q84: 0.25 | R84: =P84/200000 -> 0.0011913061
B85: 16 | C85: 500 | D85: 2 | E85: 138 | F85: 3.269 | G85: 40 | H85: 48 | I85: 250 | J85: 348 | K85: 400 | L85: 32000 | M85: 73.386285 | N85: 0.0125 | O85: 29.175 | P85: 264.7095 | Q85: 0.28 | R85: =P85/200000 -> 0.0013235475
B86: 16 | C86: 500 | D86: 2 | E86: 138 | F86: 3.269 | G86: 40 | H86: 48 | I86: 250 | J86: 348 | K86: 400 | L86: 32000 | M86: 73.386285 | N86: 0.0125 | O86: 32.09 | P86: 291.15776 | Q86: 0.28 | R86: =P86/200000 -> 0.0014557888
B87: 16 | C87: 500 | D87: 2 | E87: 138 | F87: 3.269 | G87: 40 | H87: 48 | I87: 250 | J87: 348 | K87: 400 | L87: 32000 | M87: 73.386285 | N87: 0.0125 | O87: 35.01 | P87: 317.6514 | Q87: 0.3 | R87: =P87/200000 -> 0.001588257
B88: 16 | C88: 500 | D88: 2 | E88: 138 | F88: 3.269 | G88: 40 | H88: 48 | I88: 250 | J88: 348 | K88: 400 | L88: 32000 | M88: 73.386285 | N88: 0.0125 | O88: 37.93 | P88: 344.14503 | Q88: 0.33 | R88: =P88/200000 -> 0.0017207251
B89: 16 | C89: 500 | D89: 2 | E89: 138 | F89: 3.269 | G89: 40 | H89: 48 | I89: 250 | J89: 348 | K89: 400 | L89: 32000 | M89: 73.386285 | N89: 0.0125 | O89: 40.84 | P89: 370.54793 | Q89: 0.33 | R89: =P89/200000 -> 0.0018527396
A90: Viga B1-b - Gilbert e Nejadi (2004) | B90: 16 | C90: 500 | D90: 2 | E90: 138 | F90: 3.269 | G90: 40 | H90: 48 | I90: 250 | J90: 348 | K90: 400 | L90: 32000 | M90: 73.386285 | N90: 0.0125 | O90: 23.34 | P90: 211.7676 | Q90: 0.15 | R90: =P90/200000 -> 0.001058838
B91: 16 | C91: 500 | D91: 2 | E91: 138 | F91: 3.269 | G91: 40 | H91: 48 | I91: 250 | J91: 348 | K91: 400 | L91: 32000 | M91: 73.386285 | N91: 0.0125 | O91: 26.26 | P91: 238.26123 | Q91: 0.18 | R91: =P91/200000 -> 0.0011913061
B92: 16 | C92: 500 | D92: 2 | E92: 138 | F92: 3.269 | G92: 40 | H92: 48 | I92: 250 | J92: 348 | K92: 400 | L92: 32000 | M92: 73.386285 | N92: 0.0125 | O92: 29.175 | P92: 264.7095 | Q92: 0.2 | R92: =P92/200000 -> 0.0013235475
B93: 16 | C93: 500 | D93: 2 | E93: 138 | F93: 3.269 | G93: 40 | H93: 48 | I93: 250 | J93: 348 | K93: 400 | L93: 32000 | M93: 73.386285 | N93: 0.0125 | O93: 32.09 | P93: 291.15776 | Q93: 0.25 | R93: =P93/200000 -> 0.0014557888
B94: 16 | C94: 500 | D94: 2 | E94: 138 | F94: 3.269 | G94: 40 | H94: 48 | I94: 250 | J94: 348 | K94: 400 | L94: 32000 | M94: 73.386285 | N94: 0.0125 | O94: 35.01 | P94: 317.6514 | Q94: 0.3 | R94: =P94/200000 -> 0.001588257
B95: 16 | C95: 500 | D95: 2 | E95: 138 | F95: 3.269 | G95: 40 | H95: 48 | I95: 250 | J95: 348 | K95: 400 | L95: 32000 | M95: 73.386285 | N95: 0.0125 | O95: 37.93 | P95: 344.14503 | Q95: 0.33 | R95: =P95/200000 -> 0.0017207251
B96: 16 | C96: 500 | D96: 2 | E96: 138 | F96: 3.269 | G96: 40 | H96: 48 | I96: 250 | J96: 348 | K96: 400 | L96: 32000 | M96: 73.386285 | N96: 0.0125 | O96: 40.84 | P96: 370.54793 | Q96: 0.38 | R96: =P96/200000 -> 0.0018527396
A97: Viga B2-a - Gilbert e Nejadi (2004) | B97: 16 | C97: 500 | D97: 2 | E97: 168 | F97: 3.269 | G97: 25 | H97: 33 | I97: 250 | J97: 333 | K97: 400 | L97: 12769 | M97: 73.386285 | N97: 0.015746098 | O97: 23.34 | P97: 211.7676 | Q97: 0.15 | R97: =P97/200000 -> 0.001058838
B98: 16 | C98: 500 | D98: 2 | E98: 168 | F98: 3.269 | G98: 25 | H98: 33 | I98: 250 | J98: 333 | K98: 400 | L98: 12769 | M98: 73.386285 | N98: 0.015746098 | O98: 26.26 | P98: 238.26123 | Q98: 0.18 | R98: =P98/200000 -> 0.0011913061
B99: 16 | C99: 500 | D99: 2 | E99: 168 | F99: 3.269 | G99: 25 | H99: 33 | I99: 250 | J99: 333 | K99: 400 | L99: 12769 | M99: 73.386285 | N99: 0.015746098 | O99: 29.175 | P99: 264.7095 | Q99: 0.2 | R99: =P99/200000 -> 0.0013235475
B100: 16 | C100: 500 | D100: 2 | E100: 168 | F100: 3.269 | G100: 25 | H100: 33 | I100: 250 | J100: 333 | K100: 400 | L100: 12769 | M100: 73.386285 | N100: 0.015746098 | O100: 32.09 | P100: 291.15776 | Q100: 0.23 | R100: =P100/200000 -> 0.0014557888
...

Sheet Modelos normativos
A1: Autor | B1: Diâmetro da armadura f (mm) | C1: Número de barras em uma camada | D1: Espaçamento entre as barras (mm) | E1: Resistência à tração do concreto fctm (MPa) | F1: Cobrimento c (mm) | G1: Distância ao centro de gravidade da armadura d' (mm) | H1: Linha neutra no Estádio II - XII (mm) | I1: Altura da viga - h (mm) | J1: Altura efetiva - d (mm) | K1: Linha neutra no Estádio I - Xg (mm) | L1: Altura efetiva da fib 2020 - hc,ef (mm) | M1: wexp (mm) | N1: fib Model Code 2010 - wmax | O1: Tensão na armadura ss (MPa) | P1: tensão na armadura no instante da fissuração do concreto ssr ( MPa) | Q1: Taxa de armadura | R1: wk/wexp | S1: fib Model Code 2020 - wmax | T1: Tensão na armadura ss (MPa) | U1: tensão na armadura no instante da fissuração do concreto ssr ( MPa) | V1: Taxa de armadura | W1: k1/r | X1: kfl | Y1: wk/wexp | Z1: Eurocode 2 - wmax | AA1: Tensão na armadura (MPa) | AB1: tensão na armadura no instante da fissuração do concreto (Sigmasr) MPa | AC1: Taxa de armadura | AD1: wk/wexp | AE1: NBR 6118 - wk1 - fissuração estabilizada | AF1: NBR 6118 - wk2 - fissuração não estabilizada | AG1: NBR 6118 | AH1: Tensão na armadura (MPa) | AI1: Taxa de armadura | AJ1: wk/wexp | AK1: GB 50010 | AM1: Valores nomalizados | AN1: fib Model Code 2010 - wmax | AO1: fib Model Code 2020 - wmax | AP1: Eurocode 2 - wmax | AQ1: NBR 6118 - wk1 - fissuração estabilizada
A2: Viga S200-1.76-20 - Sokolov et al (2021) | B2: 20 | C2: 2 | D2: 126 | E2: 4.1203405 | F2: 25 | G2: 39 | H2: 57.361777 | I2: 201 | J2: 162 | K2: 104 | L2: 136.5 | M2: 0.16 | N2: 0.12573407 | O2: 231.811 | P2: 90.135975 | Q2: 0.060723546 | R2: 0.78583793 | S2: 0.086159383 | T2: 231.811 | U2: 216 | V2: 0.021299688 | W2: =(I2-H2)/(J2-H2) -> 1.3727127 | X2: =0.5*(1+(I2-K2-L2)/(I2-K2)) -> 0.29639175 | Y2: 0.53849614 | Z2: 0.12529165 | AA2: 231.811 | AB2: 90.135975 | AC2: 0.060723546 | AD2: 0.78307283 | AE2: 0.26246779 | AF2: 0.15737968 | AG2: =SMALL(AE2:AF2,1) -> 0.15737968 | AH2: 246.56221 | AI2: 0.0157 | AJ2: 0.98362299 | AK2: 0.16205162 | AN2: =(N2-$N$344)/$N$345 -> -1.05408 | AO2: =(S2-$S$344)/$S$345 -> -1.5522679 | AP2: =(Z2-$Z$344)/$Z$345 -> -1.3311723 | AQ2: =(AE2-$AE$344)/$AE$345 -> -0.089428192
B3: 20 | C3: 2 | D3: 126 | E3: 4.1203405 | F3: 25 | G3: 39 | H3: 57.361777 | I3: 201 | J3: 162 | K3: 104 | L3: 136.5 | M3: 0.23 | N3: 0.17698216 | O3: 304.25194 | P3: 90.135975 | Q3: 0.060723546 | R3: 0.76948766 | S3: 0.14712654 | T3: 304.25194 | U3: 216 | V3: 0.021299688 | W3: =(I3-H3)/(J3-H3) -> 1.3727127 | X3: =0.5*(1+(I3-K3-L3)/(I3-K3)) -> 0.29639175 | Y3: 0.63968062 | Z3: 0.17635942 | AA3: 304.25194 | AB3: 90.135975 | AC3: 0.060723546 | AD3: 0.76678009 | AE3: 0.34448897 | AF3: 0.27111109 | AG3: =SMALL(AE3:AF3,1) -> 0.27111109 | AH3: 323.6129 | AI3: 0.0157 | AJ3: 1.1787439 | AK3: 0.24094825 | AN3: =(N3-$N$344)/$N$345 -> -0.45118079 | AO3: =(S3-$S$344)/$S$345 -> -0.81688488 | AP3: =(Z3-$Z$344)/$Z$345 -> -0.63752303 | AQ3: =(AE3-$AE$344)/$AE$345 -> 0.94419185
B4: 20 | C4: 2 | D4: 126 | E4: 4.1203405 | F4: 25 | G4: 39 | H4: 57.361777 | I4: 201 | J4: 162 | K4: 104 | L4: 136.5 | M4: 0.24 | N4: 0.18407805 | O4: 314.28223 | P4: 90.135975 | Q4: 0.060723546 | R4: 0.76699189 | S4: 0.15556815 | T4: 314.28223 | U4: 216 | V4: 0.021299688 | W4: =(I4-H4)/(J4-H4) -> 1.3727127 | X4: =0.5*(1+(I4-K4-L4)/(I4-K4)) -> 0.29639175 | Y4: 0.64820062 | Z4: 0.18343034 | AA4: 314.28223 | AB4: 90.135975 | AC4: 0.060723546 | AD4: 0.7642931 | AE4: 0.35584575 | AF4: 0.28928119 | AG4: =SMALL(AE4:AF4,1) -> 0.28928119 | AH4: 334.28146 | AI4: 0.0157 | AJ4: 1.2053383 | AK4: 0.2518724 | AN4: =(N4-$N$344)/$N$345 -> -0.36770243 | AO4: =(S4-$S$344)/$S$345 -> -0.71506261 | AP4: =(Z4-$Z$344)/$Z$345 -> -0.54147928 | AQ4: =(AE4-$AE$344)/$AE$345 -> 1.0873085
B5: 20 | C5: 2 | D5: 126 | E5: 4.1203405 | F5: 25 | G5: 39 | H5: 57.361777 | I5: 201 | J5: 162 | K5: 104 | L5: 136.5 | M5: 0.27 | N5: 0.21876907 | O5: 363.31917 | P5: 90.135975 | Q5: 0.060723546 | R5: 0.81025582 | S5: 0.19683823 | T5: 363.31917 | U5: 216 | V5: 0.021299688 | W5: =(I5-H5)/(J5-H5) -> 1.3727127 | X5: =0.5*(1+(I5-K5-L5)/(I5-K5)) -> 0.29639175 | Y5: 0.72903047 | Z5: 0.21799929 | AA5: 363.31917 | AB5: 90.135975 | AC5: 0.060723546 | AD5: 0.80740479 | AE5: 0.41136778 | AF5: 0.38659585 | AG5: =SMALL(AE5:AF5,1) -> 0.38659585 | AH5: 386.43885 | AI5: 0.0157 | AJ5: 1.4318365 | AK5: 0.30527935 | AN5: =(N5-$N$344)/$N$345 -> 0.040413982 | AO5: =(S5-$S$344)/$S$345 -> -0.21726485 | AP5: =(Z5-$Z$344)/$Z$345 -> -0.071932092 | AQ5: =(AE5-$AE$344)/$AE$345 -> 1.7869897
B6: 20 | C6: 2 | D6: 126 | E6: 4.1203405 | F6: 25 | G6: 39 | H6: 57.361777 | I6: 201 | J6: 162 | K6: 104 | L6: 136.5 | M6: 0.35 | N6: 0.28657424 | O6: 459.16411 | P6: 90.135975 | Q6: 0.060723546 | R6: 0.81878355 | S6: 0.27750247 | T6: 459.16411 | U6: 216 | V6: 0.021299688 | W6: =(I6-H6)/(J6-H6) -> 1.3727127 | X6: =0.5*(1+(I6-K6-L6)/(I6-K6)) -> 0.29639175 | Y6: 0.79286419 | Z6: 0.28556588 | AA6: 459.16411 | AB6: 90.135975 | AC6: 0.060723546 | AD6: 0.81590252 | AE6: 0.51988812 | AF6: 0.61747079 | AG6: =SMALL(AE6:AF6,1) -> 0.51988812 | AH6: 488.38285 | AI6: 0.0157 | AJ6: 1.4853946 | AK6: 0.40966565 | AN6: =(N6-$N$344)/$N$345 -> 0.83809607 | AO6: =(S6-$S$344)/$S$345 -> 0.7557035 | AP6: =(Z6-$Z$344)/$Z$345 -> 0.84581924 | AQ6: =(AE6-$AE$344)/$AE$345 -> 3.1545486
B7: 20 | C7: 2 | D7: 126 | E7: 4.1203405 | F7: 25 | G7: 39 | H7: 57.361777 | I7: 201 | J7: 162 | K7: 104 | L7: 136.5 | M7: 0.4 | N7: 0.31546345 | O7: 500 | P7: 90.135975 | Q7: 0.060723546 | R7: 0.78865864 | S7: 0.31187044 | T7: 500 | U7: 216 | V7: 0.021299688 | W7: =(I7-H7)/(J7-H7) -> 1.3727127 | X7: =0.5*(1+(I7-K7-L7)/(I7-K7)) -> 0.29639175 | Y7: 0.77967611 | Z7: 0.31435344 | AA7: 500 | AB7: 90.135975 | AC7: 0.060723546 | AD7: 0.78588361 | AE7: 0.53225469 | AF7: 0.6471957 | AG7: =SMALL(AE7:AF7,1) -> 0.53225469 | AH7: 500 | AI7: 0.0157 | AJ7: 1.3306367 | AK7: 0.44674901 | AN7: =(N7-$N$344)/$N$345 -> 1.1779582 | AO7: =(S7-$S$344)/$S$345 -> 1.1702484 | AP7: =(Z7-$Z$344)/$Z$345 -> 1.2368383 | AQ7: =(AE7-$AE$344)/$AE$345 -> 3.3103904
A8: Viga S600-0.37-10 - Sokolov et al (2021) | B8: 10 | C8: 8 | D8: 87.7 | E8: 4.1311268 | F8: 25 | G8: 53 | H8: 99.6964 | I8: 604 | J8: 551 | K8: 306 | L8: 141 | M8: 0.16 | N8: 0.17110696 | O8: 322.91972 | P8: 290.76849 | Q8: 0.015388385 | R8: 1.0694185 | S8: 0.13580673 | T8: 322.91972 | U8: 308 | V8: 0.014460717 | W8: =(I8-H8)/(J8-H8) -> 1.1174376 | X8: =0.5*(1+(I8-K8-L8)/(I8-K8)) -> 0.76342282 | Y8: 0.84879204 | Z8: 0.18936619 | AA8: 322.91972 | AB8: 290.76849 | AC8: 0.015388385 | AD8: 1.1835387 | AE8: 0.2432138 | AF8: 0.14484953 | AG8: =SMALL(AE8:AF8,1) -> 0.14484953 | AH8: 334.96038 | AI8: 0.011 | AJ8: 0.90530958 | AK8: 0.13946472 | AN8: =(N8-$N$344)/$N$345 -> -0.52029854 | AO8: =(S8-$S$344)/$S$345 -> -0.95342396 | AP8: =(Z8-$Z$344)/$Z$345 -> -0.46085319 | AQ8: =(AE8-$AE$344)/$AE$345 -> -0.3320644
B9: 10 | C9: 8 | D9: 87.7 | E9: 4.1311268 | F9: 25 | G9: 53 | H9: 99.6964 | I9: 604 | J9: 551 | K9: 306 | L9: 141 | M9: 0.18 | N9: 0.22285816 | O9: 367.82093 | P9: 290.76849 | Q9: 0.015388385 | R9: 1.2381009 | S9: 0.17995416 | T9: 367.82093 | U9: 308 | V9: 0.014460717 | W9: =(I9-H9)/(J9-H9) -> 1.1174376 | X9: =0.5*(1+(I9-K9-L9)/(I9-K9)) -> 0.76342282 | Y9: 0.99974531 | Z9: 0.21569711 | AA9: 367.82093 | AB9: 290.76849 | AC9: 0.015388385 | AD9: 1.1983173 | AE9: 0.2770321 | AF9: 0.18793205 | AG9: =SMALL(AE9:AF9,1) -> 0.18793205 | AH9: 381.53583 | AI9: 0.011 | AJ9: 1.044067 | AK9: 0.20408202 | AN9: =(N9-$N$344)/$N$345 -> 0.088519354 | AO9: =(S9-$S$344)/$S$345 -> -0.42091972 | AP9: =(Z9-$Z$344)/$Z$345 -> -0.10320252 | AQ9: =(AE9-$AE$344)/$AE$345 -> 0.094109315
B10: 10 | C10: 8 | D10: 87.7 | E10: 4.1311268 | F10: 25 | G10: 53 | H10: 99.6964 | I10: 604 | J10: 551 | K10: 306 | L10: 141 | M10: 0.26 | N10: 0.37520202 | O10: 500 | P10: 290.76849 | Q10: 0.015388385 | R10: 1.4430847 | S10: 0.30991424 | T10: 500 | U10: 308 | V10: 0.014460717 | W10: =(I10-H10)/(J10-H10) -> 1.1174376 | X10: =0.5*(1+(I10-K10-L10)/(I10-K10)) -> 0.76342282 | Y10: 1.1919778 | Z10: 0.31817022 | AA10: 500 | AB10: 290.76849 | AC10: 0.015388385 | AD10: 1.2237316 | AE10: 0.3630486 | AF10: 0.32275295 | AG10: =SMALL(AE10:AF10,1) -> 0.32275295 | AH10: 500 | AI10: 0.011 | AJ10: 1.2413575 | AK10: 0.34093873 | AN10: =(N10-$N$344)/$N$345 -> 1.8807421 | AO10: =(S10-$S$344)/$S$345 -> 1.1466528 | AP10: =(Z10-$Z$344)/$Z$345 -> 1.2886812 | AQ10: =(AE10-$AE$344)/$AE$345 -> 1.1780778
A11: Viga V1 - Oliveira (2007) | B11: 10 | C11: 4 | D11: 32.466667 | E11: 3.262 | F11: 25 | G11: 36 | H11: 95.721927 | I11: 600 | J11: 564 | K11: 304 | L11: 86 | M11: 0.16 | N11: 0.16007092 | O11: 285.04803 | P11: 207.32063 | Q11: 0.017444444 | R11: 1.0004432 | S11: 0.13868029 | T11: 285.04803 | U11: 199 | V11: 0.018255814 | W11: =(I11-H11)/(J11-H11) -> 1.0768774 | X11: =0.5*(1+(I11-K11-L11)/(I11-K11)) -> 0.85472973 | Y11: 0.86675181 | Z11: 0.14859328 | AA11: 285.04803 | AB11: 207.32063 | AC11: 0.017444444 | AD11: 0.92870802 | AE11: 0.184404 | AF11: 0.13403772 | AG11: =SMALL(AE11:AF11,1) -> 0.13403772 | AH11: 293.39369 | AI11: 0.0123 | AJ11: 0.83773573 | AK11: 0.14764128 | AN11: =(N11-$N$344)/$N$345 -> -0.65013018 | AO11: =(S11-$S$344)/$S$345 -> -0.91876317 | AP11: =(Z11-$Z$344)/$Z$345 -> -1.0146682 | AQ11: =(AE11-$AE$344)/$AE$345 -> -1.0731777
B12: 10 | C12: 4 | D12: 32.466667 | E12: 3.262 | F12: 25 | G12: 36 | H12: 95.721927 | I12: 600 | J12: 564 | K12: 304 | L12: 86 | M12: 0.2 | N12: 0.19987712 | O12: 324.99965 | P12: 207.32063 | Q12: 0.017444444 | R12: 0.99938561 | S12: 0.17212891 | T12: 324.99965 | U12: 199 | V12: 0.018255814 | W12: =(I12-H12)/(J12-H12) -> 1.0768774 | X12: =0.5*(1+(I12-K12-L12)/(I12-K12)) -> 0.85472973 | Y12: 0.86064456 | Z12: 0.17429163 | AA12: 324.99965 | AB12: 207.32063 | AC12: 0.017444444 | AD12: 0.87145816 | AE12: 0.2102496 | AF12: 0.17424355 | AG12: =SMALL(AE12:AF12,1) -> 0.17424355 | AH12: 334.51501 | AI12: 0.0123 | AJ12: 0.87121774 | AK12: 0.20261567 | AN12: =(N12-$N$344)/$N$345 -> -0.18183705 | AO12: =(S12-$S$344)/$S$345 -> -0.51530746 | AP12: =(Z12-$Z$344)/$Z$345 -> -0.66560963 | AQ12: =(AE12-$AE$344)/$AE$345 -> -0.74747487
B13: 10 | C13: 4 | D13: 32.466667 | E13: 3.262 | F13: 25 | G13: 36 | H13: 95.721927 | I13: 600 | J13: 564 | K13: 304 | L13: 86 | M13: 0.2 | N13: 0.24236689 | O13: 367.64463 | P13: 207.32063 | Q13: 0.017444444 | R13: 1.2118344 | S13: 0.20783249 | T13: 367.64463 | U13: 199 | V13: 0.018255814 | W13: =(I13-H13)/(J13-H13) -> 1.0768774 | X13: =0.5*(1+(I13-K13-L13)/(I13-K13)) -> 0.85472973 | Y13: 1.0391625 | Z13: 0.21134245 | AA13: 367.64463 | AB13: 207.32063 | AC13: 0.017444444 | AD13: 1.0567123 | AE13: 0.2378376 | AF13: 0.22297048 | AG13: =SMALL(AE13:AF13,1) -> 0.22297048 | AH13: 378.40856 | AI13: 0.0123 | AJ13: 1.1148524 | AK13: 0.2612962 | AN13: =(N13-$N$344)/$N$345 -> 0.31802639 | AO13: =(S13-$S$344)/$S$345 -> -0.08465248 | AP13: =(Z13-$Z$344)/$Z$345 -> -0.16235144 | AQ13: =(AE13-$AE$344)/$AE$345 -> -0.39981456
B14: 10 | C14: 4 | D14: 32.466667 | E14: 3.262 | F14: 25 | G14: 36 | H14: 95.721927 | I14: 600 | J14: 564 | K14: 304 | L14: 86 | M14: 0.24 | N14: 0.28530392 | O14: 410.7385 | P14: 207.32063 | Q14: 0.017444444 | R14: 1.1887663 | S14: 0.24391191 | T14: 410.7385 | U14: 199 | V14: 0.018255814 | W14: =(I14-H14)/(J14-H14) -> 1.0768774 | X14: =0.5*(1+(I14-K14-L14)/(I14-K14)) -> 0.85472973 | Y14: 1.0162996 | Z14: 0.24878328 | AA14: 410.7385 | AB14: 207.32063 | AC14: 0.017444444 | AD14: 1.036597 | AE14: 0.265716 | AF14: 0.27830548 | AG14: =SMALL(AE14:AF14,1) -> 0.265716 | AH14: 422.76414 | AI14: 0.0123 | AJ14: 1.10715 | AK14: 0.32059442 | AN14: =(N14-$N$344)/$N$345 -> 0.82315156 | AO14: =(S14-$S$344)/$S$345 -> 0.35053571 | AP14: =(Z14-$Z$344)/$Z$345 -> 0.3462042 | AQ14: =(AE14-$AE$344)/$AE$345 -> -0.048494681
B15: 10 | C15: 4 | D15: 32.466667 | E15: 3.262 | F15: 25 | G15: 36 | H15: 95.721927 | I15: 600 | J15: 564 | K15: 304 | L15: 86 | M15: 0.3 | N15: 0.31303408 | O15: 438.56996 | P15: 207.32063 | Q15: 0.017444444 | R15: 1.0434469 | S15: 0.26721319 | T15: 438.56996 | U15: 199 | V15: 0.018255814 | W15: =(I15-H15)/(J15-H15) -> 1.0768774 | X15: =0.5*(1+(I15-K15-L15)/(I15-K15)) -> 0.85472973 | Y15: 0.89071064 | Z15: 0.27296381 | AA15: 438.56996 | AB15: 207.32063 | AC15: 0.017444444 | AD15: 0.90987938 | AE15: 0.2837208 | AF15: 0.317299 | AG15: =SMALL(AE15:AF15,1) -> 0.2837208 | AH15: 451.41046 | AI15: 0.0123 | AJ15: 0.94573599 | AK15: 0.35889119 | AN15: =(N15-$N$344)/$N$345 -> 1.1493782 | AO15: =(S15-$S$344)/$S$345 -> 0.63159474 | AP15: =(Z15-$Z$344)/$Z$345 -> 0.67464639 | AQ15: =(AE15-$AE$344)/$AE$345 -> 0.17839941
B16: 10 | C16: 4 | D16: 32.466667 | E16: 3.262 | F16: 25 | G16: 36 | H16: 95.721927 | I16: 600 | J16: 564 | K16: 304 | L16: 86 | M16: 0.32 | N16: 0.37251976 | O16: 498.27294 | P16: 207.32063 | Q16: 0.017444444 | R16: 1.1641242 | S16: 0.31719821 | T16: 498.27294 | U16: 199 | V16: 0.018255814 | W16: =(I16-H16)/(J16-H16) -> 1.0768774 | X16: =0.5*(1+(I16-K16-L16)/(I16-K16)) -> 0.85472973 | Y16: 0.99124441 | Z16: 0.32483496 | AA16: 498.27294 | AB16: 207.32063 | AC16: 0.017444444 | AD16: 1.0151092 | AE16: 0.322344 | AF16: 0.40956754 | AG16: =SMALL(AE16:AF16,1) -> 0.322344 | AH16: 512.86142 | AI16: 0.0123 | AJ16: 1.007325 | AK16: 0.44104394 | AN16: =(N16-$N$344)/$N$345 -> 1.8491871 | AO16: =(S16-$S$344)/$S$345 -> 1.2345117 | AP16: =(Z16-$Z$344)/$Z$345 -> 1.3792079 | AQ16: =(AE16-$AE$344)/$AE$345 -> 0.66512383
B17: 10 | C17: 4 | D17: 32.466667 | E17: 3.262 | F17: 25 | G17: 36 | H17: 95.721927 | I17: 600 | J17: 564 | K17: 304 | L17: 86 | M17: 0.38 | N17: 0.37699236 | O17: 502.76188 | P17: 207.32063 | Q17: 0.017444444 | R17: 0.99208516 | S17: 0.32095648 | T17: 502.76188 | U17: 199 | V17: 0.018255814 | W17: =(I17-H17)/(J17-H17) -> 1.0768774 | X17: =0.5*(1+(I17-K17-L17)/(I17-K17)) -> 0.85472973 | Y17: 0.84462232 | Z17: 0.32873504 | AA17: 502.76188 | AB17: 207.32063 | AC17: 0.017444444 | AD17: 0.86509222 | AE17: 0.325248 | AF17: 0.41698038 | AG17: =SMALL(AE17:AF17,1) -> 0.325248 | AH17: 517.48179 | AI17: 0.0123 | AJ17: 0.85591578 | AK17: 0.44722083 | AN17: =(N17-$N$344)/$N$345 -> 1.9018043 | AO17: =(S17-$S$344)/$S$345 -> 1.2798438 | AP17: =(Z17-$Z$344)/$Z$345 -> 1.4321824 | AQ17: =(AE17-$AE$344)/$AE$345 -> 0.70171965
B18: 10 | C18: 4 | D18: 32.466667 | E18: 3.262 | F18: 25 | G18: 36 | H18: 95.721927 | I18: 600 | J18: 564 | K18: 304 | L18: 86 | M18: 0.42 | N18: 0.41277322 | O18: 538.67345 | P18: 207.32063 | Q18: 0.017444444 | R18: 0.98279338 | S18: 0.35102266 | T18: 538.67345 | U18: 199 | V18: 0.018255814 | W18: =(I18-H18)/(J18-H18) -> 1.0768774 | X18: =0.5*(1+(I18-K18-L18)/(I18-K18)) -> 0.85472973 | Y18: 0.83576823 | Z18: 0.35993573 | AA18: 538.67345 | AB18: 207.32063 | AC18: 0.017444444 | AD18: 0.85698984 | AE18: 0.34848 | AF18: 0.47867645 | AG18: =SMALL(AE18:AF18,1) -> 0.34848 | AH18: 554.44478 | AI18: 0.0123 | AJ18: 0.82971428 | AK18: 0.49663602 | AN18: =(N18-$N$344)/$N$345 -> 2.3227419 | AO18: =(S18-$S$344)/$S$345 -> 1.6425006 | AP18: =(Z18-$Z$344)/$Z$345 -> 1.8559788 | AQ18: =(AE18-$AE$344)/$AE$345 -> 0.99448622
B19: 10 | C19: 4 | D19: 32.466667 | E19: 3.262 | F19: 25 | G19: 36 | H19: 95.721927 | I19: 600 | J19: 564 | K19: 304 | L19: 86 | M19: 0.44 | N19: 0.50177465 | O19: 628 | P19: 207.32063 | Q19: 0.017444444 | R19: 1.1403969 | S19: 0.42580937 | T19: 628 | U19: 199 | V19: 0.018255814 | W19: =(I19-H19)/(J19-H19) -> 1.0768774 | X19: =0.5*(1+(I19-K19-L19)/(I19-K19)) -> 0.85472973 | Y19: 0.96774858 | Z19: 0.43754444 | AA19: 628 | AB19: 207.32063 | AC19: 0.017444444 | AD19: 0.99441919 | AE19: 0.39471097 | AF19: 0.61410801 | AG19: =SMALL(AE19:AF19,1) -> 0.39471097 | AH19: 628 | AI19: 0.0123 | AJ19: 0.8970704 | AK19: 0.55229539 | AN19: =(N19-$N$344)/$N$345 -> 3.3697837 | AO19: =(S19-$S$344)/$S$345 -> 2.5445745 | AP19: =(Z19-$Z$344)/$Z$345 -> 2.9101314 | AQ19: =(AE19-$AE$344)/$AE$345 -> 1.5770829
B20: 10 | C20: 4 | D20: 32.466667 | E20: 3.262 | F20: 25 | G20: 36 | H20: 95.721927 | I20: 600 | J20: 564 | K20: 304 | L20: 86 | M20: 0.5 | N20: 0.50177465 | O20: 628 | P20: 207.32063 | Q20: 0.017444444 | R20: 1.0035493 | S20: 0.42580937 | T20: 628 | U20: 199 | V20: 0.018255814 | W20: =(I20-H20)/(J20-H20) -> 1.0768774 | X20: =0.5*(1+(I20-K20-L20)/(I20-K20)) -> 0.85472973 | Y20: 0.85161875 | Z20: 0.43754444 | AA20: 628 | AB20: 207.32063 | AC20: 0.017444444 | AD20: 0.87508889 | AE20: 0.39471097 | AF20: 0.61410801 | AG20: =SMALL(AE20:AF20,1) -> 0.39471097 | AH20: 628 | AI20: 0.0123 | AJ20: 0.78942195 | AK20: 0.55229539 | AN20: =(N20-$N$344)/$N$345 -> 3.3697837 | AO20: =(S20-$S$344)/$S$345 -> 2.5445745 | AP20: =(Z20-$Z$344)/$Z$345 -> 2.9101314 | AQ20: =(AE20-$AE$344)/$AE$345 -> 1.5770829
A21: Viga V2 - Oliveira (2007) | B21: 10 | C21: 4 | D21: 32.466667 | E21: 3.514 | F21: 25 | G21: 36 | H21: 87.120679 | I21: 600 | J21: 564 | K21: 303 | L21: 86 | M21: 0.24 | N21: 0.18922989 | O21: 321.47188 | P21: 219.25122 | Q21: 0.017444444 | R21: 0.78845789 | S21: 0.16333872 | T21: 321.47188 | U21: 210 | V21: 0.018255814 | W21: =(I21-H21)/(J21-H21) -> 1.0754908 | X21: =0.5*(1+(I21-K21-L21)/(I21-K21)) -> 0.85521886 | Y21: 0.680578 | Z21: 0.16758074 | AA21: 321.47188 | AB21: 219.25122 | AC21: 0.017444444 | AD21: 0.6982531 | AE21: 0.209088 | AF21: 0.15996566 | AG21: =SMALL(AE21:AF21,1) -> 0.15996566 | AH21: 332.66687 | AI21: 0.0123 | AJ21: 0.66652359 | AK21: 0.18124941 | AN21: =(N21-$N$344)/$N$345 -> -0.30709451 | AO21: =(S21-$S$344)/$S$345 -> -0.62133432 | AP21: =(Z21-$Z$344)/$Z$345 -> -0.75676307 | AQ21: =(AE21-$AE$344)/$AE$345 -> -0.76211319
B22: 10 | C22: 4 | D22: 32.466667 | E22: 3.514 | F22: 25 | G22: 36 | H22: 87.120679 | I22: 600 | J22: 564 | K22: 303 | L22: 86 | M22: 0.3 | N22: 0.22481898 | O22: 357.19097 | P22: 219.25122 | Q22: 0.017444444 | R22: 0.74939662 | S22: 0.1932134 | T22: 357.19097 | U22: 210 | V22: 0.018255814 | W22: =(I22-H22)/(J22-H22) -> 1.0754908 | X22: =0.5*(1+(I22-K22-L22)/(I22-K22)) -> 0.85521886 | Y22: 0.64404467 | Z22: 0.19604079 | AA22: 357.19097 | AB22: 219.25122 | AC22: 0.017444444 | AD22: 0.65346929 | AE22: 0.23232 | AF22: 0.19748847 | AG22: =SMALL(AE22:AF22,1) -> 0.19748847 | AH22: 369.62985 | AI22: 0.0123 | AJ22: 0.6582949 | AK22: 0.2306646 | AN22: =(N22-$N$344)/$N$345 -> 0.11158714 | AO22: =(S22-$S$344)/$S$345 -> -0.26098733 | AP22: =(Z22-$Z$344)/$Z$345 -> -0.37019269 | AQ22: =(AE22-$AE$344)/$AE$345 -> -0.46934663
B23: 10 | C23: 4 | D23: 32.466667 | E23: 3.514 | F23: 25 | G23: 36 | H23: 87.120679 | I23: 600 | J23: 564 | K23: 303 | L23: 86 | M23: 0.3 | N23: 0.23816489 | O23: 370.58564 | P23: 219.25122 | Q23: 0.017444444 | R23: 0.79388298 | S23: 0.2044164 | T23: 370.58564 | U23: 210 | V23: 0.018255814 | W23: =(I23-H23)/(J23-H23) -> 1.0754908 | X23: =0.5*(1+(I23-K23-L23)/(I23-K23)) -> 0.85521886 | Y23: 0.68138802 | Z23: 0.20767834 | AA23: 370.58564 | AB23: 219.25122 | AC23: 0.017444444 | AD23: 0.69226113 | AE23: 0.241032 | AF23: 0.21257782 | AG23: =SMALL(AE23:AF23,1) -> 0.21257782 | AH23: 383.49097 | AI23: 0.0123 | AJ23: 0.70859275 | AK23: 0.24919529 | AN23: =(N23-$N$344)/$N$345 -> 0.26859276 | AO23: =(S23-$S$344)/$S$345 -> -0.1258572 | AP23: =(Z23-$Z$344)/$Z$345 -> -0.21212079 | AQ23: =(AE23-$AE$344)/$AE$345 -> -0.35955916
B24: 10 | C24: 4 | D24: 32.466667 | E24: 3.514 | F24: 25 | G24: 36 | H24: 87.120679 | I24: 600 | J24: 564 | K24: 303 | L24: 86 | M24: 0.3 | N24: 0.26040808 | O24: 392.91007 | P24: 219.25122 | Q24: 0.017444444 | R24: 0.86802692 | S24: 0.22308808 | T24: 392.91007 | U24: 210 | V24: 0.018255814 | W24: =(I24-H24)/(J24-H24) -> 1.0754908 | X24: =0.5*(1+(I24-K24-L24)/(I24-K24)) -> 0.85521886 | Y24: 0.74362693 | Z24: 0.22707426 | AA24: 392.91007 | AB24: 219.25122 | AC24: 0.017444444 | AD24: 0.75691419 | AE24: 0.255552 | AF24: 0.23896105 | AG24: =SMALL(AE24:AF24,1) -> 0.23896105 | AH24: 406.59284 | AI24: 0.0123 | AJ24: 0.79653683 | AK24: 0.28007978 | AN24: =(N24-$N$344)/$N$345 -> 0.53026879 | AO24: =(S24-$S$344)/$S$345 -> 0.099359674 | AP24: =(Z24-$Z$344)/$Z$345 -> 0.051332369 | AQ24: =(AE24-$AE$344)/$AE$345 -> -0.17658006
B25: 10 | C25: 4 | D25: 32.466667 | E25: 3.514 | F25: 25 | G25: 36 | H25: 87.120679 | I25: 600 | J25: 564 | K25: 303 | L25: 86 | M25: 0.38 | N25: 0.29154853 | O25: 424.16428 | P25: 219.25122 | Q25: 0.017444444 | R25: 0.76723298 | S25: 0.24922842 | T25: 424.16428 | U25: 210 | V25: 0.018255814 | W25: =(I25-H25)/(J25-H25) -> 1.0754908 | X25: =0.5*(1+(I25-K25-L25)/(I25-K25)) -> 0.85521886 | Y25: 0.65586427 | Z25: 0.25422854 | AA25: 424.16428 | AB25: 219.25122 | AC25: 0.017444444 | AD25: 0.66902248 | AE25: 0.27588 | AF25: 0.2784896 | AG25: =SMALL(AE25:AF25,1) -> 0.27588 | AH25: 438.93545 | AI25: 0.0123 | AJ25: 0.72599999 | AK25: 0.32331807 | AN25: =(N25-$N$344)/$N$345 -> 0.89661524 | AO25: =(S25-$S$344)/$S$345 -> 0.4146633 | AP25: =(Z25-$Z$344)/$Z$345 -> 0.4201668 | AQ25: =(AE25-$AE$344)/$AE$345 -> 0.079590693
B26: 10 | C26: 4 | D26: 32.466667 | E26: 3.514 | F26: 25 | G26: 36 | H26: 87.120679 | I26: 600 | J26: 564 | K26: 303 | L26: 86 | M26: 0.44 | N26: 0.35827808 | O26: 491.13759 | P26: 219.25122 | Q26: 0.017444444 | R26: 0.81426836 | S26: 0.30524345 | T26: 491.13759 | U26: 210 | V26: 0.018255814 | W26: =(I26-H26)/(J26-H26) -> 1.0754908 | X26: =0.5*(1+(I26-K26-L26)/(I26-K26)) -> 0.85521886 | Y26: 0.69373511 | Z26: 0.3124163 | AA26: 491.13759 | AB26: 219.25122 | AC26: 0.017444444 | AD26: 0.71003705 | AE26: 0.31944 | AF26: 0.37337664 | AG26: =SMALL(AE26:AF26,1) -> 0.31944 | AH26: 508.24104 | AI26: 0.0123 | AJ26: 0.72599999 | AK26: 0.41597154 | AN26: =(N26-$N$344)/$N$345 -> 1.6816433 | AO26: =(S26-$S$344)/$S$345 -> 1.0903139 | AP26: =(Z26-$Z$344)/$Z$345 -> 1.2105263 | AQ26: =(AE26-$AE$344)/$AE$345 -> 0.62852801
A27: Viga T1F000 - Silva Neto (2017) | B27: 16 | C27: 4 | D27: 37 | E27: 4.2588 | F27: 33 | G27: 59 | H27: 86 | I27: 250 | J27: 191 | K27: 132 | L27: 132 | M27: 0.18 | N27: 0.053441767 | O27: 140.04197 | P27: 60 | Q27: 0.1168 | R27: 0.29689871 | S27: 0.054713257 | T27: 140.04197 | U27: 128 | V27: 0.0408 | W27: =(I27-H27)/(J27-H27) -> 1.5619048 | X27: =0.5*(1+(I27-K27-L27)/(I27-K27)) -> 0.44067797 | Y27: 0.30396254 | Z27: 0.069589927 | AA27: 140.04197 | AB27: 60 | AC27: 0.1168 | AD27: 0.38661071 | AE27: 0.049777664 | AF27: 0.044458845 | AG27: =SMALL(AE27:AF27,1) -> 0.044458845 | AH27: 150.07086 | AI27: 0.0545 | AJ27: 0.24699358 | AK27: 0.079237069 | AN27: =(N27-$N$344)/$N$345 -> -1.9045502 | AO27: =(S27-$S$344)/$S$345 -> -1.9315696 | AP27: =(Z27-$Z$344)/$Z$345 -> -2.0877642 | AQ27: =(AE27-$AE$344)/$AE$345 -> -2.7697208
B28: 16 | C28: 4 | D28: 37 | E28: 4.2588 | F28: 33 | G28: 59 | H28: 86 | I28: 250 | J28: 191 | K28: 132 | L28: 132 | M28: 0.2 | N28: 0.084991923 | O28: 201.59887 | P28: 60 | Q28: 0.1168 | R28: 0.42495961 | S28: 0.10778702 | T28: 201.59887 | U28: 128 | V28: 0.0408 | W28: =(I28-H28)/(J28-H28) -> 1.5619048 | X28: =0.5*(1+(I28-K28-L28)/(I28-K28)) -> 0.44067797 | Y28: 0.5389351 | Z28: 0.11067339 | AA28: 201.59887 | AB28: 60 | AC28: 0.1168 | AD28: 0.55336696 | AE28: 0.071657956 | AF28: 0.092133587 | AG28: =SMALL(AE28:AF28,1) -> 0.071657956 | AH28: 216.03608 | AI28: 0.0545 | AJ28: 0.35828978 | AK28: 0.13357427 | AN28: =(N28-$N$344)/$N$345 -> -1.5333839 | AO28: =(S28-$S$344)/$S$345 -> -1.2913964 | AP28: =(Z28-$Z$344)/$Z$345 -> -1.5297309 | AQ28: =(AE28-$AE$344)/$AE$345 -> -2.4939883
B29: 16 | C29: 4 | D29: 37 | E29: 4.2588 | F29: 33 | G29: 59 | H29: 86 | I29: 250 | J29: 191 | K29: 132 | L29: 132 | M29: 0.26 | N29: 0.10668265 | O29: 243.91925 | P29: 60 | Q29: 0.1168 | R29: 0.4103179 | S29: 0.14427523 | T29: 243.91925 | U29: 128 | V29: 0.0408 | W29: =(I29-H29)/(J29-H29) -> 1.5619048 | X29: =0.5*(1+(I29-K29-L29)/(I29-K29)) -> 0.44067797 | Y29: 0.55490474 | Z29: 0.13891828 | AA29: 243.91925 | AB29: 60 | AC29: 0.1168 | AD29: 0.53430106 | AE29: 0.086700657 | AF29: 0.13487577 | AG29: =SMALL(AE29:AF29,1) -> 0.086700657 | AH29: 261.38716 | AI29: 0.0545 | AJ29: 0.33346406 | AK29: 0.17093109 | AN29: =(N29-$N$344)/$N$345 -> -1.2782071 | AO29: =(S29-$S$344)/$S$345 -> -0.85127724 | AP29: =(Z29-$Z$344)/$Z$345 -> -1.146083 | AQ29: =(AE29-$AE$344)/$AE$345 -> -2.3044222
B30: 16 | C30: 4 | D30: 37 | E30: 4.2588 | F30: 33 | G30: 59 | H30: 86 | I30: 250 | J30: 191 | K30: 132 | L30: 132 | M30: 0.44 | N30: 0.14257096 | O30: 313.94023 | P30: 60 | Q30: 0.1168 | R30: 0.3240249 | S30: 0.20464664 | T30: 313.94023 | U30: 128 | V30: 0.0408 | W30: =(I30-H30)/(J30-H30) -> 1.5619048 | X30: =0.5*(1+(I30-K30-L30)/(I30-K30)) -> 0.44067797 | Y30: 0.46510599 | Z30: 0.18565072 | AA30: 313.94023 | AB30: 60 | AC30: 0.1168 | AD30: 0.42193345 | AE30: 0.11158949 | AF30: 0.22342704 | AG30: =SMALL(AE30:AF30,1) -> 0.11158949 | AH30: 336.42259 | AI30: 0.0545 | AJ30: 0.25361247 | AK30: 0.23273965 | AN30: =(N30-$N$344)/$N$345 -> -0.85600542 | AO30: =(S30-$S$344)/$S$345 -> -0.12308014 | AP30: =(Z30-$Z$344)/$Z$345 -> -0.51132012 | AQ30: =(AE30-$AE$344)/$AE$345 -> -1.9907764
