Workbook

Sheet Dataset com TS variável MC2010
P1: Opção 3 de equação | S1: Opção 4 de equação
P2: A1 | Q2: 1.728 | S2: A1 | T2: 0.392
P3: A2 | Q3: 0.011 | S3: A2 | T3: 1.148
P4: A3 | Q4: 0.339 | S4: A3 | T4: 0.854
P5: A4 | Q5: 1.102 | S5: A4 | T5: 0.555
P6: A5 | Q6: -0.495 | S6: A5 | T6: -0.686
P7: A6 | Q7: 0.838 | S7: A6 | T7: 1.952
A9: Autor | B9: Inputs | K9: Output
B10: Diâmetro da armadura (mm) | C10: Resistência do aço - fy (MPa) | D10: Número de barras em uma camada | E10: Espaçamento entre as barras (mm) | F10: Resistência à tração do concreto (MPa) | G10: Cobrimento (mm) | H10: Distância ao centro de gravidade da armadura (mm) | I10: Taxa de armadura | J10: Tensão na armadura menos tension stiffening (MPa) | K10: w (mm) | L10: Deformação na armadura menos tension stiffening (MPa)
A11: Viga S200-1.76-20 - Sokolov et al (2021) | B11: 20 | C11: 500 | D11: 2 | E11: 126 | F11: 4.1203405 | G11: 25 | H11: 39 | I11: 0.060723546 | J11: 185.31436 | K11: 0.16 | L11: =J11/200000 -> 0.00092657181 | P11: =$Q$2*($Q$3*$G11+$Q$4*$B11^$Q$5*$I11^$Q$6)*$L11^$Q$7 -> 0.18415873 | Q11: =P11/$K11 -> 1.1509921 | S11: =$T$2*$B11^$T$3*$L11^$T$4*($T$5*$I11^$T$6+$T$7) -> 0.18022921 | T11: =S11/$K11 -> 1.1264326
B12: 20 | C12: 500 | D12: 2 | E12: 126 | F12: 4.1203405 | G12: 25 | H12: 39 | I12: 0.060723546 | J12: 270.65736 | K12: 0.23 | L12: =J12/200000 -> 0.0013532868 | P12: =$Q$2*($Q$3*$G12+$Q$4*$B12^$Q$5*$I12^$Q$6)*$L12^$Q$7 -> 0.25296029 | Q12: =P12/$K12 -> 1.0998273 | S12: =$T$2*$B12^$T$3*$L12^$T$4*($T$5*$I12^$T$6+$T$7) -> 0.24906768 | T12: =S12/$K12 -> 1.082903
B13: 20 | C13: 500 | D13: 2 | E13: 126 | F13: 4.1203405 | G13: 25 | H13: 39 | I13: 0.060723546 | J13: 284.1029 | K13: 0.24 | L13: =J13/200000 -> 0.0014205145 | P13: =$Q$2*($Q$3*$G13+$Q$4*$B13^$Q$5*$I13^$Q$6)*$L13^$Q$7 -> 0.26344934 | Q13: =P13/$K13 -> 1.0977056 | S13: =$T$2*$B13^$T$3*$L13^$T$4*($T$5*$I13^$T$6+$T$7) -> 0.25959663 | T13: =S13/$K13 -> 1.0816526
B14: 20 | C14: 500 | D14: 2 | E14: 126 | F14: 4.1203405 | G14: 25 | H14: 39 | I14: 0.060723546 | J14: 347.37006 | K14: 0.27 | L14: =J14/200000 -> 0.0017368503 | P14: =$Q$2*($Q$3*$G14+$Q$4*$B14^$Q$5*$I14^$Q$6)*$L14^$Q$7 -> 0.31179456 | Q14: =P14/$K14 -> 1.1547947 | S14: =$T$2*$B14^$T$3*$L14^$T$4*($T$5*$I14^$T$6+$T$7) -> 0.30822476 | T14: =S14/$K14 -> 1.1415732
B15: 20 | C15: 500 | D15: 2 | E15: 126 | F15: 4.1203405 | G15: 25 | H15: 39 | I15: 0.060723546 | J15: 454.40943 | K15: 0.35 | L15: =J15/200000 -> 0.0022720472 | P15: =$Q$2*($Q$3*$G15+$Q$4*$B15^$Q$5*$I15^$Q$6)*$L15^$Q$7 -> 0.3905039 | Q15: =P15/$K15 -> 1.1157254 | S15: =$T$2*$B15^$T$3*$L15^$T$4*($T$5*$I15^$T$6+$T$7) -> 0.38769558 | T15: =S15/$K15 -> 1.1077017
B16: 20 | C16: 500 | D16: 2 | E16: 126 | F16: 4.1203405 | G16: 25 | H16: 39 | I16: 0.060723546 | J16: 500 | K16: 0.4 | L16: =J16/200000 -> 0.0025 | P16: =$Q$2*($Q$3*$G16+$Q$4*$B16^$Q$5*$I16^$Q$6)*$L16^$Q$7 -> 0.42307891 | Q16: =P16/$K16 -> 1.0576973 | S16: =$T$2*$B16^$T$3*$L16^$T$4*($T$5*$I16^$T$6+$T$7) -> 0.42067936 | T16: =S16/$K16 -> 1.0516984
A17: Viga S600-0.37-10 - Sokolov et al (2021) | B17: 10 | C17: 500 | D17: 8 | E17: 87.7 | F17: 4.1311268 | G17: 25 | H17: 53 | I17: 0.015388385 | J17: 230.46115 | K17: 0.16 | L17: =J17/200000 -> 0.0011523057 | P17: =$Q$2*($Q$3*$G17+$Q$4*$B17^$Q$5*$I17^$Q$6)*$L17^$Q$7 -> 0.203325 | Q17: =P17/$K17 -> 1.2707812 | S17: =$T$2*$B17^$T$3*$L17^$T$4*($T$5*$I17^$T$6+$T$7) -> 0.19915306 | T17: =S17/$K17 -> 1.2447066
B18: 10 | C18: 500 | D18: 8 | E18: 87.7 | F18: 4.1311268 | G18: 25 | H18: 53 | I18: 0.015388385 | J18: 305.35368 | K18: 0.18 | L18: =J18/200000 -> 0.0015267684 | P18: =$Q$2*($Q$3*$G18+$Q$4*$B18^$Q$5*$I18^$Q$6)*$L18^$Q$7 -> 0.25739431 | Q18: =P18/$K18 -> 1.4299684 | S18: =$T$2*$B18^$T$3*$L18^$T$4*($T$5*$I18^$T$6+$T$7) -> 0.25325056 | T18: =S18/$K18 -> 1.4069476
B19: 10 | C19: 500 | D19: 8 | E19: 87.7 | F19: 4.1311268 | G19: 25 | H19: 53 | I19: 0.015388385 | J19: 497.51538 | K19: 0.26 | L19: =J19/200000 -> 0.0024875769 | P19: =$Q$2*($Q$3*$G19+$Q$4*$B19^$Q$5*$I19^$Q$6)*$L19^$Q$7 -> 0.38748754 | Q19: =P19/$K19 -> 1.4903367 | S19: =$T$2*$B19^$T$3*$L19^$T$4*($T$5*$I19^$T$6+$T$7) -> 0.38423886 | T19: =S19/$K19 -> 1.4778418
A20: Viga V1 - Oliveira (2007) | B20: 10 | C20: 628 | D20: 4 | E20: 32.466667 | F20: 3.262 | G20: 25 | H20: 36 | I20: 0.017444444 | J20: 173.6503 | K20: 0.16 | L20: =J20/200000 -> 0.00086825151 | P20: =$Q$2*($Q$3*$G20+$Q$4*$B20^$Q$5*$I20^$Q$6)*$L20^$Q$7 -> 0.15081563 | Q20: =P20/$K20 -> 0.9425977 | S20: =$T$2*$B20^$T$3*$L20^$T$4*($T$5*$I20^$T$6+$T$7) -> 0.14565419 | T20: =S20/$K20 -> 0.91033866
B21: 10 | C21: 628 | D21: 4 | E21: 32.466667 | F21: 3.262 | G21: 25 | H21: 36 | I21: 0.017444444 | J21: 238.73913 | K21: 0.2 | L21: =J21/200000 -> 0.0011936956 | P21: =$Q$2*($Q$3*$G21+$Q$4*$B21^$Q$5*$I21^$Q$6)*$L21^$Q$7 -> 0.19692381 | Q21: =P21/$K21 -> 0.98461906 | S21: =$T$2*$B21^$T$3*$L21^$T$4*($T$5*$I21^$T$6+$T$7) -> 0.19115551 | T21: =S21/$K21 -> 0.95577754
B22: 10 | C22: 628 | D22: 4 | E22: 32.466667 | F22: 3.262 | G22: 25 | H22: 36 | I22: 0.017444444 | J22: 305.6485 | K22: 0.2 | L22: =J22/200000 -> 0.0015282425 | P22: =$Q$2*($Q$3*$G22+$Q$4*$B22^$Q$5*$I22^$Q$6)*$L22^$Q$7 -> 0.24222252 | Q22: =P22/$K22 -> 1.2111126 | S22: =$T$2*$B22^$T$3*$L22^$T$4*($T$5*$I22^$T$6+$T$7) -> 0.23605863 | T22: =S22/$K22 -> 1.1802931
B23: 10 | C23: 628 | D23: 4 | E23: 32.466667 | F23: 3.262 | G23: 25 | H23: 36 | I23: 0.017444444 | J23: 366.5479 | K23: 0.24 | L23: =J23/200000 -> 0.0018327395 | P23: =$Q$2*($Q$3*$G23+$Q$4*$B23^$Q$5*$I23^$Q$6)*$L23^$Q$7 -> 0.2820589 | Q23: =P23/$K23 -> 1.1752454 | S23: =$T$2*$B23^$T$3*$L23^$T$4*($T$5*$I23^$T$6+$T$7) -> 0.27568155 | T23: =S23/$K23 -> 1.1486731
B24: 10 | C24: 628 | D24: 4 | E24: 32.466667 | F24: 3.262 | G24: 25 | H24: 36 | I24: 0.017444444 | J24: 399.44172 | K24: 0.3 | L24: =J24/200000 -> 0.0019972086 | P24: =$Q$2*($Q$3*$G24+$Q$4*$B24^$Q$5*$I24^$Q$6)*$L24^$Q$7 -> 0.30312114 | Q24: =P24/$K24 -> 1.0104038 | S24: =$T$2*$B24^$T$3*$L24^$T$4*($T$5*$I24^$T$6+$T$7) -> 0.29667522 | T24: =S24/$K24 -> 0.98891741
B25: 10 | C25: 628 | D25: 4 | E25: 32.466667 | F25: 3.262 | G25: 25 | H25: 36 | I25: 0.017444444 | J25: 498.04874 | K25: 0.32 | L25: =J25/200000 -> 0.0024902437 | P25: =$Q$2*($Q$3*$G25+$Q$4*$B25^$Q$5*$I25^$Q$6)*$L25^$Q$7 -> 0.3646801 | Q25: =P25/$K25 -> 1.1396253 | S25: =$T$2*$B25^$T$3*$L25^$T$4*($T$5*$I25^$T$6+$T$7) -> 0.35818733 | T25: =S25/$K25 -> 1.1193354
B26: 10 | C26: 628 | D26: 4 | E26: 32.466667 | F26: 3.262 | G26: 25 | H26: 36 | I26: 0.017444444 | J26: 502.76188 | K26: 0.38 | L26: =J26/200000 -> 0.0025138094 | P26: =$Q$2*($Q$3*$G26+$Q$4*$B26^$Q$5*$I26^$Q$6)*$L26^$Q$7 -> 0.36756986 | Q26: =P26/$K26 -> 0.96728912 | S26: =$T$2*$B26^$T$3*$L26^$T$4*($T$5*$I26^$T$6+$T$7) -> 0.36108005 | T26: =S26/$K26 -> 0.95021067
B27: 10 | C27: 628 | D27: 4 | E27: 32.466667 | F27: 3.262 | G27: 25 | H27: 36 | I27: 0.017444444 | J27: 538.67345 | K27: 0.42 | L27: =J27/200000 -> 0.0026933672 | P27: =$Q$2*($Q$3*$G27+$Q$4*$B27^$Q$5*$I27^$Q$6)*$L27^$Q$7 -> 0.38944764 | Q27: =P27/$K27 -> 0.92725629 | S27: =$T$2*$B27^$T$3*$L27^$T$4*($T$5*$I27^$T$6+$T$7) -> 0.38299411 | T27: =S27/$K27 -> 0.91189073
B28: 10 | C28: 628 | D28: 4 | E28: 32.466667 | F28: 3.262 | G28: 25 | H28: 36 | I28: 0.017444444 | J28: 628 | K28: 0.44 | L28: =J28/200000 -> 0.00314 | P28: =$Q$2*($Q$3*$G28+$Q$4*$B28^$Q$5*$I28^$Q$6)*$L28^$Q$7 -> 0.44288241 | Q28: =P28/$K28 -> 1.0065509 | S28: =$T$2*$B28^$T$3*$L28^$T$4*($T$5*$I28^$T$6+$T$7) -> 0.43661394 | T28: =S28/$K28 -> 0.9923044
B29: 10 | C29: 628 | D29: 4 | E29: 32.466667 | F29: 3.262 | G29: 25 | H29: 36 | I29: 0.017444444 | J29: 628 | K29: 0.5 | L29: =J29/200000 -> 0.00314 | P29: =$Q$2*($Q$3*$G29+$Q$4*$B29^$Q$5*$I29^$Q$6)*$L29^$Q$7 -> 0.44288241 | Q29: =P29/$K29 -> 0.88576483 | S29: =$T$2*$B29^$T$3*$L29^$T$4*($T$5*$I29^$T$6+$T$7) -> 0.43661394 | T29: =S29/$K29 -> 0.87322787
A30: Viga V2 - Oliveira (2007) | B30: 10 | C30: 628 | D30: 4 | E30: 32.466667 | F30: 3.514 | G30: 25 | H30: 36 | I30: 0.017444444 | J30: 246.62969 | K30: 0.24 | L30: =J30/200000 -> 0.0012331485 | P30: =$Q$2*($Q$3*$G30+$Q$4*$B30^$Q$5*$I30^$Q$6)*$L30^$Q$7 -> 0.20236354 | Q30: =P30/$K30 -> 0.84318141 | S30: =$T$2*$B30^$T$3*$L30^$T$4*($T$5*$I30^$T$6+$T$7) -> 0.19653812 | T30: =S30/$K30 -> 0.81890883
B31: 10 | C31: 628 | D31: 4 | E31: 32.466667 | F31: 3.514 | G31: 25 | H31: 36 | I31: 0.017444444 | J31: 335.69608 | K31: 0.3 | L31: =J31/200000 -> 0.0016784804 | P31: =$Q$2*($Q$3*$G31+$Q$4*$B31^$Q$5*$I31^$Q$6)*$L31^$Q$7 -> 0.26202409 | Q31: =P31/$K31 -> 0.87341364 | S31: =$T$2*$B31^$T$3*$L31^$T$4*($T$5*$I31^$T$6+$T$7) -> 0.25573971 | T31: =S31/$K31 -> 0.8524657
B32: 10 | C32: 628 | D32: 4 | E32: 32.466667 | F32: 3.514 | G32: 25 | H32: 36 | I32: 0.017444444 | J32: 361.50872 | K32: 0.3 | L32: =J32/200000 -> 0.0018075436 | P32: =$Q$2*($Q$3*$G32+$Q$4*$B32^$Q$5*$I32^$Q$6)*$L32^$Q$7 -> 0.27880579 | Q32: =P32/$K32 -> 0.92935263 | S32: =$T$2*$B32^$T$3*$L32^$T$4*($T$5*$I32^$T$6+$T$7) -> 0.27244164 | T32: =S32/$K32 -> 0.90813881
B33: 10 | C33: 628 | D33: 4 | E33: 32.466667 | F33: 3.514 | G33: 25 | H33: 36 | I33: 0.017444444 | J33: 392.91007 | K33: 0.3 | L33: =J33/200000 -> 0.0019645504 | P33: =$Q$2*($Q$3*$G33+$Q$4*$B33^$Q$5*$I33^$Q$6)*$L33^$Q$7 -> 0.29896195 | Q33: =P33/$K33 -> 0.99653985 | S33: =$T$2*$B33^$T$3*$L33^$T$4*($T$5*$I33^$T$6+$T$7) -> 0.29252731 | T33: =S33/$K33 -> 0.97509103
B34: 10 | C34: 628 | D34: 4 | E34: 32.466667 | F34: 3.514 | G34: 25 | H34: 36 | I34: 0.017444444 | J34: 424.16428 | K34: 0.38 | L34: =J34/200000 -> 0.0021208214 | P34: =$Q$2*($Q$3*$G34+$Q$4*$B34^$Q$5*$I34^$Q$6)*$L34^$Q$7 -> 0.31876588 | Q34: =P34/$K34 -> 0.83885757 | S34: =$T$2*$B34^$T$3*$L34^$T$4*($T$5*$I34^$T$6+$T$7) -> 0.31228719 | T34: =S34/$K34 -> 0.8218084
B35: 10 | C35: 628 | D35: 4 | E35: 32.466667 | F35: 3.514 | G35: 25 | H35: 36 | I35: 0.017444444 | J35: 491.13759 | K35: 0.44 | L35: =J35/200000 -> 0.0024556879 | P35: =$Q$2*($Q$3*$G35+$Q$4*$B35^$Q$5*$I35^$Q$6)*$L35^$Q$7 -> 0.36043463 | Q35: =P35/$K35 -> 0.81916962 | S35: =$T$2*$B35^$T$3*$L35^$T$4*($T$5*$I35^$T$6+$T$7) -> 0.35393831 | T35: =S35/$K35 -> 0.80440524
A36: Viga T1F000 - Silva Neto (2017) | B36: 16 | C36: 571 | D36: 4 | E36: 37 | F36: 4.2588 | G36: 20 | H36: 54 | I36: 0.11785107 | J36: 100.66841 | K36: 0.18 | L36: =J36/200000 -> 0.00050334204 | P36: =$Q$2*($Q$3*$G36+$Q$4*$B36^$Q$5*$I36^$Q$6)*$L36^$Q$7 -> 0.062390321 | Q36: =P36/$K36 -> 0.3466129 | S36: =$T$2*$B36^$T$3*$L36^$T$4*($T$5*$I36^$T$6+$T$7) -> 0.062853395 | T36: =S36/$K36 -> 0.34918553
B37: 16 | C37: 571 | D37: 4 | E37: 37 | F37: 4.2588 | G37: 20 | H37: 54 | I37: 0.11785107 | J37: 164.07581 | K37: 0.2 | L37: =J37/200000 -> 0.00082037905 | P37: =$Q$2*($Q$3*$G37+$Q$4*$B37^$Q$5*$I37^$Q$6)*$L37^$Q$7 -> 0.093950709 | Q37: =P37/$K37 -> 0.46975354 | S37: =$T$2*$B37^$T$3*$L37^$T$4*($T$5*$I37^$T$6+$T$7) -> 0.095390692 | T37: =S37/$K37 -> 0.47695346
B38: 16 | C38: 571 | D38: 4 | E38: 37 | F38: 4.2588 | G38: 20 | H38: 54 | I38: 0.11785107 | J38: 208.59575 | K38: 0.26 | L38: =J38/200000 -> 0.0010429788 | P38: =$Q$2*($Q$3*$G38+$Q$4*$B38^$Q$5*$I38^$Q$6)*$L38^$Q$7 -> 0.11488695 | Q38: =P38/$K38 -> 0.44187289 | S38: =$T$2*$B38^$T$3*$L38^$T$4*($T$5*$I38^$T$6+$T$7) -> 0.11709674 | T38: =S38/$K38 -> 0.45037209
B39: 16 | C39: 571 | D39: 4 | E39: 37 | F39: 4.2588 | G39: 20 | H39: 54 | I39: 0.11785107 | J39: 288.03053 | K39: 0.44 | L39: =J39/200000 -> 0.0014401527 | P39: =$Q$2*($Q$3*$G39+$Q$4*$B39^$Q$5*$I39^$Q$6)*$L39^$Q$7 -> 0.15055743 | Q39: =P39/$K39 -> 0.34217599 | S39: =$T$2*$B39^$T$3*$L39^$T$4*($T$5*$I39^$T$6+$T$7) -> 0.15424761 | T39: =S39/$K39 -> 0.35056276
B40: 16 | C40: 571 | D40: 4 | E40: 37 | F40: 4.2588 | G40: 20 | H40: 54 | I40: 0.11785107 | J40: 403.42653 | K40: 0.6 | L40: =J40/200000 -> 0.0020171327 | P40: =$Q$2*($Q$3*$G40+$Q$4*$B40^$Q$5*$I40^$Q$6)*$L40^$Q$7 -> 0.19967484 | Q40: =P40/$K40 -> 0.33279139 | S40: =$T$2*$B40^$T$3*$L40^$T$4*($T$5*$I40^$T$6+$T$7) -> 0.20567466 | T40: =S40/$K40 -> 0.34279111
A41: Viga 12-20-00 - Caldentey et al (2013) | B41: 12 | C41: 500 | D41: 4 | E41: 79.3 | F41: 2.6933292 | G41: 20 | H41: 38 | I41: 0.013593985 | J41: 220.98185 | K41: 0.36 | L41: =J41/200000 -> 0.0011049092 | P41: =$Q$2*($Q$3*$G41+$Q$4*$B41^$Q$5*$I41^$Q$6)*$L41^$Q$7 -> 0.2543714 | Q41: =P41/$K41 -> 0.70658721 | S41: =$T$2*$B41^$T$3*$L41^$T$4*($T$5*$I41^$T$6+$T$7) -> 0.25438251 | T41: =S41/$K41 -> 0.7066181
B42: 12 | C42: 500 | D42: 4 | E42: 79.3 | F42: 2.6933292 | G42: 20 | H42: 38 | I42: 0.013593985 | J42: 345.87419 | K42: 0.43 | L42: =J42/200000 -> 0.001729371 | P42: =$Q$2*($Q$3*$G42+$Q$4*$B42^$Q$5*$I42^$Q$6)*$L42^$Q$7 -> 0.37026347 | Q42: =P42/$K42 -> 0.86107783 | S42: =$T$2*$B42^$T$3*$L42^$T$4*($T$5*$I42^$T$6+$T$7) -> 0.37294332 | T42: =S42/$K42 -> 0.86731004
B43: 12 | C43: 500 | D43: 4 | E43: 79.3 | F43: 2.6933292 | G43: 20 | H43: 38 | I43: 0.013593985 | J43: 500 | K43: 0.56 | L43: =J43/200000 -> 0.0025 | P43: =$Q$2*($Q$3*$G43+$Q$4*$B43^$Q$5*$I43^$Q$6)*$L43^$Q$7 -> 0.50423653 | Q43: =P43/$K43 -> 0.90042238 | S43: =$T$2*$B43^$T$3*$L43^$T$4*($T$5*$I43^$T$6+$T$7) -> 0.51088965 | T43: =S43/$K43 -> 0.91230295
B44: 12 | C44: 500 | D44: 4 | E44: 79.3 | F44: 2.6933292 | G44: 20 | H44: 38 | I44: 0.013593985 | J44: 500 | K44: 0.71 | L44: =J44/200000 -> 0.0025 | P44: =$Q$2*($Q$3*$G44+$Q$4*$B44^$Q$5*$I44^$Q$6)*$L44^$Q$7 -> 0.50423653 | Q44: =P44/$K44 -> 0.7101923 | S44: =$T$2*$B44^$T$3*$L44^$T$4*($T$5*$I44^$T$6+$T$7) -> 0.51088965 | T44: =S44/$K44 -> 0.71956289
B45: 12 | C45: 500 | D45: 4 | E45: 79.3 | F45: 2.6933292 | G45: 20 | H45: 38 | I45: 0.013593985 | J45: 500 | K45: 0.79 | L45: =J45/200000 -> 0.0025 | P45: =$Q$2*($Q$3*$G45+$Q$4*$B45^$Q$5*$I45^$Q$6)*$L45^$Q$7 -> 0.50423653 | Q45: =P45/$K45 -> 0.63827409 | S45: =$T$2*$B45^$T$3*$L45^$T$4*($T$5*$I45^$T$6+$T$7) -> 0.51088965 | T45: =S45/$K45 -> 0.64669576
A46: Viga 25-20-00 - Caldentey et al (2013) | B46: 25 | C46: 500 | D46: 4 | E46: 62 | F46: 2.6933292 | G46: 20 | H46: 44.5 | I46: 0.054467051 | J46: 66.034488 | K46: 0.2 | L46: =J46/200000 -> 0.00033017244 | P46: =$Q$2*($Q$3*$G46+$Q$4*$B46^$Q$5*$I46^$Q$6)*$L46^$Q$7 -> 0.10435424 | Q46: =P46/$K46 -> 0.52177122 | S46: =$T$2*$B46^$T$3*$L46^$T$4*($T$5*$I46^$T$6+$T$7) -> 0.10139664 | T46: =S46/$K46 -> 0.5069832
B47: 25 | C47: 500 | D47: 4 | E47: 62 | F47: 2.6933292 | G47: 20 | H47: 44.5 | I47: 0.054467051 | J47: 151.48589 | K47: 0.25 | L47: =J47/200000 -> 0.00075742946 | P47: =$Q$2*($Q$3*$G47+$Q$4*$B47^$Q$5*$I47^$Q$6)*$L47^$Q$7 -> 0.20926378 | Q47: =P47/$K47 -> 0.83705512 | S47: =$T$2*$B47^$T$3*$L47^$T$4*($T$5*$I47^$T$6+$T$7) -> 0.20605214 | T47: =S47/$K47 -> 0.82420857
B48: 25 | C48: 500 | D48: 4 | E48: 62 | F48: 2.6933292 | G48: 20 | H48: 44.5 | I48: 0.054467051 | J48: 248.79678 | K48: 0.36 | L48: =J48/200000 -> 0.0012439839 | P48: =$Q$2*($Q$3*$G48+$Q$4*$B48^$Q$5*$I48^$Q$6)*$L48^$Q$7 -> 0.31714662 | Q48: =P48/$K48 -> 0.88096282 | S48: =$T$2*$B48^$T$3*$L48^$T$4*($T$5*$I48^$T$6+$T$7) -> 0.3147681 | T48: =S48/$K48 -> 0.87435583
B49: 25 | C49: 500 | D49: 4 | E49: 62 | F49: 2.6933292 | G49: 20 | H49: 44.5 | I49: 0.054467051 | J49: 346.10767 | K49: 0.47 | L49: =J49/200000 -> 0.0017305384 | P49: =$Q$2*($Q$3*$G49+$Q$4*$B49^$Q$5*$I49^$Q$6)*$L49^$Q$7 -> 0.41821652 | Q49: =P49/$K49 -> 0.88982238 | S49: =$T$2*$B49^$T$3*$L49^$T$4*($T$5*$I49^$T$6+$T$7) -> 0.41727818 | T49: =S49/$K49 -> 0.88782591
B50: 25 | C50: 500 | D50: 4 | E50: 62 | F50: 2.6933292 | G50: 20 | H50: 44.5 | I50: 0.054467051 | J50: 419.09084 | K50: 0.57 | L50: =J50/200000 -> 0.0020954542 | P50: =$Q$2*($Q$3*$G50+$Q$4*$B50^$Q$5*$I50^$Q$6)*$L50^$Q$7 -> 0.49094905 | Q50: =P50/$K50 -> 0.86131411 | S50: =$T$2*$B50^$T$3*$L50^$T$4*($T$5*$I50^$T$6+$T$7) -> 0.49134944 | T50: =S50/$K50 -> 0.86201656
B51: 25 | C51: 500 | D51: 4 | E51: 62 | F51: 2.6933292 | G51: 20 | H51: 44.5 | I51: 0.054467051 | J51: 500 | K51: 0.78 | L51: =J51/200000 -> 0.0025 | P51: =$Q$2*($Q$3*$G51+$Q$4*$B51^$Q$5*$I51^$Q$6)*$L51^$Q$7 -> 0.56921854 | Q51: =P51/$K51 -> 0.72976736 | S51: =$T$2*$B51^$T$3*$L51^$T$4*($T$5*$I51^$T$6+$T$7) -> 0.57129401 | T51: =S51/$K51 -> 0.73242821
A52: Viga 12-20-10 - Caldentey et al (2013) | B52: 12 | C52: 500 | D52: 4 | E52: 79.3 | F52: 2.6933292 | G52: 20 | H52: 34 | I52: 0.015193277 | J52: 104.52716 | K52: 0.21 | L52: =J52/200000 -> 0.00052263578 | P52: =$Q$2*($Q$3*$G52+$Q$4*$B52^$Q$5*$I52^$Q$6)*$L52^$Q$7 -> 0.12859466 | Q52: =P52/$K52 -> 0.61235551 | S52: =$T$2*$B52^$T$3*$L52^$T$4*($T$5*$I52^$T$6+$T$7) -> 0.12589794 | T52: =S52/$K52 -> 0.59951398
B53: 12 | C53: 500 | D53: 4 | E53: 79.3 | F53: 2.6933292 | G53: 20 | H53: 34 | I53: 0.015193277 | J53: 164.48978 | K53: 0.31 | L53: =J53/200000 -> 0.00082244888 | P53: =$Q$2*($Q$3*$G53+$Q$4*$B53^$Q$5*$I53^$Q$6)*$L53^$Q$7 -> 0.18803267 | Q53: =P53/$K53 -> 0.606557 | S53: =$T$2*$B53^$T$3*$L53^$T$4*($T$5*$I53^$T$6+$T$7) -> 0.18542981 | T53: =S53/$K53 -> 0.59816069
B54: 12 | C54: 500 | D54: 4 | E54: 79.3 | F54: 2.6933292 | G54: 20 | H54: 34 | I54: 0.015193277 | J54: 224.4524 | K54: 0.38 | L54: =J54/200000 -> 0.001122262 | P54: =$Q$2*($Q$3*$G54+$Q$4*$B54^$Q$5*$I54^$Q$6)*$L54^$Q$7 -> 0.2439782 | Q54: =P54/$K54 -> 0.6420479 | S54: =$T$2*$B54^$T$3*$L54^$T$4*($T$5*$I54^$T$6+$T$7) -> 0.24180041 | T54: =S54/$K54 -> 0.63631688
B55: 12 | C55: 500 | D55: 4 | E55: 79.3 | F55: 2.6933292 | G55: 20 | H55: 34 | I55: 0.015193277 | J55: 344.37764 | K55: 0.52 | L55: =J55/200000 -> 0.0017218882 | P55: =$Q$2*($Q$3*$G55+$Q$4*$B55^$Q$5*$I55^$Q$6)*$L55^$Q$7 -> 0.34925625 | Q55: =P55/$K55 -> 0.67164664 | S55: =$T$2*$B55^$T$3*$L55^$T$4*($T$5*$I55^$T$6+$T$7) -> 0.34851765 | T55: =S55/$K55 -> 0.67022624
B56: 12 | C56: 500 | D56: 4 | E56: 79.3 | F56: 2.6933292 | G56: 20 | H56: 34 | I56: 0.015193277 | J56: 500 | K56: 0.74 | L56: =J56/200000 -> 0.0025 | P56: =$Q$2*($Q$3*$G56+$Q$4*$B56^$Q$5*$I56^$Q$6)*$L56^$Q$7 -> 0.47735972 | Q56: =P56/$K56 -> 0.6450807 | S56: =$T$2*$B56^$T$3*$L56^$T$4*($T$5*$I56^$T$6+$T$7) -> 0.47920056 | T56: =S56/$K56 -> 0.64756832
A57: Viga 12-20-30 - Caldentey et al (2013) | B57: 12 | C57: 500 | D57: 4 | E57: 79.3 | F57: 2.6933292 | G57: 20 | H57: 34 | I57: 0.015193277 | J57: 104.52716 | K57: 0.17 | L57: =J57/200000 -> 0.00052263578 | P57: =$Q$2*($Q$3*$G57+$Q$4*$B57^$Q$5*$I57^$Q$6)*$L57^$Q$7 -> 0.12859466 | Q57: =P57/$K57 -> 0.75643916 | S57: =$T$2*$B57^$T$3*$L57^$T$4*($T$5*$I57^$T$6+$T$7) -> 0.12589794 | T57: =S57/$K57 -> 0.7405761
B58: 12 | C58: 500 | D58: 4 | E58: 79.3 | F58: 2.6933292 | G58: 20 | H58: 34 | I58: 0.015193277 | J58: 224.4524 | K58: 0.36 | L58: =J58/200000 -> 0.001122262 | P58: =$Q$2*($Q$3*$G58+$Q$4*$B58^$Q$5*$I58^$Q$6)*$L58^$Q$7 -> 0.2439782 | Q58: =P58/$K58 -> 0.67771723 | S58: =$T$2*$B58^$T$3*$L58^$T$4*($T$5*$I58^$T$6+$T$7) -> 0.24180041 | T58: =S58/$K58 -> 0.67166781
B59: 12 | C59: 500 | D59: 4 | E59: 79.3 | F59: 2.6933292 | G59: 20 | H59: 34 | I59: 0.015193277 | J59: 344.37764 | K59: 0.56 | L59: =J59/200000 -> 0.0017218882 | P59: =$Q$2*($Q$3*$G59+$Q$4*$B59^$Q$5*$I59^$Q$6)*$L59^$Q$7 -> 0.34925625 | Q59: =P59/$K59 -> 0.62367188 | S59: =$T$2*$B59^$T$3*$L59^$T$4*($T$5*$I59^$T$6+$T$7) -> 0.34851765 | T59: =S59/$K59 -> 0.62235294
B60: 12 | C60: 500 | D60: 4 | E60: 79.3 | F60: 2.6933292 | G60: 20 | H60: 34 | I60: 0.015193277 | J60: 500 | K60: 0.78 | L60: =J60/200000 -> 0.0025 | P60: =$Q$2*($Q$3*$G60+$Q$4*$B60^$Q$5*$I60^$Q$6)*$L60^$Q$7 -> 0.47735972 | Q60: =P60/$K60 -> 0.61199964 | S60: =$T$2*$B60^$T$3*$L60^$T$4*($T$5*$I60^$T$6+$T$7) -> 0.47920056 | T60: =S60/$K60 -> 0.61435969
A61: Viga 12-70-00 - Caldentey et al (2013) | B61: 12 | C61: 500 | D61: 4 | E61: 46 | F61: 2.6933292 | G61: 70 | H61: 88 | I61: 0.010220068 | J61: 108.96343 | K61: 0.31 | L61: =J61/200000 -> 0.00054481716 | P61: =$Q$2*($Q$3*$G61+$Q$4*$B61^$Q$5*$I61^$Q$6)*$L61^$Q$7 -> 0.16362489 | Q61: =P61/$K61 -> 0.52782221 | S61: =$T$2*$B61^$T$3*$L61^$T$4*($T$5*$I61^$T$6+$T$7) -> 0.16445614 | T61: =S61/$K61 -> 0.53050367
B62: 12 | C62: 500 | D62: 4 | E62: 46 | F62: 2.6933292 | G62: 70 | H62: 88 | I62: 0.010220068 | J62: 187.06577 | K62: 0.44 | L62: =J62/200000 -> 0.00093532883 | P62: =$Q$2*($Q$3*$G62+$Q$4*$B62^$Q$5*$I62^$Q$6)*$L62^$Q$7 -> 0.25735897 | Q62: =P62/$K62 -> 0.58490674 | S62: =$T$2*$B62^$T$3*$L62^$T$4*($T$5*$I62^$T$6+$T$7) -> 0.26091284 | T62: =S62/$K62 -> 0.59298373
A63: Viga 12-70-10 - Caldentey et al (2013) | B63: 12 | C63: 500 | D63: 4 | E63: 46 | F63: 2.6933292 | G63: 70 | H63: 84 | I63: 0.010231759 | J63: 27.519506 | K63: 0.14 | L63: =J63/200000 -> 0.00013759753 | P63: =$Q$2*($Q$3*$G63+$Q$4*$B63^$Q$5*$I63^$Q$6)*$L63^$Q$7 -> 0.051616057 | Q63: =P63/$K63 -> 0.36868612 | S63: =$T$2*$B63^$T$3*$L63^$T$4*($T$5*$I63^$T$6+$T$7) -> 0.050742242 | T63: =S63/$K63 -> 0.36244458
B64: 12 | C64: 500 | D64: 4 | E64: 46 | F64: 2.6933292 | G64: 70 | H64: 84 | I64: 0.010231759 | J64: 104.71116 | K64: 0.31 | L64: =J64/200000 -> 0.00052355581 | P64: =$Q$2*($Q$3*$G64+$Q$4*$B64^$Q$5*$I64^$Q$6)*$L64^$Q$7 -> 0.15816853 | Q64: =P64/$K64 -> 0.51022107 | S64: =$T$2*$B64^$T$3*$L64^$T$4*($T$5*$I64^$T$6+$T$7) -> 0.15885122 | T64: =S64/$K64 -> 0.51242328
B65: 12 | C65: 500 | D65: 4 | E65: 46 | F65: 2.6933292 | G65: 70 | H65: 84 | I65: 0.010231759 | J65: 181.90282 | K65: 0.4 | L65: =J65/200000 -> 0.00090951408 | P65: =$Q$2*($Q$3*$G65+$Q$4*$B65^$Q$5*$I65^$Q$6)*$L65^$Q$7 -> 0.25125309 | Q65: =P65/$K65 -> 0.62813272 | S65: =$T$2*$B65^$T$3*$L65^$T$4*($T$5*$I65^$T$6+$T$7) -> 0.25457715 | T65: =S65/$K65 -> 0.63644286
A66: Viga 12-70-30 - Caldentey et al (2013) | B66: 12 | C66: 500 | D66: 4 | E66: 46 | F66: 2.6933292 | G66: 70 | H66: 84 | I66: 0.010231759 | J66: 27.519506 | K66: 0.25 | L66: =J66/200000 -> 0.00013759753 | P66: =$Q$2*($Q$3*$G66+$Q$4*$B66^$Q$5*$I66^$Q$6)*$L66^$Q$7 -> 0.051616057 | Q66: =P66/$K66 -> 0.20646423 | S66: =$T$2*$B66^$T$3*$L66^$T$4*($T$5*$I66^$T$6+$T$7) -> 0.050742242 | T66: =S66/$K66 -> 0.20296897
B67: 12 | C67: 500 | D67: 4 | E67: 46 | F67: 2.6933292 | G67: 70 | H67: 84 | I67: 0.010231759 | J67: 104.71116 | K67: 0.44 | L67: =J67/200000 -> 0.00052355581 | P67: =$Q$2*($Q$3*$G67+$Q$4*$B67^$Q$5*$I67^$Q$6)*$L67^$Q$7 -> 0.15816853 | Q67: =P67/$K67 -> 0.35947394 | S67: =$T$2*$B67^$T$3*$L67^$T$4*($T$5*$I67^$T$6+$T$7) -> 0.15885122 | T67: =S67/$K67 -> 0.36102549
B68: 12 | C68: 500 | D68: 4 | E68: 46 | F68: 2.6933292 | G68: 70 | H68: 84 | I68: 0.010231759 | J68: 181.90282 | K68: 0.56 | L68: =J68/200000 -> 0.00090951408 | P68: =$Q$2*($Q$3*$G68+$Q$4*$B68^$Q$5*$I68^$Q$6)*$L68^$Q$7 -> 0.25125309 | Q68: =P68/$K68 -> 0.44866623 | S68: =$T$2*$B68^$T$3*$L68^$T$4*($T$5*$I68^$T$6+$T$7) -> 0.25457715 | T68: =S68/$K68 -> 0.45460205
A69: Viga 25-20-10 - Caldentey et al (2013) | B69: 25 | C69: 500 | D69: 4 | E69: 62 | F69: 2.6933292 | G69: 20 | H69: 40.5 | I69: 0.055421517 | J69: 173.78882 | K69: 0.23 | L69: =J69/200000 -> 0.0008689441 | P69: =$Q$2*($Q$3*$G69+$Q$4*$B69^$Q$5*$I69^$Q$6)*$L69^$Q$7 -> 0.232789 | Q69: =P69/$K69 -> 1.0121261 | S69: =$T$2*$B69^$T$3*$L69^$T$4*($T$5*$I69^$T$6+$T$7) -> 0.22983824 | T69: =S69/$K69 -> 0.99929671
B70: 25 | C70: 500 | D70: 4 | E70: 62 | F70: 2.6933292 | G70: 20 | H70: 40.5 | I70: 0.055421517 | J70: 293.98923 | K70: 0.35 | L70: =J70/200000 -> 0.0014699462 | P70: =$Q$2*($Q$3*$G70+$Q$4*$B70^$Q$5*$I70^$Q$6)*$L70^$Q$7 -> 0.36164785 | Q70: =P70/$K70 -> 1.0332796 | S70: =$T$2*$B70^$T$3*$L70^$T$4*($T$5*$I70^$T$6+$T$7) -> 0.36007974 | T70: =S70/$K70 -> 1.0287993
B71: 25 | C71: 500 | D71: 4 | E71: 62 | F71: 2.6933292 | G71: 20 | H71: 40.5 | I71: 0.055421517 | J71: 414.18965 | K71: 0.49 | L71: =J71/200000 -> 0.0020709482 | P71: =$Q$2*($Q$3*$G71+$Q$4*$B71^$Q$5*$I71^$Q$6)*$L71^$Q$7 -> 0.48198899 | Q71: =P71/$K71 -> 0.98365099 | S71: =$T$2*$B71^$T$3*$L71^$T$4*($T$5*$I71^$T$6+$T$7) -> 0.48253831 | T71: =S71/$K71 -> 0.98477206
B72: 25 | C72: 500 | D72: 4 | E72: 62 | F72: 2.6933292 | G72: 20 | H72: 40.5 | I72: 0.055421517 | J72: 500 | K72: 0.67 | L72: =J72/200000 -> 0.0025 | P72: =$Q$2*($Q$3*$G72+$Q$4*$B72^$Q$5*$I72^$Q$6)*$L72^$Q$7 -> 0.56436623 | Q72: =P72/$K72 -> 0.84233765 | S72: =$T$2*$B72^$T$3*$L72^$T$4*($T$5*$I72^$T$6+$T$7) -> 0.56671412 | T72: =S72/$K72 -> 0.84584197
A73: Viga 25-20-30 - Caldentey et al (2013) | B73: 25 | C73: 500 | D73: 4 | E73: 62 | F73: 2.6933292 | G73: 20 | H73: 40.5 | I73: 0.055421517 | J73: 173.78882 | K73: 0.27 | L73: =J73/200000 -> 0.0008689441 | P73: =$Q$2*($Q$3*$G73+$Q$4*$B73^$Q$5*$I73^$Q$6)*$L73^$Q$7 -> 0.232789 | Q73: =P73/$K73 -> 0.86218147 | S73: =$T$2*$B73^$T$3*$L73^$T$4*($T$5*$I73^$T$6+$T$7) -> 0.22983824 | T73: =S73/$K73 -> 0.85125276
B74: 25 | C74: 500 | D74: 4 | E74: 62 | F74: 2.6933292 | G74: 20 | H74: 40.5 | I74: 0.055421517 | J74: 293.98923 | K74: 0.4 | L74: =J74/200000 -> 0.0014699462 | P74: =$Q$2*($Q$3*$G74+$Q$4*$B74^$Q$5*$I74^$Q$6)*$L74^$Q$7 -> 0.36164785 | Q74: =P74/$K74 -> 0.90411962 | S74: =$T$2*$B74^$T$3*$L74^$T$4*($T$5*$I74^$T$6+$T$7) -> 0.36007974 | T74: =S74/$K74 -> 0.90019935
B75: 25 | C75: 500 | D75: 4 | E75: 62 | F75: 2.6933292 | G75: 20 | H75: 40.5 | I75: 0.055421517 | J75: 414.18965 | K75: 0.53 | L75: =J75/200000 -> 0.0020709482 | P75: =$Q$2*($Q$3*$G75+$Q$4*$B75^$Q$5*$I75^$Q$6)*$L75^$Q$7 -> 0.48198899 | Q75: =P75/$K75 -> 0.90941318 | S75: =$T$2*$B75^$T$3*$L75^$T$4*($T$5*$I75^$T$6+$T$7) -> 0.48253831 | T75: =S75/$K75 -> 0.91044964
B76: 25 | C76: 500 | D76: 4 | E76: 62 | F76: 2.6933292 | G76: 20 | H76: 40.5 | I76: 0.055421517 | J76: 500 | K76: 0.72 | L76: =J76/200000 -> 0.0025 | P76: =$Q$2*($Q$3*$G76+$Q$4*$B76^$Q$5*$I76^$Q$6)*$L76^$Q$7 -> 0.56436623 | Q76: =P76/$K76 -> 0.78384198 | S76: =$T$2*$B76^$T$3*$L76^$T$4*($T$5*$I76^$T$6+$T$7) -> 0.56671412 | T76: =S76/$K76 -> 0.78710295
A77: Viga 25-70-00 - Caldentey et al (2013) | B77: 25 | C77: 500 | D77: 4 | E77: 28.7 | F77: 2.6933292 | G77: 70 | H77: 94.5 | I77: 0.052620596 | J77: 80.821505 | K77: 0.3 | L77: =J77/200000 -> 0.00040410753 | P77: =$Q$2*($Q$3*$G77+$Q$4*$B77^$Q$5*$I77^$Q$6)*$L77^$Q$7 -> 0.12708977 | Q77: =P77/$K77 -> 0.42363257 | S77: =$T$2*$B77^$T$3*$L77^$T$4*($T$5*$I77^$T$6+$T$7) -> 0.12244669 | T77: =S77/$K77 -> 0.40815564
B78: 25 | C78: 500 | D78: 4 | E78: 28.7 | F78: 2.6933292 | G78: 70 | H78: 94.5 | I78: 0.052620596 | J78: 211.12391 | K78: 0.57 | L78: =J78/200000 -> 0.0010556195 | P78: =$Q$2*($Q$3*$G78+$Q$4*$B78^$Q$5*$I78^$Q$6)*$L78^$Q$7 -> 0.2841616 | Q78: =P78/$K78 -> 0.49852912 | S78: =$T$2*$B78^$T$3*$L78^$T$4*($T$5*$I78^$T$6+$T$7) -> 0.2780187 | T78: =S78/$K78 -> 0.48775211
A79: Viga 25-70-10 - Caldentey et al (2013) | B79: 25 | C79: 500 | D79: 4 | E79: 28.7 | F79: 2.6933292 | G79: 70 | H79: 90.5 | I79: 0.052767942 | J79: 79.473207 | K79: 0.26 | L79: =J79/200000 -> 0.00039736603 | P79: =$Q$2*($Q$3*$G79+$Q$4*$B79^$Q$5*$I79^$Q$6)*$L79^$Q$7 -> 0.12513993 | Q79: =P79/$K79 -> 0.48130742 | S79: =$T$2*$B79^$T$3*$L79^$T$4*($T$5*$I79^$T$6+$T$7) -> 0.12054236 | T79: =S79/$K79 -> 0.46362446
B80: 25 | C80: 500 | D80: 4 | E80: 28.7 | F80: 2.6933292 | G80: 70 | H80: 90.5 | I80: 0.052767942 | J80: 207.9082 | K80: 0.6 | L80: =J80/200000 -> 0.001039541 | P80: =$Q$2*($Q$3*$G80+$Q$4*$B80^$Q$5*$I80^$Q$6)*$L80^$Q$7 -> 0.28014788 | Q80: =P80/$K80 -> 0.46691314 | S80: =$T$2*$B80^$T$3*$L80^$T$4*($T$5*$I80^$T$6+$T$7) -> 0.27403974 | T80: =S80/$K80 -> 0.4567329
A81: Viga 25-70-30 - Caldentey et al (2013) | B81: 25 | C81: 500 | D81: 4 | E81: 28.7 | F81: 2.6933292 | G81: 70 | H81: 90.5 | I81: 0.052767942 | J81: 79.473207 | K81: 0.27 | L81: =J81/200000 -> 0.00039736603 | P81: =$Q$2*($Q$3*$G81+$Q$4*$B81^$Q$5*$I81^$Q$6)*$L81^$Q$7 -> 0.12513993 | Q81: =P81/$K81 -> 0.46348122 | S81: =$T$2*$B81^$T$3*$L81^$T$4*($T$5*$I81^$T$6+$T$7) -> 0.12054236 | T81: =S81/$K81 -> 0.44645319
B82: 25 | C82: 500 | D82: 4 | E82: 28.7 | F82: 2.6933292 | G82: 70 | H82: 90.5 | I82: 0.052767942 | J82: 207.9082 | K82: 0.59 | L82: =J82/200000 -> 0.001039541 | P82: =$Q$2*($Q$3*$G82+$Q$4*$B82^$Q$5*$I82^$Q$6)*$L82^$Q$7 -> 0.28014788 | Q82: =P82/$K82 -> 0.47482692 | S82: =$T$2*$B82^$T$3*$L82^$T$4*($T$5*$I82^$T$6+$T$7) -> 0.27403974 | T82: =S82/$K82 -> 0.46447413
A83: Viga RS1 - Harajlí e Naamam (1985) | B83: 9.52 | C83: 434 | D83: 3 | E83: 22.2 | F83: 3.56416 | G83: 20.64 | H83: 25.4 | I83: 0.03244851 | J83: 246.11295 | K83: 0.15 | L83: =J83/200000 -> 0.0012305647 | P83: =$Q$2*($Q$3*$G83+$Q$4*$B83^$Q$5*$I83^$Q$6)*$L83^$Q$7 -> 0.14095937 | Q83: =P83/$K83 -> 0.93972911 | S83: =$T$2*$B83^$T$3*$L83^$T$4*($T$5*$I83^$T$6+$T$7) -> 0.13266623 | T83: =S83/$K83 -> 0.88444153
B84: 9.52 | C84: 434 | D84: 3 | E84: 22.2 | F84: 3.56416 | G84: 20.64 | H84: 25.4 | I84: 0.03244851 | J84: 307.81004 | K84: 0.17 | L84: =J84/200000 -> 0.0015390502 | P84: =$Q$2*($Q$3*$G84+$Q$4*$B84^$Q$5*$I84^$Q$6)*$L84^$Q$7 -> 0.17002165 | Q84: =P84/$K84 -> 1.0001274 | S84: =$T$2*$B84^$T$3*$L84^$T$4*($T$5*$I84^$T$6+$T$7) -> 0.16059242 | T84: =S84/$K84 -> 0.94466131
A85: Viga RS2 - Harajlí e Naamam (1985) | B85: 12.7 | C85: 434 | D85: 3 | E85: 19.05 | F85: 3.9766082 | G85: 19.05 | H85: 25.4 | I85: 0.064212475 | J85: 272.94332 | K85: 0.15 | L85: =J85/200000 -> 0.0013647166 | P85: =$Q$2*($Q$3*$G85+$Q$4*$B85^$Q$5*$I85^$Q$6)*$L85^$Q$7 -> 0.15055646 | Q85: =P85/$K85 -> 1.0037098 | S85: =$T$2*$B85^$T$3*$L85^$T$4*($T$5*$I85^$T$6+$T$7) -> 0.14524616 | T85: =S85/$K85 -> 0.96830773
B86: 12.7 | C86: 434 | D86: 3 | E86: 19.05 | F86: 3.9766082 | G86: 19.05 | H86: 25.4 | I86: 0.064212475 | J86: 325.35859 | K86: 0.17 | L86: =J86/200000 -> 0.001626793 | P86: =$Q$2*($Q$3*$G86+$Q$4*$B86^$Q$5*$I86^$Q$6)*$L86^$Q$7 -> 0.17443365 | Q86: =P86/$K86 -> 1.0260803 | S86: =$T$2*$B86^$T$3*$L86^$T$4*($T$5*$I86^$T$6+$T$7) -> 0.16875481 | T86: =S86/$K86 -> 0.99267535
B87: 12.7 | C87: 434 | D87: 3 | E87: 19.05 | F87: 3.9766082 | G87: 19.05 | H87: 25.4 | I87: 0.064212475 | J87: 399.75447 | K87: 0.2 | L87: =J87/200000 -> 0.0019987723 | P87: =$Q$2*($Q$3*$G87+$Q$4*$B87^$Q$5*$I87^$Q$6)*$L87^$Q$7 -> 0.20728768 | Q87: =P87/$K87 -> 1.0364384 | S87: =$T$2*$B87^$T$3*$L87^$T$4*($T$5*$I87^$T$6+$T$7) -> 0.20120106 | T87: =S87/$K87 -> 1.0060053
A88: Viga RS3 - Harajlí e Naamam (1985) | B88: 15.9 | C88: 540 | D88: 3 | E88: 15.9 | F88: 3.9766082 | G88: 17.46 | H88: 25.4 | I88: 0.10835068 | J88: 266.87807 | K88: 0.16 | L88: =J88/200000 -> 0.0013343904 | P88: =$Q$2*($Q$3*$G88+$Q$4*$B88^$Q$5*$I88^$Q$6)*$L88^$Q$7 -> 0.14598076 | Q88: =P88/$K88 -> 0.91237973 | S88: =$T$2*$B88^$T$3*$L88^$T$4*($T$5*$I88^$T$6+$T$7) -> 0.14818587 | T88: =S88/$K88 -> 0.9261617
B89: 15.9 | C89: 540 | D89: 3 | E89: 15.9 | F89: 3.9766082 | G89: 17.46 | H89: 25.4 | I89: 0.10835068 | J89: 368.25371 | K89: 0.21 | L89: =J89/200000 -> 0.0018412686 | P89: =$Q$2*($Q$3*$G89+$Q$4*$B89^$Q$5*$I89^$Q$6)*$L89^$Q$7 -> 0.19119508 | Q89: =P89/$K89 -> 0.91045274 | S89: =$T$2*$B89^$T$3*$L89^$T$4*($T$5*$I89^$T$6+$T$7) -> 0.19508561 | T89: =S89/$K89 -> 0.92897911
A90: Viga B1-a - Gilbert e Nejadi (2004) | B90: 16 | C90: 500 | D90: 2 | E90: 138 | F90: 3.269 | G90: 40 | H90: 48 | I90: 0.017479098 | J90: 58.493281 | K90: 0.15 | L90: =J90/200000 -> 0.00029246641 | P90: =$Q$2*($Q$3*$G90+$Q$4*$B90^$Q$5*$I90^$Q$6)*$L90^$Q$7 -> 0.10157244 | Q90: =P90/$K90 -> 0.67714959 | S90: =$T$2*$B90^$T$3*$L90^$T$4*($T$5*$I90^$T$6+$T$7) -> 0.098535618 | T90: =S90/$K90 -> 0.65690412
B91: 16 | C91: 500 | D91: 2 | E91: 138 | F91: 3.269 | G91: 40 | H91: 48 | I91: 0.017479098 | J91: 94.658334 | K91: 0.2 | L91: =J91/200000 -> 0.00047329167 | P91: =$Q$2*($Q$3*$G91+$Q$4*$B91^$Q$5*$I91^$Q$6)*$L91^$Q$7 -> 0.15204152 | Q91: =P91/$K91 -> 0.76020758 | S91: =$T$2*$B91^$T$3*$L91^$T$4*($T$5*$I91^$T$6+$T$7) -> 0.14863613 | T91: =S91/$K91 -> 0.74318067
B92: 16 | C92: 500 | D92: 2 | E92: 138 | F92: 3.269 | G92: 40 | H92: 48 | I92: 0.017479098 | J92: 132.93604 | K92: 0.25 | L92: =J92/200000 -> 0.0006646802 | P92: =$Q$2*($Q$3*$G92+$Q$4*$B92^$Q$5*$I92^$Q$6)*$L92^$Q$7 -> 0.20209412 | Q92: =P92/$K92 -> 0.80837649 | S92: =$T$2*$B92^$T$3*$L92^$T$4*($T$5*$I92^$T$6+$T$7) -> 0.19864408 | T92: =S92/$K92 -> 0.79457633
B93: 16 | C93: 500 | D93: 2 | E93: 138 | F93: 3.269 | G93: 40 | H93: 48 | I93: 0.017479098 | J93: 171.1482 | K93: 0.28 | L93: =J93/200000 -> 0.00085574101 | P93: =$Q$2*($Q$3*$G93+$Q$4*$B93^$Q$5*$I93^$Q$6)*$L93^$Q$7 -> 0.24975092 | Q93: =P93/$K93 -> 0.89196756 | S93: =$T$2*$B93^$T$3*$L93^$T$4*($T$5*$I93^$T$6+$T$7) -> 0.24648172 | T93: =S93/$K93 -> 0.88029186
B94: 16 | C94: 500 | D94: 2 | E94: 138 | F94: 3.269 | G94: 40 | H94: 48 | I94: 0.017479098 | J94: 209.36036 | K94: 0.28 | L94: =J94/200000 -> 0.0010468018 | P94: =$Q$2*($Q$3*$G94+$Q$4*$B94^$Q$5*$I94^$Q$6)*$L94^$Q$7 -> 0.29569953 | Q94: =P94/$K94 -> 1.0560697 | S94: =$T$2*$B94^$T$3*$L94^$T$4*($T$5*$I94^$T$6+$T$7) -> 0.29277137 | T94: =S94/$K94 -> 1.045612
B95: 16 | C95: 500 | D95: 2 | E95: 138 | F95: 3.269 | G95: 40 | H95: 48 | I95: 0.017479098 | J95: 247.63807 | K95: 0.3 | L95: =J95/200000 -> 0.0012381904 | P95: =$Q$2*($Q$3*$G95+$Q$4*$B95^$Q$5*$I95^$Q$6)*$L95^$Q$7 -> 0.34037688 | Q95: =P95/$K95 -> 1.1345896 | S95: =$T$2*$B95^$T$3*$L95^$T$4*($T$5*$I95^$T$6+$T$7) -> 0.33791293 | T95: =S95/$K95 -> 1.1263764
B96: 16 | C96: 500 | D96: 2 | E96: 138 | F96: 3.269 | G96: 40 | H96: 48 | I96: 0.017479098 | J96: 285.91578 | K96: 0.33 | L96: =J96/200000 -> 0.0014295789 | P96: =$Q$2*($Q$3*$G96+$Q$4*$B96^$Q$5*$I96^$Q$6)*$L96^$Q$7 -> 0.38394464 | Q96: =P96/$K96 -> 1.1634686 | S96: =$T$2*$B96^$T$3*$L96^$T$4*($T$5*$I96^$T$6+$T$7) -> 0.38204286 | T96: =S96/$K96 -> 1.1577056
B97: 16 | C97: 500 | D97: 2 | E97: 138 | F97: 3.269 | G97: 40 | H97: 48 | I97: 0.017479098 | J97: 324.06239 | K97: 0.33 | L97: =J97/200000 -> 0.001620312 | P97: =$Q$2*($Q$3*$G97+$Q$4*$B97^$Q$5*$I97^$Q$6)*$L97^$Q$7 -> 0.42643011 | Q97: =P97/$K97 -> 1.2922125 | S97: =$T$2*$B97^$T$3*$L97^$T$4*($T$5*$I97^$T$6+$T$7) -> 0.425169 | T97: =S97/$K97 -> 1.2883909
A98: Viga B1-b - Gilbert e Nejadi (2004) | B98: 16 | C98: 500 | D98: 2 | E98: 138 | F98: 3.269 | G98: 40 | H98: 48 | I98: 0.017479098 | J98: 94.658334 | K98: 0.15 | L98: =J98/200000 -> 0.00047329167 | P98: =$Q$2*($Q$3*$G98+$Q$4*$B98^$Q$5*$I98^$Q$6)*$L98^$Q$7 -> 0.15204152 | Q98: =P98/$K98 -> 1.0136101 | S98: =$T$2*$B98^$T$3*$L98^$T$4*($T$5*$I98^$T$6+$T$7) -> 0.14863613 | T98: =S98/$K98 -> 0.99090756
B99: 16 | C99: 500 | D99: 2 | E99: 138 | F99: 3.269 | G99: 40 | H99: 48 | I99: 0.017479098 | J99: 132.93604 | K99: 0.18 | L99: =J99/200000 -> 0.0006646802 | P99: =$Q$2*($Q$3*$G99+$Q$4*$B99^$Q$5*$I99^$Q$6)*$L99^$Q$7 -> 0.20209412 | Q99: =P99/$K99 -> 1.1227451 | S99: =$T$2*$B99^$T$3*$L99^$T$4*($T$5*$I99^$T$6+$T$7) -> 0.19864408 | T99: =S99/$K99 -> 1.1035782
B100: 16 | C100: 500 | D100: 2 | E100: 138 | F100: 3.269 | G100: 40 | H100: 48 | I100: 0.017479098 | J100: 171.1482 | K100: 0.2 | L100: =J100/200000 -> 0.00085574101 | P100: =$Q$2*($Q$3*$G100+$Q$4*$B100^$Q$5*$I100^$Q$6)*$L100^$Q$7 -> 0.24975092 | Q100: =P100/$K100 -> 1.2487546 | S100: =$T$2*$B100^$T$3*$L100^$T$4*($T$5*$I100^$T$6+$T$7) -> 0.24648172 | T100: =S100/$K100 -> 1.2324086
B101: 16 | C101: 500 | D101: 2 | E101: 138 | F101: 3.269 | G101: 40 | H101: 48 | I101: 0.017479098 | J101: 209.36036 | K101: 0.25 | L101: =J101/200000 -> 0.0010468018 | P101: =$Q$2*($Q$3*$G101+$Q$4*$B101^$Q$5*$I101^$Q$6)*$L101^$Q$7 -> 0.29569953 | Q101: =P101/$K101 -> 1.1827981 | S101: =$T$2*$B101^$T$3*$L101^$T$4*($T$5*$I101^$T$6+$T$7) -> 0.29277137 | T101: =S101/$K101 -> 1.1710855
...

Sheet Dataset sem TS MC2010
A1: Autor | B1: Inputs | K1: Output
B2: Diâmetro da armadura f (mm) | C2: Resistência do aço - fy (MPa) | D2: Número de barras em uma camada | E2: Espaçamento entre as barras (mm) | F2: Resistência à tração do concreto fctm (MPa) | G2: Cobrimento c (mm) | H2: Distância ao centro de gravidade da armadura d' (mm) | I2: Taxa de armadura r | J2: Tensão na armadura (MPa) | K2: wexp (mm)
A3: Viga S200-1.76-20 - Sokolov et al (2021) | B3: 20 | C3: 500 | D3: 2 | E3: 126 | F3: 4.1203405 | G3: 25 | H3: 39 | I3: 0.060723546 | J3: 231.811 | K3: 0.16
B4: 20 | C4: 500 | D4: 2 | E4: 126 | F4: 4.1203405 | G4: 25 | H4: 39 | I4: 0.060723546 | J4: 304.25194 | K4: 0.23
B5: 20 | C5: 500 | D5: 2 | E5: 126 | F5: 4.1203405 | G5: 25 | H5: 39 | I5: 0.060723546 | J5: 314.28223 | K5: 0.24
B6: 20 | C6: 500 | D6: 2 | E6: 126 | F6: 4.1203405 | G6: 25 | H6: 39 | I6: 0.060723546 | J6: 363.31917 | K6: 0.27
B7: 20 | C7: 500 | D7: 2 | E7: 126 | F7: 4.1203405 | G7: 25 | H7: 39 | I7: 0.060723546 | J7: 459.16411 | K7: 0.35
B8: 20 | C8: 500 | D8: 2 | E8: 126 | F8: 4.1203405 | G8: 25 | H8: 39 | I8: 0.060723546 | J8: 500 | K8: 0.4
A9: Viga S600-0.37-10 - Sokolov et al (2021) | B9: 10 | C9: 500 | D9: 8 | E9: 87.7 | F9: 4.1311268 | G9: 25 | H9: 53 | I9: 0.015388385 | J9: 322.91972 | K9: 0.16
B10: 10 | C10: 500 | D10: 8 | E10: 87.7 | F10: 4.1311268 | G10: 25 | H10: 53 | I10: 0.015388385 | J10: 367.82093 | K10: 0.18
B11: 10 | C11: 500 | D11: 8 | E11: 87.7 | F11: 4.1311268 | G11: 25 | H11: 53 | I11: 0.015388385 | J11: 500 | K11: 0.26
A12: Viga V1 - Oliveira (2007) | B12: 10 | C12: 628 | D12: 4 | E12: 32.466667 | F12: 3.262 | G12: 25 | H12: 36 | I12: 0.017444444 | J12: 285.04803 | K12: 0.16
B13: 10 | C13: 628 | D13: 4 | E13: 32.466667 | F13: 3.262 | G13: 25 | H13: 36 | I13: 0.017444444 | J13: 324.99965 | K13: 0.2
B14: 10 | C14: 628 | D14: 4 | E14: 32.466667 | F14: 3.262 | G14: 25 | H14: 36 | I14: 0.017444444 | J14: 367.64463 | K14: 0.2
B15: 10 | C15: 628 | D15: 4 | E15: 32.466667 | F15: 3.262 | G15: 25 | H15: 36 | I15: 0.017444444 | J15: 410.7385 | K15: 0.24
B16: 10 | C16: 628 | D16: 4 | E16: 32.466667 | F16: 3.262 | G16: 25 | H16: 36 | I16: 0.017444444 | J16: 438.56996 | K16: 0.3
B17: 10 | C17: 628 | D17: 4 | E17: 32.466667 | F17: 3.262 | G17: 25 | H17: 36 | I17: 0.017444444 | J17: 498.27294 | K17: 0.32
B18: 10 | C18: 628 | D18: 4 | E18: 32.466667 | F18: 3.262 | G18: 25 | H18: 36 | I18: 0.017444444 | J18: 502.76188 | K18: 0.38
B19: 10 | C19: 628 | D19: 4 | E19: 32.466667 | F19: 3.262 | G19: 25 | H19: 36 | I19: 0.017444444 | J19: 538.67345 | K19: 0.42
B20: 10 | C20: 628 | D20: 4 | E20: 32.466667 | F20: 3.262 | G20: 25 | H20: 36 | I20: 0.017444444 | J20: 628 | K20: 0.44
B21: 10 | C21: 628 | D21: 4 | E21: 32.466667 | F21: 3.262 | G21: 25 | H21: 36 | I21: 0.017444444 | J21: 628 | K21: 0.5
A22: Viga V2 - Oliveira (2007) | B22: 10 | C22: 628 | D22: 4 | E22: 32.466667 | F22: 3.514 | G22: 25 | H22: 36 | I22: 0.017444444 | J22: 321.47188 | K22: 0.24
B23: 10 | C23: 628 | D23: 4 | E23: 32.466667 | F23: 3.514 | G23: 25 | H23: 36 | I23: 0.017444444 | J23: 357.19097 | K23: 0.3
B24: 10 | C24: 628 | D24: 4 | E24: 32.466667 | F24: 3.514 | G24: 25 | H24: 36 | I24: 0.017444444 | J24: 370.58564 | K24: 0.3
B25: 10 | C25: 628 | D25: 4 | E25: 32.466667 | F25: 3.514 | G25: 25 | H25: 36 | I25: 0.017444444 | J25: 392.91007 | K25: 0.3
B26: 10 | C26: 628 | D26: 4 | E26: 32.466667 | F26: 3.514 | G26: 25 | H26: 36 | I26: 0.017444444 | J26: 424.16428 | K26: 0.38
B27: 10 | C27: 628 | D27: 4 | E27: 32.466667 | F27: 3.514 | G27: 25 | H27: 36 | I27: 0.017444444 | J27: 491.13759 | K27: 0.44
A28: Viga T1F000 - Silva Neto (2017) | B28: 16 | C28: 571 | D28: 4 | E28: 37 | F28: 4.2588 | G28: 20 | H28: 54 | I28: 0.11785107 | J28: 136.24999 | K28: 0.18
B29: 16 | C29: 571 | D29: 4 | E29: 37 | F29: 4.2588 | G29: 20 | H29: 54 | I29: 0.11785107 | J29: 196.14009 | K29: 0.2
B30: 16 | C30: 571 | D30: 4 | E30: 37 | F30: 4.2588 | G30: 20 | H30: 54 | I30: 0.11785107 | J30: 237.31454 | K30: 0.26
B31: 16 | C31: 571 | D31: 4 | E31: 37 | F31: 4.2588 | G31: 20 | H31: 54 | I31: 0.11785107 | J31: 305.43953 | K31: 0.44
B32: 16 | C32: 571 | D32: 4 | E32: 37 | F32: 4.2588 | G32: 20 | H32: 54 | I32: 0.11785107 | J32: 405.00683 | K32: 0.6
A33: Viga 12-20-00 - Caldentey et al (2013) | B33: 12 | C33: 500 | D33: 4 | E33: 79.3 | F33: 2.6933292 | G33: 20 | H33: 38 | I33: 0.013593985 | J33: 300.43296 | K33: 0.36
B34: 12 | C34: 500 | D34: 4 | E34: 79.3 | F34: 2.6933292 | G34: 20 | H34: 38 | I34: 0.013593985 | J34: 386.27094 | K34: 0.43
B35: 12 | C35: 500 | D35: 4 | E35: 79.3 | F35: 2.6933292 | G35: 20 | H35: 38 | I35: 0.013593985 | J35: 500 | K35: 0.56
B36: 12 | C36: 500 | D36: 4 | E36: 79.3 | F36: 2.6933292 | G36: 20 | H36: 38 | I36: 0.013593985 | J36: 500 | K36: 0.71
B37: 12 | C37: 500 | D37: 4 | E37: 79.3 | F37: 2.6933292 | G37: 20 | H37: 38 | I37: 0.013593985 | J37: 500 | K37: 0.79
A38: Viga 25-20-00 - Caldentey et al (2013) | B38: 25 | C38: 500 | D38: 4 | E38: 62 | F38: 2.6933292 | G38: 20 | H38: 44.5 | I38: 0.054467051 | J38: 106.51266 | K38: 0.2
B39: 25 | C39: 500 | D39: 4 | E39: 62 | F39: 2.6933292 | G39: 20 | H39: 44.5 | I39: 0.054467051 | J39: 191.72278 | K39: 0.25
B40: 25 | C40: 500 | D40: 4 | E40: 62 | F40: 2.6933292 | G40: 20 | H40: 44.5 | I40: 0.054467051 | J40: 276.9329 | K40: 0.36
B41: 25 | C41: 500 | D41: 4 | E41: 62 | F41: 2.6933292 | G41: 20 | H41: 44.5 | I41: 0.054467051 | J41: 362.14303 | K41: 0.47
B42: 25 | C42: 500 | D42: 4 | E42: 62 | F42: 2.6933292 | G42: 20 | H42: 44.5 | I42: 0.054467051 | J42: 426.05062 | K42: 0.57
B43: 25 | C43: 500 | D43: 4 | E43: 62 | F43: 2.6933292 | G43: 20 | H43: 44.5 | I43: 0.054467051 | J43: 500 | K43: 0.78
A44: Viga 12-20-10 - Caldentey et al (2013) | B44: 12 | C44: 500 | D44: 4 | E44: 79.3 | F44: 2.6933292 | G44: 20 | H44: 34 | I44: 0.015193277 | J44: 212.47113 | K44: 0.21
B45: 12 | C45: 500 | D45: 4 | E45: 79.3 | F45: 2.6933292 | G45: 20 | H45: 34 | I45: 0.015193277 | J45: 254.96535 | K45: 0.31
B46: 12 | C46: 500 | D46: 4 | E46: 79.3 | F46: 2.6933292 | G46: 20 | H46: 34 | I46: 0.015193277 | J46: 297.45958 | K46: 0.38
B47: 12 | C47: 500 | D47: 4 | E47: 79.3 | F47: 2.6933292 | G47: 20 | H47: 34 | I47: 0.015193277 | J47: 382.44803 | K47: 0.52
B48: 12 | C48: 500 | D48: 4 | E48: 79.3 | F48: 2.6933292 | G48: 20 | H48: 34 | I48: 0.015193277 | J48: 500 | K48: 0.74
A49: Viga 12-20-30 - Caldentey et al (2013) | B49: 12 | C49: 500 | D49: 4 | E49: 79.3 | F49: 2.6933292 | G49: 20 | H49: 34 | I49: 0.015193277 | J49: 212.47113 | K49: 0.17
B50: 12 | C50: 500 | D50: 4 | E50: 79.3 | F50: 2.6933292 | G50: 20 | H50: 34 | I50: 0.015193277 | J50: 297.45958 | K50: 0.36
B51: 12 | C51: 500 | D51: 4 | E51: 79.3 | F51: 2.6933292 | G51: 20 | H51: 34 | I51: 0.015193277 | J51: 382.44803 | K51: 0.56
B52: 12 | C52: 500 | D52: 4 | E52: 79.3 | F52: 2.6933292 | G52: 20 | H52: 34 | I52: 0.015193277 | J52: 500 | K52: 0.78
A53: Viga 12-70-00 - Caldentey et al (2013) | B53: 12 | C53: 500 | D53: 4 | E53: 46 | F53: 2.6933292 | G53: 70 | H53: 88 | I53: 0.010220068 | J53: 245.19477 | K53: 0.31
B54: 12 | C54: 500 | D54: 4 | E54: 46 | F54: 2.6933292 | G54: 70 | H54: 88 | I54: 0.010220068 | J54: 294.23372 | K54: 0.44
A55: Viga 12-70-10 - Caldentey et al (2013) | B55: 12 | C55: 500 | D55: 4 | E55: 46 | F55: 2.6933292 | G55: 70 | H55: 84 | I55: 0.010231759 | J55: 193.94581 | K55: 0.14
B56: 12 | C56: 500 | D56: 4 | E56: 46 | F56: 2.6933292 | G56: 70 | H56: 84 | I56: 0.010231759 | J56: 242.43227 | K56: 0.31
B57: 12 | C57: 500 | D57: 4 | E57: 46 | F57: 2.6933292 | G57: 70 | H57: 84 | I57: 0.010231759 | J57: 290.91872 | K57: 0.4
A58: Viga 12-70-30 - Caldentey et al (2013) | B58: 12 | C58: 500 | D58: 4 | E58: 46 | F58: 2.6933292 | G58: 70 | H58: 84 | I58: 0.010231759 | J58: 193.94581 | K58: 0.25
B59: 12 | C59: 500 | D59: 4 | E59: 46 | F59: 2.6933292 | G59: 70 | H59: 84 | I59: 0.010231759 | J59: 242.43227 | K59: 0.44
B60: 12 | C60: 500 | D60: 4 | E60: 46 | F60: 2.6933292 | G60: 70 | H60: 84 | I60: 0.010231759 | J60: 290.91872 | K60: 0.56
A61: Viga 25-20-10 - Caldentey et al (2013) | B61: 25 | C61: 500 | D61: 4 | E61: 62 | F61: 2.6933292 | G61: 20 | H61: 40.5 | I61: 0.055421517 | J61: 210.83755 | K61: 0.23
B62: 25 | C62: 500 | D62: 4 | E62: 62 | F62: 2.6933292 | G62: 20 | H62: 40.5 | I62: 0.055421517 | J62: 316.25632 | K62: 0.35
B63: 25 | C63: 500 | D63: 4 | E63: 62 | F63: 2.6933292 | G63: 20 | H63: 40.5 | I63: 0.055421517 | J63: 421.6751 | K63: 0.49
B64: 25 | C64: 500 | D64: 4 | E64: 62 | F64: 2.6933292 | G64: 20 | H64: 40.5 | I64: 0.055421517 | J64: 500 | K64: 0.67
A65: Viga 25-20-30 - Caldentey et al (2013) | B65: 25 | C65: 500 | D65: 4 | E65: 62 | F65: 2.6933292 | G65: 20 | H65: 40.5 | I65: 0.055421517 | J65: 210.83755 | K65: 0.27
B66: 25 | C66: 500 | D66: 4 | E66: 62 | F66: 2.6933292 | G66: 20 | H66: 40.5 | I66: 0.055421517 | J66: 316.25632 | K66: 0.4
B67: 25 | C67: 500 | D67: 4 | E67: 62 | F67: 2.6933292 | G67: 20 | H67: 40.5 | I67: 0.055421517 | J67: 421.6751 | K67: 0.53
B68: 25 | C68: 500 | D68: 4 | E68: 62 | F68: 2.6933292 | G68: 20 | H68: 40.5 | I68: 0.055421517 | J68: 500 | K68: 0.72
A69: Viga 25-70-00 - Caldentey et al (2013) | B69: 25 | C69: 500 | D69: 4 | E69: 28.7 | F69: 2.6933292 | G69: 70 | H69: 94.5 | I69: 0.052620596 | J69: 122.34077 | K69: 0.3
B70: 25 | C70: 500 | D70: 4 | E70: 28.7 | F70: 2.6933292 | G70: 70 | H70: 94.5 | I70: 0.052620596 | J70: 244.68153 | K70: 0.57
A71: Viga 25-70-10 - Caldentey et al (2013) | B71: 25 | C71: 500 | D71: 4 | E71: 28.7 | F71: 2.6933292 | G71: 70 | H71: 90.5 | I71: 0.052767942 | J71: 120.90671 | K71: 0.26
B72: 25 | C72: 500 | D72: 4 | E72: 28.7 | F72: 2.6933292 | G72: 70 | H72: 90.5 | I72: 0.052767942 | J72: 241.81343 | K72: 0.6
A73: Viga 25-70-30 - Caldentey et al (2013) | B73: 25 | C73: 500 | D73: 4 | E73: 28.7 | F73: 2.6933292 | G73: 70 | H73: 90.5 | I73: 0.052767942 | J73: 120.90671 | K73: 0.27
B74: 25 | C74: 500 | D74: 4 | E74: 28.7 | F74: 2.6933292 | G74: 70 | H74: 90.5 | I74: 0.052767942 | J74: 241.81343 | K74: 0.59
A75: Viga RS1 - Harajlí e Naamam (1985) | B75: 9.52 | C75: 434 | D75: 3 | E75: 22.2 | F75: 3.56416 | G75: 20.64 | H75: 25.4 | I75: 0.03244851 | J75: 295.47063 | K75: 0.15
B76: 9.52 | C76: 434 | D76: 3 | E76: 22.2 | F76: 3.56416 | G76: 20.64 | H76: 25.4 | I76: 0.03244851 | J76: 343.86668 | K76: 0.17
A77: Viga RS2 - Harajlí e Naamam (1985) | B77: 12.7 | C77: 434 | D77: 3 | E77: 19.05 | F77: 3.9766082 | G77: 19.05 | H77: 25.4 | I77: 0.064212475 | J77: 303.25603 | K77: 0.15
B78: 12.7 | C78: 434 | D78: 3 | E78: 19.05 | F78: 3.9766082 | G78: 19.05 | H78: 25.4 | I78: 0.064212475 | J78: 347.81023 | K78: 0.17
B79: 12.7 | C79: 434 | D79: 3 | E79: 19.05 | F79: 3.9766082 | G79: 19.05 | H79: 25.4 | I79: 0.064212475 | J79: 411.04845 | K79: 0.2
A80: Viga RS3 - Harajlí e Naamam (1985) | B80: 15.9 | C80: 540 | D80: 3 | E80: 15.9 | F80: 3.9766082 | G80: 17.46 | H80: 25.4 | I80: 0.10835068 | J80: 289.73492 | K80: 0.16
B81: 15.9 | C81: 540 | D81: 3 | E81: 15.9 | F81: 3.9766082 | G81: 17.46 | H81: 25.4 | I81: 0.10835068 | J81: 379.98023 | K81: 0.21
A82: Viga B1-a - Gilbert e Nejadi (2004) | B82: 16 | C82: 500 | D82: 2 | E82: 138 | F82: 3.269 | G82: 40 | H82: 48 | I82: 0.017479098 | J82: 185.27396 | K82: 0.15
B83: 16 | C83: 500 | D83: 2 | E83: 138 | F83: 3.269 | G83: 40 | H83: 48 | I83: 0.017479098 | J83: 211.7676 | K83: 0.2
B84: 16 | C84: 500 | D84: 2 | E84: 138 | F84: 3.269 | G84: 40 | H84: 48 | I84: 0.017479098 | J84: 238.26123 | K84: 0.25
B85: 16 | C85: 500 | D85: 2 | E85: 138 | F85: 3.269 | G85: 40 | H85: 48 | I85: 0.017479098 | J85: 264.7095 | K85: 0.28
B86: 16 | C86: 500 | D86: 2 | E86: 138 | F86: 3.269 | G86: 40 | H86: 48 | I86: 0.017479098 | J86: 291.15776 | K86: 0.28
B87: 16 | C87: 500 | D87: 2 | E87: 138 | F87: 3.269 | G87: 40 | H87: 48 | I87: 0.017479098 | J87: 317.6514 | K87: 0.3
B88: 16 | C88: 500 | D88: 2 | E88: 138 | F88: 3.269 | G88: 40 | H88: 48 | I88: 0.017479098 | J88: 344.14503 | K88: 0.33
B89: 16 | C89: 500 | D89: 2 | E89: 138 | F89: 3.269 | G89: 40 | H89: 48 | I89: 0.017479098 | J89: 370.54793 | K89: 0.33
A90: Viga B1-b - Gilbert e Nejadi (2004) | B90: 16 | C90: 500 | D90: 2 | E90: 138 | F90: 3.269 | G90: 40 | H90: 48 | I90: 0.017479098 | J90: 211.7676 | K90: 0.15
B91: 16 | C91: 500 | D91: 2 | E91: 138 | F91: 3.269 | G91: 40 | H91: 48 | I91: 0.017479098 | J91: 238.26123 | K91: 0.18
B92: 16 | C92: 500 | D92: 2 | E92: 138 | F92: 3.269 | G92: 40 | H92: 48 | I92: 0.017479098 | J92: 264.7095 | K92: 0.2
B93: 16 | C93: 500 | D93: 2 | E93: 138 | F93: 3.269 | G93: 40 | H93: 48 | I93: 0.017479098 | J93: 291.15776 | K93: 0.25
B94: 16 | C94: 500 | D94: 2 | E94: 138 | F94: 3.269 | G94: 40 | H94: 48 | I94: 0.017479098 | J94: 317.6514 | K94: 0.3
B95: 16 | C95: 500 | D95: 2 | E95: 138 | F95: 3.269 | G95: 40 | H95: 48 | I95: 0.017479098 | J95: 344.14503 | K95: 0.33
B96: 16 | C96: 500 | D96: 2 | E96: 138 | F96: 3.269 | G96: 40 | H96: 48 | I96: 0.017479098 | J96: 370.54793 | K96: 0.38
A97: Viga B2-a - Gilbert e Nejadi (2004) | B97: 16 | C97: 500 | D97: 2 | E97: 168 | F97: 3.269 | G97: 25 | H97: 33 | I97: 0.019393939 | J97: 211.7676 | K97: 0.15
B98: 16 | C98: 500 | D98: 2 | E98: 168 | F98: 3.269 | G98: 25 | H98: 33 | I98: 0.019393939 | J98: 238.26123 | K98: 0.18
B99: 16 | C99: 500 | D99: 2 | E99: 168 | F99: 3.269 | G99: 25 | H99: 33 | I99: 0.019393939 | J99: 264.7095 | K99: 0.2
B100: 16 | C100: 500 | D100: 2 | E100: 168 | F100: 3.269 | G100: 25 | H100: 33 | I100: 0.019393939 | J100: 291.15776 | K100: 0.23
...

Sheet Dataset com TS variável MC2020
V1: Opção 3 de equação | Y1: Opção 4 de equação | AB1: Equações (13) e (15) do artigo Flexural cracking behavior and parametric analysis of steel-UHPC composite decks without longitudinal ribs (sem Tension stiffening). w=A1*(A2+A3*ft/(ro*Sigmas))*eps*(A4*c+A5*fi/ro)*(h-xii)/(h-xii-dl) | AO1: Equações (13) e (15) do artigo Flexural cracking behavior and parametric analysis of steel-UHPC composite decks without longitudinal ribs (sem Tension stiffening) + proposta de correção por fy. w=A1*(A2+A3*ft/(ro*Sigmas))*(A4*c+A5*fi/ro)*(Sigmas**A6/200000)*(h-xii)/(h-xii-dl)+(Sigmas-fy/A7)*(A4*c+A5*fi/ro)/200000
V2: A1 | W2: 0.515 | Y2: A1 | Z2: 0.391 | AB2: A1 | AC2: 1.22 | AO2: A1 | AP2: 7.37
V3: A2 | W3: -0.00169 | Y3: A2 | Z3: 0.701 | AB3: A2 | AC3: 1.93 | AO3: A2 | AP3: 4.87
V4: A3 | W4: 1 | Y4: A3 | Z4: 0.628 | AB4: A3 | AC4: -1.05 | AO4: A3 | AP4: -2.7
V5: A4 | W5: 0.672 | Y5: A4 | Z5: 0.389 | AB5: A4 | AC5: 0.568 | AO5: A4 | AP5: 0.09
V6: A5 | W6: -0.417 | Y6: A5 | Z6: -0.631 | AB6: A5 | AC6: 0.08 | AO6: A5 | AP6: 0.016
V7: A6 | W7: 0.617 | Y7: A6 | Z7: 2.011 | AO7: A6 | AP7: 0.82
AO8: A7 | AP8: 2
A9: Autor | B9: Inputs | Q9: Output
B10: Diâmetro da armadura (mm) | C10: Resistência do aço - fy (MPa) | D10: Número de barras em uma camada | E10: Espaçamento entre as barras (mm) | F10: Resistência à tração do concreto (MPa) | G10: Cobrimento (mm) | H10: Distância ao centro de gravidade da armadura (mm) | I10: Largura da viga - b (mm) | J10: Altura da viga - h (mm) | K10: Área de aço tracionada - As (mm2) | L10: Área de concreto efetiva - Ace (mm2) | M10: Linha neutra no Estádio II - XII (mm) | N10: Taxa de armadura | O10: Momento fletor - Ms (kNm) | P10: Tensão na armadura menos tension stiffening (MPa) | Q10: w (mm) | R10: Deformação na armadura menos tension stiffening | AD10: resíduo | AE10: Erro | AF10: wpred*Erro/wobs | AQ10: resíduo
A11: Viga S200-1.76-20 - Sokolov et al (2021) | B11: 20 | C11: 500 | D11: 2 | E11: 126 | F11: 4.1203405 | G11: 25 | H11: 39 | I11: 216 | J11: 201 | K11: 628 | L11: 29484 | M11: 57.361777 | N11: 0.021299688 | O11: 20.8 | P11: 120.52775 | Q11: 0.16 | R11: =P11/200000 -> 0.00060263873 | V11: =$W$2*($W$3*$G11+$W$4*$B11^$W$5*$N11^$W$6)*$R11^$W$7 -> 0.19768346 | W11: =V11/$Q11 -> 1.2355216 | Y11: =$Z$2*$B11^$Z$3*$R11^$Z$4*($Z$5*$N11^$Z$6+$Z$7) -> 0.1949344 | Z11: =Y11/$Q11 -> 1.21834 | AB11: =$AC$2*($AC$3+$AC$4*$F11/($N11*'Dataset sem TS MC2020'!P3))*($AC$5*$G11+$AC$6*$B11/$N11)*'Dataset sem TS MC2020'!R3*($J11-$M11)/($J11-$M11-$H11) -> 0.18269773 | AC11: =AB11/$Q11 -> 1.1418608 | AD11: =AB11-$Q11 -> 0.022697733 | AE11: =1/AC11 -> 0.87576347 | AF11: =AB11*(14.068*'Dataset sem TS MC2020'!$P3^-0.457)/$Q11 -> 1.3334578 | AO11: =$AP$2*($AP$3+$AP$4*$F11/($N11*'Dataset sem TS MC2020'!P3))*($AP$5*$G11+$AP$6*$B11/$N11)*('Dataset sem TS MC2020'!P3^$AP$7/200000)*($J11-$M11)/($J11-$M11-$H11)+('Dataset sem TS MC2020'!P3-$C11/$AP$8)*($AP$5*$G11+$AP$6*$B11/$N11)/200000 -> 0.19730926 | AP11: =AO11/$Q11 -> 1.2331829 | AQ11: =AO11-$Q11 -> 0.037309263
B12: 20 | C12: 500 | D12: 2 | E12: 126 | F12: 4.1203405 | G12: 25 | H12: 39 | I12: 216 | J12: 201 | K12: 628 | L12: 29484 | M12: 57.361777 | N12: 0.021299688 | O12: 27.3 | P12: 223.84798 | Q12: 0.23 | R12: =P12/200000 -> 0.0011192399 | V12: =$W$2*($W$3*$G12+$W$4*$B12^$W$5*$N12^$W$6)*$R12^$W$7 -> 0.28964147 | W12: =V12/$Q12 -> 1.2593108 | Y12: =$Z$2*$B12^$Z$3*$R12^$Z$4*($Z$5*$N12^$Z$6+$Z$7) -> 0.28756527 | Z12: =Y12/$Q12 -> 1.2502838 | AB12: =$AC$2*($AC$3+$AC$4*$F12/($N12*'Dataset sem TS MC2020'!P4))*($AC$5*$G12+$AC$6*$B12/$N12)*'Dataset sem TS MC2020'!R4*($J12-$M12)/($J12-$M12-$H12) -> 0.28726414 | AC12: =AB12/$Q12 -> 1.2489745 | AD12: =AB12-$Q12 -> 0.057264135 | AE12: =1/AC12 -> 0.80065686 | AF12: =AB12*(14.068*'Dataset sem TS MC2020'!$P4^-0.457)/$Q12 -> 1.2880962 | AO12: =$AP$2*($AP$3+$AP$4*$F12/($N12*'Dataset sem TS MC2020'!P4))*($AP$5*$G12+$AP$6*$B12/$N12)*('Dataset sem TS MC2020'!P4^$AP$7/200000)*($J12-$M12)/($J12-$M12-$H12)+('Dataset sem TS MC2020'!P4-$C12/$AP$8)*($AP$5*$G12+$AP$6*$B12/$N12)/200000 -> 0.30420253 | AP12: =AO12/$Q12 -> 1.3226197 | AQ12: =AO12-$Q12 -> 0.074202527
B13: 20 | C13: 500 | D13: 2 | E13: 126 | F13: 4.1203405 | G13: 25 | H13: 39 | I13: 216 | J13: 201 | K13: 628 | L13: 29484 | M13: 57.361777 | N13: 0.021299688 | O13: 28.2 | P13: 242.0522 | Q13: 0.24 | R13: =P13/200000 -> 0.001210261 | V13: =$W$2*($W$3*$G13+$W$4*$B13^$W$5*$N13^$W$6)*$R13^$W$7 -> 0.30395655 | W13: =V13/$Q13 -> 1.2664856 | Y13: =$Z$2*$B13^$Z$3*$R13^$Z$4*($Z$5*$N13^$Z$6+$Z$7) -> 0.30203739 | Z13: =Y13/$Q13 -> 1.2584891 | AB13: =$AC$2*($AC$3+$AC$4*$F13/($N13*'Dataset sem TS MC2020'!P5))*($AC$5*$G13+$AC$6*$B13/$N13)*'Dataset sem TS MC2020'!R5*($J13-$M13)/($J13-$M13-$H13) -> 0.30174256 | AC13: =AB13/$Q13 -> 1.2572607 | AD13: =AB13-$Q13 -> 0.06174256 | AE13: =1/AC13 -> 0.79538001 | AF13: =AB13*(14.068*'Dataset sem TS MC2020'!$P5^-0.457)/$Q13 -> 1.2775636 | AO13: =$AP$2*($AP$3+$AP$4*$F13/($N13*'Dataset sem TS MC2020'!P5))*($AP$5*$G13+$AP$6*$B13/$N13)*('Dataset sem TS MC2020'!P5^$AP$7/200000)*($J13-$M13)/($J13-$M13-$H13)+('Dataset sem TS MC2020'!P5-$C13/$AP$8)*($AP$5*$G13+$AP$6*$B13/$N13)/200000 -> 0.31848621 | AP13: =AO13/$Q13 -> 1.3270259 | AQ13: =AO13-$Q13 -> 0.078486208
B14: 20 | C14: 500 | D14: 2 | E14: 126 | F14: 4.1203405 | G14: 25 | H14: 39 | I14: 216 | J14: 201 | K14: 628 | L14: 29484 | M14: 57.361777 | N14: 0.021299688 | O14: 32.6 | P14: 325.14719 | Q14: 0.27 | R14: =P14/200000 -> 0.001625736 | V14: =$W$2*($W$3*$G14+$W$4*$B14^$W$5*$N14^$W$6)*$R14^$W$7 -> 0.36466409 | W14: =V14/$Q14 -> 1.3506077 | Y14: =$Z$2*$B14^$Z$3*$R14^$Z$4*($Z$5*$N14^$Z$6+$Z$7) -> 0.36353989 | Z14: =Y14/$Q14 -> 1.346444 | AB14: =$AC$2*($AC$3+$AC$4*$F14/($N14*'Dataset sem TS MC2020'!P6))*($AC$5*$G14+$AC$6*$B14/$N14)*'Dataset sem TS MC2020'!R6*($J14-$M14)/($J14-$M14-$H14) -> 0.37252597 | AC14: =AB14/$Q14 -> 1.3797258 | AD14: =AB14-$Q14 -> 0.10252597 | AE14: =1/AC14 -> 0.72478168 | AF14: =AB14*(14.068*'Dataset sem TS MC2020'!$P6^-0.457)/$Q14 -> 1.3121195 | AO14: =$AP$2*($AP$3+$AP$4*$F14/($N14*'Dataset sem TS MC2020'!P6))*($AP$5*$G14+$AP$6*$B14/$N14)*('Dataset sem TS MC2020'!P6^$AP$7/200000)*($J14-$M14)/($J14-$M14-$H14)+('Dataset sem TS MC2020'!P6-$C14/$AP$8)*($AP$5*$G14+$AP$6*$B14/$N14)/200000 -> 0.38687098 | AP14: =AO14/$Q14 -> 1.4328555 | AQ14: =AO14-$Q14 -> 0.11687098
B15: 20 | C15: 500 | D15: 2 | E15: 126 | F15: 4.1203405 | G15: 25 | H15: 39 | I15: 216 | J15: 201 | K15: 628 | L15: 29484 | M15: 57.361777 | N15: 0.021299688 | O15: 41.2 | P15: 447.78446 | Q15: 0.35 | R15: =P15/200000 -> 0.0022389223 | V15: =$W$2*($W$3*$G15+$W$4*$B15^$W$5*$N15^$W$6)*$R15^$W$7 -> 0.44427228 | W15: =V15/$Q15 -> 1.2693494 | Y15: =$Z$2*$B15^$Z$3*$R15^$Z$4*($Z$5*$N15^$Z$6+$Z$7) -> 0.4444646 | Z15: =Y15/$Q15 -> 1.2698988 | AB15: =$AC$2*($AC$3+$AC$4*$F15/($N15*'Dataset sem TS MC2020'!P7))*($AC$5*$G15+$AC$6*$B15/$N15)*'Dataset sem TS MC2020'!R7*($J15-$M15)/($J15-$M15-$H15) -> 0.51087536 | AC15: =AB15/$Q15 -> 1.4596439 | AD15: =AB15-$Q15 -> 0.16087536 | AE15: =1/AC15 -> 0.68509861 | AF15: =AB15*(14.068*'Dataset sem TS MC2020'!$P7^-0.457)/$Q15 -> 1.2472684 | AO15: =$AP$2*($AP$3+$AP$4*$F15/($N15*'Dataset sem TS MC2020'!P7))*($AP$5*$G15+$AP$6*$B15/$N15)*('Dataset sem TS MC2020'!P7^$AP$7/200000)*($J15-$M15)/($J15-$M15-$H15)+('Dataset sem TS MC2020'!P7-$C15/$AP$8)*($AP$5*$G15+$AP$6*$B15/$N15)/200000 -> 0.51490295 | AP15: =AO15/$Q15 -> 1.4711513 | AQ15: =AO15-$Q15 -> 0.16490295
B16: 20 | C16: 500 | D16: 2 | E16: 126 | F16: 4.1203405 | G16: 25 | H16: 39 | I16: 216 | J16: 201 | K16: 628 | L16: 29484 | M16: 57.361777 | N16: 0.021299688 | O16: 44.9 | P16: 500 | Q16: 0.4 | R16: =P16/200000 -> 0.0025 | V16: =$W$2*($W$3*$G16+$W$4*$B16^$W$5*$N16^$W$6)*$R16^$W$7 -> 0.4755587 | W16: =V16/$Q16 -> 1.1888967 | Y16: =$Z$2*$B16^$Z$3*$R16^$Z$4*($Z$5*$N16^$Z$6+$Z$7) -> 0.47634213 | Z16: =Y16/$Q16 -> 1.1908553 | AB16: =$AC$2*($AC$3+$AC$4*$F16/($N16*'Dataset sem TS MC2020'!P8))*($AC$5*$G16+$AC$6*$B16/$N16)*'Dataset sem TS MC2020'!R8*($J16-$M16)/($J16-$M16-$H16) -> 0.5698208 | AC16: =AB16/$Q16 -> 1.424552 | AD16: =AB16-$Q16 -> 0.1698208 | AE16: =1/AC16 -> 0.70197508 | AF16: =AB16*(14.068*'Dataset sem TS MC2020'!$P8^-0.457)/$Q16 -> 1.1707964 | AO16: =$AP$2*($AP$3+$AP$4*$F16/($N16*'Dataset sem TS MC2020'!P8))*($AP$5*$G16+$AP$6*$B16/$N16)*('Dataset sem TS MC2020'!P8^$AP$7/200000)*($J16-$M16)/($J16-$M16-$H16)+('Dataset sem TS MC2020'!P8-$C16/$AP$8)*($AP$5*$G16+$AP$6*$B16/$N16)/200000 -> 0.56764369 | AP16: =AO16/$Q16 -> 1.4191092 | AQ16: =AO16-$Q16 -> 0.16764369
A17: Viga S600-0.37-10 - Sokolov et al (2021) | B17: 10 | C17: 500 | D17: 8 | E17: 87.7 | F17: 4.1311268 | G17: 25 | H17: 53 | I17: 308 | J17: 604 | K17: 628 | L17: 43428 | M17: 99.6964 | N17: 0.014460717 | O17: 105 | P17: 224.98496 | Q17: 0.16 | R17: =P17/200000 -> 0.0011249248 | V17: =$W$2*($W$3*$G17+$W$4*$B17^$W$5*$N17^$W$6)*$R17^$W$7 -> 0.2142315 | W17: =V17/$Q17 -> 1.3389469 | Y17: =$Z$2*$B17^$Z$3*$R17^$Z$4*($Z$5*$N17^$Z$6+$Z$7) -> 0.2112024 | Z17: =Y17/$Q17 -> 1.320015 | AB17: =$AC$2*($AC$3+$AC$4*$F17/($N17*'Dataset sem TS MC2020'!P9))*($AC$5*$G17+$AC$6*$B17/$N17)*'Dataset sem TS MC2020'!R9*($J17-$M17)/($J17-$M17-$H17) -> 0.15319516 | AC17: =AB17/$Q17 -> 0.95746978 | AD17: =AB17-$Q17 -> -0.0068048354 | AE17: =1/AC17 -> 1.0444194 | AF17: =AB17*(14.068*'Dataset sem TS MC2020'!$P9^-0.457)/$Q17 -> 0.96095095 | AO17: =$AP$2*($AP$3+$AP$4*$F17/($N17*'Dataset sem TS MC2020'!P9))*($AP$5*$G17+$AP$6*$B17/$N17)*('Dataset sem TS MC2020'!P9^$AP$7/200000)*($J17-$M17)/($J17-$M17-$H17)+('Dataset sem TS MC2020'!P9-$C17/$AP$8)*($AP$5*$G17+$AP$6*$B17/$N17)/200000 -> 0.16014114 | AP17: =AO17/$Q17 -> 1.0008821 | AQ17: =AO17-$Q17 -> 0.00014113896
B18: 10 | C18: 500 | D18: 8 | E18: 87.7 | F18: 4.1311268 | G18: 25 | H18: 53 | I18: 308 | J18: 604 | K18: 628 | L18: 43428 | M18: 99.6964 | N18: 0.014460717 | O18: 119.6 | P18: 301.65384 | Q18: 0.18 | R18: =P18/200000 -> 0.0015082692 | V18: =$W$2*($W$3*$G18+$W$4*$B18^$W$5*$N18^$W$6)*$R18^$W$7 -> 0.25672111 | W18: =V18/$Q18 -> 1.4262284 | Y18: =$Z$2*$B18^$Z$3*$R18^$Z$4*($Z$5*$N18^$Z$6+$Z$7) -> 0.25390896 | Z18: =Y18/$Q18 -> 1.4106053 | AB18: =$AC$2*($AC$3+$AC$4*$F18/($N18*'Dataset sem TS MC2020'!P10))*($AC$5*$G18+$AC$6*$B18/$N18)*'Dataset sem TS MC2020'!R10*($J18-$M18)/($J18-$M18-$H18) -> 0.19426213 | AC18: =AB18/$Q18 -> 1.0792341 | AD18: =AB18-$Q18 -> 0.014262131 | AE18: =1/AC18 -> 0.92658306 | AF18: =AB18*(14.068*'Dataset sem TS MC2020'!$P10^-0.457)/$Q18 -> 1.020592 | AO18: =$AP$2*($AP$3+$AP$4*$F18/($N18*'Dataset sem TS MC2020'!P10))*($AP$5*$G18+$AP$6*$B18/$N18)*('Dataset sem TS MC2020'!P10^$AP$7/200000)*($J18-$M18)/($J18-$M18-$H18)+('Dataset sem TS MC2020'!P10-$C18/$AP$8)*($AP$5*$G18+$AP$6*$B18/$N18)/200000 -> 0.20092938 | AP18: =AO18/$Q18 -> 1.1162744 | AQ18: =AO18-$Q18 -> 0.020929385
B19: 10 | C19: 500 | D19: 8 | E19: 87.7 | F19: 4.1311268 | G19: 25 | H19: 53 | I19: 308 | J19: 604 | K19: 628 | L19: 43428 | M19: 99.6964 | N19: 0.014460717 | O19: 174.3 | P19: 497.36822 | Q19: 0.26 | R19: =P19/200000 -> 0.0024868411 | V19: =$W$2*($W$3*$G19+$W$4*$B19^$W$5*$N19^$W$6)*$R19^$W$7 -> 0.34950627 | W19: =V19/$Q19 -> 1.3442549 | Y19: =$Z$2*$B19^$Z$3*$R19^$Z$4*($Z$5*$N19^$Z$6+$Z$7) -> 0.34758439 | Z19: =Y19/$Q19 -> 1.336863 | AB19: =$AC$2*($AC$3+$AC$4*$F19/($N19*'Dataset sem TS MC2020'!P11))*($AC$5*$G19+$AC$6*$B19/$N19)*'Dataset sem TS MC2020'!R11*($J19-$M19)/($J19-$M19-$H19) -> 0.31515403 | AC19: =AB19/$Q19 -> 1.2121309 | AD19: =AB19-$Q19 -> 0.055154025 | AE19: =1/AC19 -> 0.82499343 | AF19: =AB19*(14.068*'Dataset sem TS MC2020'!$P11^-0.457)/$Q19 -> 0.99621386 | AO19: =$AP$2*($AP$3+$AP$4*$F19/($N19*'Dataset sem TS MC2020'!P11))*($AP$5*$G19+$AP$6*$B19/$N19)*('Dataset sem TS MC2020'!P11^$AP$7/200000)*($J19-$M19)/($J19-$M19-$H19)+('Dataset sem TS MC2020'!P11-$C19/$AP$8)*($AP$5*$G19+$AP$6*$B19/$N19)/200000 -> 0.31465649 | AP19: =AO19/$Q19 -> 1.2102173 | AQ19: =AO19-$Q19 -> 0.05465649
A20: Viga V1 - Oliveira (2007) | B20: 10 | C20: 628 | D20: 4 | E20: 32.466667 | F20: 3.262 | G20: 25 | H20: 36 | I20: 200 | J20: 600 | K20: 314 | L20: 17200 | M20: 95.721927 | N20: 0.018255814 | O20: 47.625 | P20: 178.11588 | Q20: 0.16 | R20: =P20/200000 -> 0.00089057942 | V20: =$W$2*($W$3*$G20+$W$4*$B20^$W$5*$N20^$W$6)*$R20^$W$7 -> 0.16827313 | W20: =V20/$Q20 -> 1.0517071 | Y20: =$Z$2*$B20^$Z$3*$R20^$Z$4*($Z$5*$N20^$Z$6+$Z$7) -> 0.16400319 | Z20: =Y20/$Q20 -> 1.0250199 | AB20: =$AC$2*($AC$3+$AC$4*$F20/($N20*'Dataset sem TS MC2020'!P12))*($AC$5*$G20+$AC$6*$B20/$N20)*'Dataset sem TS MC2020'!R12*($J20-$M20)/($J20-$M20-$H20) -> 0.1381736 | AC20: =AB20/$Q20 -> 0.86358503 | AD20: =AB20-$Q20 -> -0.021826395 | AE20: =1/AC20 -> 1.1579636 | AF20: =AB20*(14.068*'Dataset sem TS MC2020'!$P12^-0.457)/$Q20 -> 0.9175715 | AO20: =$AP$2*($AP$3+$AP$4*$F20/($N20*'Dataset sem TS MC2020'!P12))*($AP$5*$G20+$AP$6*$B20/$N20)*('Dataset sem TS MC2020'!P12^$AP$7/200000)*($J20-$M20)/($J20-$M20-$H20)+('Dataset sem TS MC2020'!P12-$C20/$AP$8)*($AP$5*$G20+$AP$6*$B20/$N20)/200000 -> 0.14151898 | AP20: =AO20/$Q20 -> 0.88449366 | AQ20: =AO20-$Q20 -> -0.018481015
B21: 10 | C21: 628 | D21: 4 | E21: 32.466667 | F21: 3.262 | G21: 25 | H21: 36 | I21: 200 | J21: 600 | K21: 314 | L21: 17200 | M21: 95.721927 | N21: 0.018255814 | O21: 54.3 | P21: 242.19704 | Q21: 0.2 | R21: =P21/200000 -> 0.0012109852 | V21: =$W$2*($W$3*$G21+$W$4*$B21^$W$5*$N21^$W$6)*$R21^$W$7 -> 0.20340584 | W21: =V21/$Q21 -> 1.0170292 | Y21: =$Z$2*$B21^$Z$3*$R21^$Z$4*($Z$5*$N21^$Z$6+$Z$7) -> 0.19891569 | Z21: =Y21/$Q21 -> 0.99457847 | AB21: =$AC$2*($AC$3+$AC$4*$F21/($N21*'Dataset sem TS MC2020'!P13))*($AC$5*$G21+$AC$6*$B21/$N21)*'Dataset sem TS MC2020'!R13*($J21-$M21)/($J21-$M21-$H21) -> 0.16756213 | AC21: =AB21/$Q21 -> 0.83781067 | AD21: =AB21-$Q21 -> -0.032437866 | AE21: =1/AC21 -> 1.1935871 | AF21: =AB21*(14.068*'Dataset sem TS MC2020'!$P13^-0.457)/$Q21 -> 0.83839324 | AO21: =$AP$2*($AP$3+$AP$4*$F21/($N21*'Dataset sem TS MC2020'!P13))*($AP$5*$G21+$AP$6*$B21/$N21)*('Dataset sem TS MC2020'!P13^$AP$7/200000)*($J21-$M21)/($J21-$M21-$H21)+('Dataset sem TS MC2020'!P13-$C21/$AP$8)*($AP$5*$G21+$AP$6*$B21/$N21)/200000 -> 0.17040509 | AP21: =AO21/$Q21 -> 0.85202543 | AQ21: =AO21-$Q21 -> -0.029594915
B22: 10 | C22: 628 | D22: 4 | E22: 32.466667 | F22: 3.262 | G22: 25 | H22: 36 | I22: 200 | J22: 600 | K22: 314 | L22: 17200 | M22: 95.721927 | N22: 0.018255814 | O22: 61.425 | P22: 308.13373 | Q22: 0.2 | R22: =P22/200000 -> 0.0015406687 | V22: =$W$2*($W$3*$G22+$W$4*$B22^$W$5*$N22^$W$6)*$R22^$W$7 -> 0.23598443 | W22: =V22/$Q22 -> 1.1799222 | Y22: =$Z$2*$B22^$Z$3*$R22^$Z$4*($Z$5*$N22^$Z$6+$Z$7) -> 0.23138717 | Z22: =Y22/$Q22 -> 1.1569358 | AB22: =$AC$2*($AC$3+$AC$4*$F22/($N22*'Dataset sem TS MC2020'!P14))*($AC$5*$G22+$AC$6*$B22/$N22)*'Dataset sem TS MC2020'!R14*($J22-$M22)/($J22-$M22-$H22) -> 0.19893191 | AC22: =AB22/$Q22 -> 0.99465956 | AD22: =AB22-$Q22 -> -0.0010680871 | AE22: =1/AC22 -> 1.0053691 | AF22: =AB22*(14.068*'Dataset sem TS MC2020'!$P14^-0.457)/$Q22 -> 0.9408191 | AO22: =$AP$2*($AP$3+$AP$4*$F22/($N22*'Dataset sem TS MC2020'!P14))*($AP$5*$G22+$AP$6*$B22/$N22)*('Dataset sem TS MC2020'!P14^$AP$7/200000)*($J22-$M22)/($J22-$M22-$H22)+('Dataset sem TS MC2020'!P14-$C22/$AP$8)*($AP$5*$G22+$AP$6*$B22/$N22)/200000 -> 0.20037279 | AP22: =AO22/$Q22 -> 1.0018639 | AQ22: =AO22-$Q22 -> 0.0003727879
B23: 10 | C23: 628 | D23: 4 | E23: 32.466667 | F23: 3.262 | G23: 25 | H23: 36 | I23: 200 | J23: 600 | K23: 314 | L23: 17200 | M23: 95.721927 | N23: 0.018255814 | O23: 68.625 | P23: 368.31936 | Q23: 0.24 | R23: =P23/200000 -> 0.0018415968 | V23: =$W$2*($W$3*$G23+$W$4*$B23^$W$5*$N23^$W$6)*$R23^$W$7 -> 0.26344611 | W23: =V23/$Q23 -> 1.0976921 | Y23: =$Z$2*$B23^$Z$3*$R23^$Z$4*($Z$5*$N23^$Z$6+$Z$7) -> 0.25882132 | Z23: =Y23/$Q23 -> 1.0784222 | AB23: =$AC$2*($AC$3+$AC$4*$F23/($N23*'Dataset sem TS MC2020'!P15))*($AC$5*$G23+$AC$6*$B23/$N23)*'Dataset sem TS MC2020'!R15*($J23-$M23)/($J23-$M23-$H23) -> 0.2306319 | AC23: =AB23/$Q23 -> 0.96096625 | AD23: =AB23-$Q23 -> -0.0093681003 | AE23: =1/AC23 -> 1.0406193 | AF23: =AB23*(14.068*'Dataset sem TS MC2020'!$P15^-0.457)/$Q23 -> 0.86405443 | AO23: =$AP$2*($AP$3+$AP$4*$F23/($N23*'Dataset sem TS MC2020'!P15))*($AP$5*$G23+$AP$6*$B23/$N23)*('Dataset sem TS MC2020'!P15^$AP$7/200000)*($J23-$M23)/($J23-$M23-$H23)+('Dataset sem TS MC2020'!P15-$C23/$AP$8)*($AP$5*$G23+$AP$6*$B23/$N23)/200000 -> 0.22989655 | AP23: =AO23/$Q23 -> 0.9579023 | AQ23: =AO23-$Q23 -> -0.010103449
B24: 10 | C24: 628 | D24: 4 | E24: 32.466667 | F24: 3.262 | G24: 25 | H24: 36 | I24: 200 | J24: 600 | K24: 314 | L24: 17200 | M24: 95.721927 | N24: 0.018255814 | O24: 73.275 | P24: 401.01025 | Q24: 0.3 | R24: =P24/200000 -> 0.0020050512 | V24: =$W$2*($W$3*$G24+$W$4*$B24^$W$5*$N24^$W$6)*$R24^$W$7 -> 0.27763753 | W24: =V24/$Q24 -> 0.92545842 | Y24: =$Z$2*$B24^$Z$3*$R24^$Z$4*($Z$5*$N24^$Z$6+$Z$7) -> 0.27301887 | Z24: =Y24/$Q24 -> 0.91006289 | AB24: =$AC$2*($AC$3+$AC$4*$F24/($N24*'Dataset sem TS MC2020'!P16))*($AC$5*$G24+$AC$6*$B24/$N24)*'Dataset sem TS MC2020'!R16*($J24-$M24)/($J24-$M24-$H24) -> 0.25110481 | AC24: =AB24/$Q24 -> 0.83701603 | AD24: =AB24-$Q24 -> -0.048895192 | AE24: =1/AC24 -> 1.1947203 | AF24: =AB24*(14.068*'Dataset sem TS MC2020'!$P16^-0.457)/$Q24 -> 0.73038923 | AO24: =$AP$2*($AP$3+$AP$4*$F24/($N24*'Dataset sem TS MC2020'!P16))*($AP$5*$G24+$AP$6*$B24/$N24)*('Dataset sem TS MC2020'!P16^$AP$7/200000)*($J24-$M24)/($J24-$M24-$H24)+('Dataset sem TS MC2020'!P16-$C24/$AP$8)*($AP$5*$G24+$AP$6*$B24/$N24)/200000 -> 0.24861266 | AP24: =AO24/$Q24 -> 0.82870885 | AQ24: =AO24-$Q24 -> -0.051387344
B25: 10 | C25: 628 | D25: 4 | E25: 32.466667 | F25: 3.262 | G25: 25 | H25: 36 | I25: 200 | J25: 600 | K25: 314 | L25: 17200 | M25: 95.721927 | N25: 0.018255814 | O25: 83.25 | P25: 498.05773 | Q25: 0.32 | R25: =P25/200000 -> 0.0024902886 | V25: =$W$2*($W$3*$G25+$W$4*$B25^$W$5*$N25^$W$6)*$R25^$W$7 -> 0.31736045 | W25: =V25/$Q25 -> 0.99175142 | Y25: =$Z$2*$B25^$Z$3*$R25^$Z$4*($Z$5*$N25^$Z$6+$Z$7) -> 0.31282587 | Z25: =Y25/$Q25 -> 0.97758086 | AB25: =$AC$2*($AC$3+$AC$4*$F25/($N25*'Dataset sem TS MC2020'!P17))*($AC$5*$G25+$AC$6*$B25/$N25)*'Dataset sem TS MC2020'!R17*($J25-$M25)/($J25-$M25-$H25) -> 0.2950225 | AC25: =AB25/$Q25 -> 0.92194531 | AD25: =AB25-$Q25 -> -0.024977502 | AE25: =1/AC25 -> 1.084663 | AF25: =AB25*(14.068*'Dataset sem TS MC2020'!$P17^-0.457)/$Q25 -> 0.75891819 | AO25: =$AP$2*($AP$3+$AP$4*$F25/($N25*'Dataset sem TS MC2020'!P17))*($AP$5*$G25+$AP$6*$B25/$N25)*('Dataset sem TS MC2020'!P17^$AP$7/200000)*($J25-$M25)/($J25-$M25-$H25)+('Dataset sem TS MC2020'!P17-$C25/$AP$8)*($AP$5*$G25+$AP$6*$B25/$N25)/200000 -> 0.28795738 | AP25: =AO25/$Q25 -> 0.89986681 | AQ25: =AO25-$Q25 -> -0.03204262
B26: 10 | C26: 628 | D26: 4 | E26: 32.466667 | F26: 3.262 | G26: 25 | H26: 36 | I26: 200 | J26: 600 | K26: 314 | L26: 17200 | M26: 95.721927 | N26: 0.018255814 | O26: 84 | P26: 502.76188 | Q26: 0.38 | R26: =P26/200000 -> 0.0025138094 | V26: =$W$2*($W$3*$G26+$W$4*$B26^$W$5*$N26^$W$6)*$R26^$W$7 -> 0.31920656 | W26: =V26/$Q26 -> 0.84001726 | Y26: =$Z$2*$B26^$Z$3*$R26^$Z$4*($Z$5*$N26^$Z$6+$Z$7) -> 0.31467814 | Z26: =Y26/$Q26 -> 0.82810038 | AB26: =$AC$2*($AC$3+$AC$4*$F26/($N26*'Dataset sem TS MC2020'!P18))*($AC$5*$G26+$AC$6*$B26/$N26)*'Dataset sem TS MC2020'!R18*($J26-$M26)/($J26-$M26-$H26) -> 0.29832458 | AC26: =AB26/$Q26 -> 0.78506468 | AD26: =AB26-$Q26 -> -0.08167542 | AE26: =1/AC26 -> 1.2737804 | AF26: =AB26*(14.068*'Dataset sem TS MC2020'!$P18^-0.457)/$Q26 -> 0.64359878 | AO26: =$AP$2*($AP$3+$AP$4*$F26/($N26*'Dataset sem TS MC2020'!P18))*($AP$5*$G26+$AP$6*$B26/$N26)*('Dataset sem TS MC2020'!P18^$AP$7/200000)*($J26-$M26)/($J26-$M26-$H26)+('Dataset sem TS MC2020'!P18-$C26/$AP$8)*($AP$5*$G26+$AP$6*$B26/$N26)/200000 -> 0.29087529 | AP26: =AO26/$Q26 -> 0.76546129 | AQ26: =AO26-$Q26 -> -0.089124711
B27: 10 | C27: 628 | D27: 4 | E27: 32.466667 | F27: 3.262 | G27: 25 | H27: 36 | I27: 200 | J27: 600 | K27: 314 | L27: 17200 | M27: 95.721927 | N27: 0.018255814 | O27: 90 | P27: 538.67345 | Q27: 0.42 | R27: =P27/200000 -> 0.0026933672 | V27: =$W$2*($W$3*$G27+$W$4*$B27^$W$5*$N27^$W$6)*$R27^$W$7 -> 0.3330881 | W27: =V27/$Q27 -> 0.79306691 | Y27: =$Z$2*$B27^$Z$3*$R27^$Z$4*($Z$5*$N27^$Z$6+$Z$7) -> 0.32861205 | Z27: =Y27/$Q27 -> 0.78240964 | AB27: =$AC$2*($AC$3+$AC$4*$F27/($N27*'Dataset sem TS MC2020'!P19))*($AC$5*$G27+$AC$6*$B27/$N27)*'Dataset sem TS MC2020'!R19*($J27-$M27)/($J27-$M27-$H27) -> 0.32474124 | AC27: =AB27/$Q27 -> 0.77319342 | AD27: =AB27-$Q27 -> -0.095258764 | AE27: =1/AC27 -> 1.2933374 | AF27: =AB27*(14.068*'Dataset sem TS MC2020'!$P19^-0.457)/$Q27 -> 0.6141928 | AO27: =$AP$2*($AP$3+$AP$4*$F27/($N27*'Dataset sem TS MC2020'!P19))*($AP$5*$G27+$AP$6*$B27/$N27)*('Dataset sem TS MC2020'!P19^$AP$7/200000)*($J27-$M27)/($J27-$M27-$H27)+('Dataset sem TS MC2020'!P19-$C27/$AP$8)*($AP$5*$G27+$AP$6*$B27/$N27)/200000 -> 0.31403394 | AP27: =AO27/$Q27 -> 0.74769985 | AQ27: =AO27-$Q27 -> -0.10596606
B28: 10 | C28: 628 | D28: 4 | E28: 32.466667 | F28: 3.262 | G28: 25 | H28: 36 | I28: 200 | J28: 600 | K28: 314 | L28: 17200 | M28: 95.721927 | N28: 0.018255814 | O28: 108 | P28: 628 | Q28: 0.44 | R28: =P28/200000 -> 0.00314 | V28: =$W$2*($W$3*$G28+$W$4*$B28^$W$5*$N28^$W$6)*$R28^$W$7 -> 0.36616122 | W28: =V28/$Q28 -> 0.83218458 | Y28: =$Z$2*$B28^$Z$3*$R28^$Z$4*($Z$5*$N28^$Z$6+$Z$7) -> 0.36185092 | Z28: =Y28/$Q28 -> 0.82238846 | AB28: =$AC$2*($AC$3+$AC$4*$F28/($N28*'Dataset sem TS MC2020'!P20))*($AC$5*$G28+$AC$6*$B28/$N28)*'Dataset sem TS MC2020'!R20*($J28-$M28)/($J28-$M28-$H28) -> 0.39045012 | AC28: =AB28/$Q28 -> 0.88738664 | AD28: =AB28-$Q28 -> -0.049549879 | AE28: =1/AC28 -> 1.1269045 | AF28: =AB28*(14.068*'Dataset sem TS MC2020'!$P20^-0.457)/$Q28 -> 0.65716994 | AO28: =$AP$2*($AP$3+$AP$4*$F28/($N28*'Dataset sem TS MC2020'!P20))*($AP$5*$G28+$AP$6*$B28/$N28)*('Dataset sem TS MC2020'!P20^$AP$7/200000)*($J28-$M28)/($J28-$M28-$H28)+('Dataset sem TS MC2020'!P20-$C28/$AP$8)*($AP$5*$G28+$AP$6*$B28/$N28)/200000 -> 0.37036258 | AP28: =AO28/$Q28 -> 0.84173314 | AQ28: =AO28-$Q28 -> -0.069637417
B29: 10 | C29: 628 | D29: 4 | E29: 32.466667 | F29: 3.262 | G29: 25 | H29: 36 | I29: 200 | J29: 600 | K29: 314 | L29: 17200 | M29: 95.721927 | N29: 0.018255814 | O29: 120 | P29: 628 | Q29: 0.5 | R29: =P29/200000 -> 0.00314 | V29: =$W$2*($W$3*$G29+$W$4*$B29^$W$5*$N29^$W$6)*$R29^$W$7 -> 0.36616122 | W29: =V29/$Q29 -> 0.73232243 | Y29: =$Z$2*$B29^$Z$3*$R29^$Z$4*($Z$5*$N29^$Z$6+$Z$7) -> 0.36185092 | Z29: =Y29/$Q29 -> 0.72370184 | AB29: =$AC$2*($AC$3+$AC$4*$F29/($N29*'Dataset sem TS MC2020'!P21))*($AC$5*$G29+$AC$6*$B29/$N29)*'Dataset sem TS MC2020'!R21*($J29-$M29)/($J29-$M29-$H29) -> 0.39045012 | AC29: =AB29/$Q29 -> 0.78090024 | AD29: =AB29-$Q29 -> -0.10954988 | AE29: =1/AC29 -> 1.2805733 | AF29: =AB29*(14.068*'Dataset sem TS MC2020'!$P21^-0.457)/$Q29 -> 0.57830954 | AO29: =$AP$2*($AP$3+$AP$4*$F29/($N29*'Dataset sem TS MC2020'!P21))*($AP$5*$G29+$AP$6*$B29/$N29)*('Dataset sem TS MC2020'!P21^$AP$7/200000)*($J29-$M29)/($J29-$M29-$H29)+('Dataset sem TS MC2020'!P21-$C29/$AP$8)*($AP$5*$G29+$AP$6*$B29/$N29)/200000 -> 0.37036258 | AP29: =AO29/$Q29 -> 0.74072517 | AQ29: =AO29-$Q29 -> -0.12963742
A30: Viga V2 - Oliveira (2007) | B30: 10 | C30: 628 | D30: 4 | E30: 32.466667 | F30: 3.514 | G30: 25 | H30: 36 | I30: 200 | J30: 600 | K30: 314 | L30: 17200 | M30: 87.120679 | N30: 0.018255814 | O30: 54 | P30: 249.68578 | Q30: 0.24 | R30: =P30/200000 -> 0.0012484289 | V30: =$W$2*($W$3*$G30+$W$4*$B30^$W$5*$N30^$W$6)*$R30^$W$7 -> 0.20726369 | W30: =V30/$Q30 -> 0.86359871 | Y30: =$Z$2*$B30^$Z$3*$R30^$Z$4*($Z$5*$N30^$Z$6+$Z$7) -> 0.20275629 | Z30: =Y30/$Q30 -> 0.84481789 | AB30: =$AC$2*($AC$3+$AC$4*$F30/($N30*'Dataset sem TS MC2020'!P22))*($AC$5*$G30+$AC$6*$B30/$N30)*'Dataset sem TS MC2020'!R22*($J30-$M30)/($J30-$M30-$H30) -> 0.15923753 | AC30: =AB30/$Q30 -> 0.66348969 | AD30: =AB30-$Q30 -> -0.080762474 | AE30: =1/AC30 -> 1.5071824 | AF30: =AB30*(14.068*'Dataset sem TS MC2020'!$P22^-0.457)/$Q30 -> 0.66727091 | AO30: =$AP$2*($AP$3+$AP$4*$F30/($N30*'Dataset sem TS MC2020'!P22))*($AP$5*$G30+$AP$6*$B30/$N30)*('Dataset sem TS MC2020'!P22^$AP$7/200000)*($J30-$M30)/($J30-$M30-$H30)+('Dataset sem TS MC2020'!P22-$C30/$AP$8)*($AP$5*$G30+$AP$6*$B30/$N30)/200000 -> 0.16191714 | AP30: =AO30/$Q30 -> 0.67465473 | AQ30: =AO30-$Q30 -> -0.078082865
B31: 10 | C31: 628 | D31: 4 | E31: 32.466667 | F31: 3.514 | G31: 25 | H31: 36 | I31: 200 | J31: 600 | K31: 314 | L31: 17200 | M31: 87.120679 | N31: 0.018255814 | O31: 60 | P31: 336.5738 | Q31: 0.3 | R31: =P31/200000 -> 0.001682869 | V31: =$W$2*($W$3*$G31+$W$4*$B31^$W$5*$N31^$W$6)*$R31^$W$7 -> 0.24919527 | W31: =V31/$Q31 -> 0.83065089 | Y31: =$Z$2*$B31^$Z$3*$R31^$Z$4*($Z$5*$N31^$Z$6+$Z$7) -> 0.24457804 | Z31: =Y31/$Q31 -> 0.81526012 | AB31: =$AC$2*($AC$3+$AC$4*$F31/($N31*'Dataset sem TS MC2020'!P23))*($AC$5*$G31+$AC$6*$B31/$N31)*'Dataset sem TS MC2020'!R23*($J31-$M31)/($J31-$M31-$H31) -> 0.18547877 | AC31: =AB31/$Q31 -> 0.61826257 | AD31: =AB31-$Q31 -> -0.11452123 | AE31: =1/AC31 -> 1.6174358 | AF31: =AB31*(14.068*'Dataset sem TS MC2020'!$P23^-0.457)/$Q31 -> 0.59255654 | AO31: =$AP$2*($AP$3+$AP$4*$F31/($N31*'Dataset sem TS MC2020'!P23))*($AP$5*$G31+$AP$6*$B31/$N31)*('Dataset sem TS MC2020'!P23^$AP$7/200000)*($J31-$M31)/($J31-$M31-$H31)+('Dataset sem TS MC2020'!P23-$C31/$AP$8)*($AP$5*$G31+$AP$6*$B31/$N31)/200000 -> 0.187208 | AP31: =AO31/$Q31 -> 0.62402667 | AQ31: =AO31-$Q31 -> -0.112792
B32: 10 | C32: 628 | D32: 4 | E32: 32.466667 | F32: 3.514 | G32: 25 | H32: 36 | I32: 200 | J32: 600 | K32: 314 | L32: 17200 | M32: 87.120679 | N32: 0.018255814 | O32: 62.25 | P32: 361.87936 | Q32: 0.3 | R32: =P32/200000 -> 0.0018093968 | V32: =$W$2*($W$3*$G32+$W$4*$B32^$W$5*$N32^$W$6)*$R32^$W$7 -> 0.26059442 | W32: =V32/$Q32 -> 0.86864808 | Y32: =$Z$2*$B32^$Z$3*$R32^$Z$4*($Z$5*$N32^$Z$6+$Z$7) -> 0.25597002 | Z32: =Y32/$Q32 -> 0.8532334 | AB32: =$AC$2*($AC$3+$AC$4*$F32/($N32*'Dataset sem TS MC2020'!P24))*($AC$5*$G32+$AC$6*$B32/$N32)*'Dataset sem TS MC2020'!R24*($J32-$M32)/($J32-$M32-$H32) -> 0.19531924 | AC32: =AB32/$Q32 -> 0.65106413 | AD32: =AB32-$Q32 -> -0.10468076 | AE32: =1/AC32 -> 1.535947 | AF32: =AB32*(14.068*'Dataset sem TS MC2020'!$P24^-0.457)/$Q32 -> 0.61358403 | AO32: =$AP$2*($AP$3+$AP$4*$F32/($N32*'Dataset sem TS MC2020'!P24))*($AP$5*$G32+$AP$6*$B32/$N32)*('Dataset sem TS MC2020'!P24^$AP$7/200000)*($J32-$M32)/($J32-$M32-$H32)+('Dataset sem TS MC2020'!P24-$C32/$AP$8)*($AP$5*$G32+$AP$6*$B32/$N32)/200000 -> 0.19654385 | AP32: =AO32/$Q32 -> 0.65514615 | AQ32: =AO32-$Q32 -> -0.10345615
B33: 10 | C33: 628 | D33: 4 | E33: 32.466667 | F33: 3.514 | G33: 25 | H33: 36 | I33: 200 | J33: 600 | K33: 314 | L33: 17200 | M33: 87.120679 | N33: 0.018255814 | O33: 66 | P33: 392.91007 | Q33: 0.3 | R33: =P33/200000 -> 0.0019645504 | V33: =$W$2*($W$3*$G33+$W$4*$B33^$W$5*$N33^$W$6)*$R33^$W$7 -> 0.27416381 | W33: =V33/$Q33 -> 0.91387936 | Y33: =$Z$2*$B33^$Z$3*$R33^$Z$4*($Z$5*$N33^$Z$6+$Z$7) -> 0.26954242 | Z33: =Y33/$Q33 -> 0.89847475 | AB33: =$AC$2*($AC$3+$AC$4*$F33/($N33*'Dataset sem TS MC2020'!P25))*($AC$5*$G33+$AC$6*$B33/$N33)*'Dataset sem TS MC2020'!R25*($J33-$M33)/($J33-$M33-$H33) -> 0.21172002 | AC33: =AB33/$Q33 -> 0.70573339 | AD33: =AB33-$Q33 -> -0.088279984 | AE33: =1/AC33 -> 1.4169657 | AF33: =AB33*(14.068*'Dataset sem TS MC2020'!$P25^-0.457)/$Q33 -> 0.64756154 | AO33: =$AP$2*($AP$3+$AP$4*$F33/($N33*'Dataset sem TS MC2020'!P25))*($AP$5*$G33+$AP$6*$B33/$N33)*('Dataset sem TS MC2020'!P25^$AP$7/200000)*($J33-$M33)/($J33-$M33-$H33)+('Dataset sem TS MC2020'!P25-$C33/$AP$8)*($AP$5*$G33+$AP$6*$B33/$N33)/200000 -> 0.21194075 | AP33: =AO33/$Q33 -> 0.70646917 | AQ33: =AO33-$Q33 -> -0.08805925
B34: 10 | C34: 628 | D34: 4 | E34: 32.466667 | F34: 3.514 | G34: 25 | H34: 36 | I34: 200 | J34: 600 | K34: 314 | L34: 17200 | M34: 87.120679 | N34: 0.018255814 | O34: 71.25 | P34: 424.16428 | Q34: 0.38 | R34: =P34/200000 -> 0.0021208214 | V34: =$W$2*($W$3*$G34+$W$4*$B34^$W$5*$N34^$W$6)*$R34^$W$7 -> 0.28742185 | W34: =V34/$Q34 -> 0.75637329 | Y34: =$Z$2*$B34^$Z$3*$R34^$Z$4*($Z$5*$N34^$Z$6+$Z$7) -> 0.282815 | Z34: =Y34/$Q34 -> 0.74424999 | AB34: =$AC$2*($AC$3+$AC$4*$F34/($N34*'Dataset sem TS MC2020'!P26))*($AC$5*$G34+$AC$6*$B34/$N34)*'Dataset sem TS MC2020'!R26*($J34-$M34)/($J34-$M34-$H34) -> 0.23468111 | AC34: =AB34/$Q34 -> 0.61758186 | AD34: =AB34-$Q34 -> -0.14531889 | AE34: =1/AC34 -> 1.6192186 | AF34: =AB34*(14.068*'Dataset sem TS MC2020'!$P26^-0.457)/$Q34 -> 0.54719713 | AO34: =$AP$2*($AP$3+$AP$4*$F34/($N34*'Dataset sem TS MC2020'!P26))*($AP$5*$G34+$AP$6*$B34/$N34)*('Dataset sem TS MC2020'!P26^$AP$7/200000)*($J34-$M34)/($J34-$M34-$H34)+('Dataset sem TS MC2020'!P26-$C34/$AP$8)*($AP$5*$G34+$AP$6*$B34/$N34)/200000 -> 0.23318211 | AP34: =AO34/$Q34 -> 0.61363714 | AQ34: =AO34-$Q34 -> -0.14681789
B35: 10 | C35: 628 | D35: 4 | E35: 32.466667 | F35: 3.514 | G35: 25 | H35: 36 | I35: 200 | J35: 600 | K35: 314 | L35: 17200 | M35: 87.120679 | N35: 0.018255814 | O35: 82.5 | P35: 491.13759 | Q35: 0.44 | R35: =P35/200000 -> 0.0024556879 | V35: =$W$2*($W$3*$G35+$W$4*$B35^$W$5*$N35^$W$6)*$R35^$W$7 -> 0.31463251 | W35: =V35/$Q35 -> 0.7150739 | Y35: =$Z$2*$B35^$Z$3*$R35^$Z$4*($Z$5*$N35^$Z$6+$Z$7) -> 0.31008918 | Z35: =Y35/$Q35 -> 0.70474815 | AB35: =$AC$2*($AC$3+$AC$4*$F35/($N35*'Dataset sem TS MC2020'!P27))*($AC$5*$G35+$AC$6*$B35/$N35)*'Dataset sem TS MC2020'!R27*($J35-$M35)/($J35-$M35-$H35) -> 0.28388344 | AC35: =AB35/$Q35 -> 0.64518964 | AD35: =AB35-$Q35 -> -0.15611656 | AE35: =1/AC35 -> 1.5499319 | AF35: =AB35*(14.068*'Dataset sem TS MC2020'!$P27^-0.457)/$Q35 -> 0.53461346 | AO35: =$AP$2*($AP$3+$AP$4*$F35/($N35*'Dataset sem TS MC2020'!P27))*($AP$5*$G35+$AP$6*$B35/$N35)*('Dataset sem TS MC2020'!P27^$AP$7/200000)*($J35-$M35)/($J35-$M35-$H35)+('Dataset sem TS MC2020'!P27-$C35/$AP$8)*($AP$5*$G35+$AP$6*$B35/$N35)/200000 -> 0.27762328 | AP35: =AO35/$Q35 -> 0.630962 | AQ35: =AO35-$Q35 -> -0.16237672
A36: Viga T1F000 - Silva Neto (2017) | B36: 16 | C36: 571 | D36: 4 | E36: 37 | F36: 4.2588 | G36: 20 | H36: 54 | I36: 125 | J36: 250 | K36: 800 | L36: 16000 | M36: 87.082519 | N36: 0.05 | O36: 18.2 | P36: 71.245087 | Q36: 0.18 | R36: =P36/200000 -> 0.00035622544 | V36: =$W$2*($W$3*$G36+$W$4*$B36^$W$5*$N36^$W$6)*$R36^$W$7 -> 0.08615213 | W36: =V36/$Q36 -> 0.47862294 | Y36: =$Z$2*$B36^$Z$3*$R36^$Z$4*($Z$5*$N36^$Z$6+$Z$7) -> 0.085556073 | Z36: =Y36/$Q36 -> 0.47531152 | AB36: =$AC$2*($AC$3+$AC$4*$F36/($N36*'Dataset sem TS MC2020'!P28))*($AC$5*$G36+$AC$6*$B36/$N36)*'Dataset sem TS MC2020'!R28*($J36-$M36)/($J36-$M36-$H36) -> 0.058519504 | AC36: =AB36/$Q36 -> 0.32510836 | AD36: =AB36-$Q36 -> -0.1214805 | AE36: =1/AC36 -> 3.0758975 | AF36: =AB36*(14.068*'Dataset sem TS MC2020'!$P28^-0.457)/$Q36 -> 0.48402604 | AO36: =$AP$2*($AP$3+$AP$4*$F36/($N36*'Dataset sem TS MC2020'!P28))*($AP$5*$G36+$AP$6*$B36/$N36)*('Dataset sem TS MC2020'!P28^$AP$7/200000)*($J36-$M36)/($J36-$M36-$H36)+('Dataset sem TS MC2020'!P28-$C36/$AP$8)*($AP$5*$G36+$AP$6*$B36/$N36)/200000 -> 0.063114543 | AP36: =AO36/$Q36 -> 0.35063635 | AQ36: =AO36-$Q36 -> -0.11688546
B37: 16 | C37: 571 | D37: 4 | E37: 37 | F37: 4.2588 | G37: 20 | H37: 54 | I37: 125 | J37: 250 | K37: 800 | L37: 16000 | M37: 87.082519 | N37: 0.05 | O37: 26.2 | P37: 137.56103 | Q37: 0.2 | R37: =P37/200000 -> 0.00068780517 | V37: =$W$2*($W$3*$G37+$W$4*$B37^$W$5*$N37^$W$6)*$R37^$W$7 -> 0.12929089 | W37: =V37/$Q37 -> 0.64645443 | Y37: =$Z$2*$B37^$Z$3*$R37^$Z$4*($Z$5*$N37^$Z$6+$Z$7) -> 0.12932899 | Z37: =Y37/$Q37 -> 0.64664494 | AB37: =$AC$2*($AC$3+$AC$4*$F37/($N37*'Dataset sem TS MC2020'!P29))*($AC$5*$G37+$AC$6*$B37/$N37)*'Dataset sem TS MC2020'!R29*($J37-$M37)/($J37-$M37-$H37) -> 0.097499723 | AC37: =AB37/$Q37 -> 0.48749862 | AD37: =AB37-$Q37 -> -0.10250028 | AE37: =1/AC37 -> 2.0512879 | AF37: =AB37*(14.068*'Dataset sem TS MC2020'!$P29^-0.457)/$Q37 -> 0.61447316 | AO37: =$AP$2*($AP$3+$AP$4*$F37/($N37*'Dataset sem TS MC2020'!P29))*($AP$5*$G37+$AP$6*$B37/$N37)*('Dataset sem TS MC2020'!P29^$AP$7/200000)*($J37-$M37)/($J37-$M37-$H37)+('Dataset sem TS MC2020'!P29-$C37/$AP$8)*($AP$5*$G37+$AP$6*$B37/$N37)/200000 -> 0.10386921 | AP37: =AO37/$Q37 -> 0.51934607 | AQ37: =AO37-$Q37 -> -0.096130786
B38: 16 | C38: 571 | D38: 4 | E38: 37 | F38: 4.2588 | G38: 20 | H38: 54 | I38: 125 | J38: 250 | K38: 800 | L38: 16000 | M38: 87.082519 | N38: 0.05 | O38: 31.7 | P38: 184.84746 | Q38: 0.26 | R38: =P38/200000 -> 0.00092423729 | V38: =$W$2*($W$3*$G38+$W$4*$B38^$W$5*$N38^$W$6)*$R38^$W$7 -> 0.15514585 | W38: =V38/$Q38 -> 0.59671479 | Y38: =$Z$2*$B38^$Z$3*$R38^$Z$4*($Z$5*$N38^$Z$6+$Z$7) -> 0.15569677 | Z38: =Y38/$Q38 -> 0.59883375 | AB38: =$AC$2*($AC$3+$AC$4*$F38/($N38*'Dataset sem TS MC2020'!P30))*($AC$5*$G38+$AC$6*$B38/$N38)*'Dataset sem TS MC2020'!R30*($J38-$M38)/($J38-$M38-$H38) -> 0.12429862 | AC38: =AB38/$Q38 -> 0.47807163 | AD38: =AB38-$Q38 -> -0.13570138 | AE38: =1/AC38 -> 2.0917368 | AF38: =AB38*(14.068*'Dataset sem TS MC2020'!$P30^-0.457)/$Q38 -> 0.55233442 | AO38: =$AP$2*($AP$3+$AP$4*$F38/($N38*'Dataset sem TS MC2020'!P30))*($AP$5*$G38+$AP$6*$B38/$N38)*('Dataset sem TS MC2020'!P30^$AP$7/200000)*($J38-$M38)/($J38-$M38-$H38)+('Dataset sem TS MC2020'!P30-$C38/$AP$8)*($AP$5*$G38+$AP$6*$B38/$N38)/200000 -> 0.13026396 | AP38: =AO38/$Q38 -> 0.50101522 | AQ38: =AO38-$Q38 -> -0.12973604
B39: 16 | C39: 571 | D39: 4 | E39: 37 | F39: 4.2588 | G39: 20 | H39: 54 | I39: 125 | J39: 250 | K39: 800 | L39: 16000 | M39: 87.082519 | N39: 0.05 | O39: 40.8 | P39: 273.63458 | Q39: 0.44 | R39: =P39/200000 -> 0.0013681729 | V39: =$W$2*($W$3*$G39+$W$4*$B39^$W$5*$N39^$W$6)*$R39^$W$7 -> 0.19762903 | W39: =V39/$Q39 -> 0.44915688 | Y39: =$Z$2*$B39^$Z$3*$R39^$Z$4*($Z$5*$N39^$Z$6+$Z$7) -> 0.19918844 | Z39: =Y39/$Q39 -> 0.452701 | AB39: =$AC$2*($AC$3+$AC$4*$F39/($N39*'Dataset sem TS MC2020'!P31))*($AC$5*$G39+$AC$6*$B39/$N39)*'Dataset sem TS MC2020'!R31*($J39-$M39)/($J39-$M39-$H39) -> 0.16863862 | AC39: =AB39/$Q39 -> 0.3832696 | AD39: =AB39-$Q39 -> -0.27136138 | AE39: =1/AC39 -> 2.6091295 | AF39: =AB39*(14.068*'Dataset sem TS MC2020'!$P31^-0.457)/$Q39 -> 0.39457166 | AO39: =$AP$2*($AP$3+$AP$4*$F39/($N39*'Dataset sem TS MC2020'!P31))*($AP$5*$G39+$AP$6*$B39/$N39)*('Dataset sem TS MC2020'!P31^$AP$7/200000)*($J39-$M39)/($J39-$M39-$H39)+('Dataset sem TS MC2020'!P31-$C39/$AP$8)*($AP$5*$G39+$AP$6*$B39/$N39)/200000 -> 0.17194379 | AP39: =AO39/$Q39 -> 0.39078134 | AQ39: =AO39-$Q39 -> -0.26805621
B40: 16 | C40: 571 | D40: 4 | E40: 37 | F40: 4.2588 | G40: 20 | H40: 54 | I40: 125 | J40: 250 | K40: 800 | L40: 16000 | M40: 87.082519 | N40: 0.05 | O40: 54.1 | P40: 402.11974 | Q40: 0.6 | R40: =P40/200000 -> 0.0020105987 | V40: =$W$2*($W$3*$G40+$W$4*$B40^$W$5*$N40^$W$6)*$R40^$W$7 -> 0.25061295 | W40: =V40/$Q40 -> 0.41768825 | Y40: =$Z$2*$B40^$Z$3*$R40^$Z$4*($Z$5*$N40^$Z$6+$Z$7) -> 0.25366231 | Z40: =Y40/$Q40 -> 0.42277051 | AB40: =$AC$2*($AC$3+$AC$4*$F40/($N40*'Dataset sem TS MC2020'!P32))*($AC$5*$G40+$AC$6*$B40/$N40)*'Dataset sem TS MC2020'!R32*($J40-$M40)/($J40-$M40-$H40) -> 0.23344324 | AC40: =AB40/$Q40 -> 0.38907206 | AD40: =AB40-$Q40 -> -0.36655676 | AE40: =1/AC40 -> 2.570218 | AF40: =AB40*(14.068*'Dataset sem TS MC2020'!$P32^-0.457)/$Q40 -> 0.35208872 | AO40: =$AP$2*($AP$3+$AP$4*$F40/($N40*'Dataset sem TS MC2020'!P32))*($AP$5*$G40+$AP$6*$B40/$N40)*('Dataset sem TS MC2020'!P32^$AP$7/200000)*($J40-$M40)/($J40-$M40-$H40)+('Dataset sem TS MC2020'!P32-$C40/$AP$8)*($AP$5*$G40+$AP$6*$B40/$N40)/200000 -> 0.22967325 | AP40: =AO40/$Q40 -> 0.38278875 | AQ40: =AO40-$Q40 -> -0.37032675
A41: Viga 12-20-00 - Caldentey et al (2013) | B41: 12 | C41: 500 | D41: 4 | E41: 79.3 | F41: 2.6933292 | G41: 20 | H41: 38 | I41: 350 | J41: 450 | K41: 452 | L41: 34300 | M41: 76.169428 | N41: 0.013177843 | O41: 52.5 | P41: 218.68198 | Q41: 0.36 | R41: =P41/200000 -> 0.0010934099 | V41: =$W$2*($W$3*$G41+$W$4*$B41^$W$5*$N41^$W$6)*$R41^$W$7 -> 0.24746649 | W41: =V41/$Q41 -> 0.68740691 | Y41: =$Z$2*$B41^$Z$3*$R41^$Z$4*($Z$5*$N41^$Z$6+$Z$7) -> 0.24624097 | Z41: =Y41/$Q41 -> 0.68400269 | AB41: =$AC$2*($AC$3+$AC$4*$F41/($N41*'Dataset sem TS MC2020'!P33))*($AC$5*$G41+$AC$6*$B41/$N41)*'Dataset sem TS MC2020'!R33*($J41-$M41)/($J41-$M41-$H41) -> 0.20884119 | AC41: =AB41/$Q41 -> 0.5801144 | AD41: =AB41-$Q41 -> -0.15115881 | AE41: =1/AC41 -> 1.7237979 | AF41: =AB41*(14.068*'Dataset sem TS MC2020'!$P33^-0.457)/$Q41 -> 0.60174899 | AO41: =$AP$2*($AP$3+$AP$4*$F41/($N41*'Dataset sem TS MC2020'!P33))*($AP$5*$G41+$AP$6*$B41/$N41)*('Dataset sem TS MC2020'!P33^$AP$7/200000)*($J41-$M41)/($J41-$M41-$H41)+('Dataset sem TS MC2020'!P33-$C41/$AP$8)*($AP$5*$G41+$AP$6*$B41/$N41)/200000 -> 0.22325335 | AP41: =AO41/$Q41 -> 0.62014821 | AQ41: =AO41-$Q41 -> -0.13674665
B42: 12 | C42: 500 | D42: 4 | E42: 79.3 | F42: 2.6933292 | G42: 20 | H42: 38 | I42: 350 | J42: 450 | K42: 452 | L42: 34300 | M42: 76.169428 | N42: 0.013177843 | O42: 67.5 | P42: 344.70483 | Q42: 0.43 | R42: =P42/200000 -> 0.0017235242 | V42: =$W$2*($W$3*$G42+$W$4*$B42^$W$5*$N42^$W$6)*$R42^$W$7 -> 0.32768518 | W42: =V42/$Q42 -> 0.76205856 | Y42: =$Z$2*$B42^$Z$3*$R42^$Z$4*($Z$5*$N42^$Z$6+$Z$7) -> 0.32769868 | Z42: =Y42/$Q42 -> 0.76208996 | AB42: =$AC$2*($AC$3+$AC$4*$F42/($N42*'Dataset sem TS MC2020'!P34))*($AC$5*$G42+$AC$6*$B42/$N42)*'Dataset sem TS MC2020'!R34*($J42-$M42)/($J42-$M42-$H42) -> 0.30357012 | AC42: =AB42/$Q42 -> 0.70597702 | AD42: =AB42-$Q42 -> -0.12642988 | AE42: =1/AC42 -> 1.4164767 | AF42: =AB42*(14.068*'Dataset sem TS MC2020'!$P34^-0.457)/$Q42 -> 0.65284978 | AO42: =$AP$2*($AP$3+$AP$4*$F42/($N42*'Dataset sem TS MC2020'!P34))*($AP$5*$G42+$AP$6*$B42/$N42)*('Dataset sem TS MC2020'!P34^$AP$7/200000)*($J42-$M42)/($J42-$M42-$H42)+('Dataset sem TS MC2020'!P34-$C42/$AP$8)*($AP$5*$G42+$AP$6*$B42/$N42)/200000 -> 0.31666163 | AP42: =AO42/$Q42 -> 0.73642239 | AQ42: =AO42-$Q42 -> -0.11333837
B43: 12 | C43: 500 | D43: 4 | E43: 79.3 | F43: 2.6933292 | G43: 20 | H43: 38 | I43: 350 | J43: 450 | K43: 452 | L43: 34300 | M43: 76.169428 | N43: 0.013177843 | O43: 90 | P43: 500 | Q43: 0.56 | R43: =P43/200000 -> 0.0025 | V43: =$W$2*($W$3*$G43+$W$4*$B43^$W$5*$N43^$W$6)*$R43^$W$7 -> 0.41220786 | W43: =V43/$Q43 -> 0.73608546 | Y43: =$Z$2*$B43^$Z$3*$R43^$Z$4*($Z$5*$N43^$Z$6+$Z$7) -> 0.41391475 | Z43: =Y43/$Q43 -> 0.73913349 | AB43: =$AC$2*($AC$3+$AC$4*$F43/($N43*'Dataset sem TS MC2020'!P35))*($AC$5*$G43+$AC$6*$B43/$N43)*'Dataset sem TS MC2020'!R35*($J43-$M43)/($J43-$M43-$H43) -> 0.42907903 | AC43: =AB43/$Q43 -> 0.76621255 | AD43: =AB43-$Q43 -> -0.13092097 | AE43: =1/AC43 -> 1.3051209 | AF43: =AB43*(14.068*'Dataset sem TS MC2020'!$P35^-0.457)/$Q43 -> 0.62972702 | AO43: =$AP$2*($AP$3+$AP$4*$F43/($N43*'Dataset sem TS MC2020'!P35))*($AP$5*$G43+$AP$6*$B43/$N43)*('Dataset sem TS MC2020'!P35^$AP$7/200000)*($J43-$M43)/($J43-$M43-$H43)+('Dataset sem TS MC2020'!P35-$C43/$AP$8)*($AP$5*$G43+$AP$6*$B43/$N43)/200000 -> 0.4336167 | AP43: =AO43/$Q43 -> 0.77431553 | AQ43: =AO43-$Q43 -> -0.1263833
B44: 12 | C44: 500 | D44: 4 | E44: 79.3 | F44: 2.6933292 | G44: 20 | H44: 38 | I44: 350 | J44: 450 | K44: 452 | L44: 34300 | M44: 76.169428 | N44: 0.013177843 | O44: 112.5 | P44: 500 | Q44: 0.71 | R44: =P44/200000 -> 0.0025 | V44: =$W$2*($W$3*$G44+$W$4*$B44^$W$5*$N44^$W$6)*$R44^$W$7 -> 0.41220786 | W44: =V44/$Q44 -> 0.58057445 | Y44: =$Z$2*$B44^$Z$3*$R44^$Z$4*($Z$5*$N44^$Z$6+$Z$7) -> 0.41391475 | Z44: =Y44/$Q44 -> 0.58297853 | AB44: =$AC$2*($AC$3+$AC$4*$F44/($N44*'Dataset sem TS MC2020'!P36))*($AC$5*$G44+$AC$6*$B44/$N44)*'Dataset sem TS MC2020'!R36*($J44-$M44)/($J44-$M44-$H44) -> 0.42907903 | AC44: =AB44/$Q44 -> 0.60433666 | AD44: =AB44-$Q44 -> -0.28092097 | AE44: =1/AC44 -> 1.6547068 | AF44: =AB44*(14.068*'Dataset sem TS MC2020'!$P36^-0.457)/$Q44 -> 0.4966861 | AO44: =$AP$2*($AP$3+$AP$4*$F44/($N44*'Dataset sem TS MC2020'!P36))*($AP$5*$G44+$AP$6*$B44/$N44)*('Dataset sem TS MC2020'!P36^$AP$7/200000)*($J44-$M44)/($J44-$M44-$H44)+('Dataset sem TS MC2020'!P36-$C44/$AP$8)*($AP$5*$G44+$AP$6*$B44/$N44)/200000 -> 0.4336167 | AP44: =AO44/$Q44 -> 0.61072774 | AQ44: =AO44-$Q44 -> -0.2763833
B45: 12 | C45: 500 | D45: 4 | E45: 79.3 | F45: 2.6933292 | G45: 20 | H45: 38 | I45: 350 | J45: 450 | K45: 452 | L45: 34300 | M45: 76.169428 | N45: 0.013177843 | O45: 120 | P45: 500 | Q45: 0.79 | R45: =P45/200000 -> 0.0025 | V45: =$W$2*($W$3*$G45+$W$4*$B45^$W$5*$N45^$W$6)*$R45^$W$7 -> 0.41220786 | W45: =V45/$Q45 -> 0.5217821 | Y45: =$Z$2*$B45^$Z$3*$R45^$Z$4*($Z$5*$N45^$Z$6+$Z$7) -> 0.41391475 | Z45: =Y45/$Q45 -> 0.52394273 | AB45: =$AC$2*($AC$3+$AC$4*$F45/($N45*'Dataset sem TS MC2020'!P37))*($AC$5*$G45+$AC$6*$B45/$N45)*'Dataset sem TS MC2020'!R37*($J45-$M45)/($J45-$M45-$H45) -> 0.42907903 | AC45: =AB45/$Q45 -> 0.54313801 | AD45: =AB45-$Q45 -> -0.36092097 | AE45: =1/AC45 -> 1.8411527 | AF45: =AB45*(14.068*'Dataset sem TS MC2020'!$P37^-0.457)/$Q45 -> 0.44638877 | AO45: =$AP$2*($AP$3+$AP$4*$F45/($N45*'Dataset sem TS MC2020'!P37))*($AP$5*$G45+$AP$6*$B45/$N45)*('Dataset sem TS MC2020'!P37^$AP$7/200000)*($J45-$M45)/($J45-$M45-$H45)+('Dataset sem TS MC2020'!P37-$C45/$AP$8)*($AP$5*$G45+$AP$6*$B45/$N45)/200000 -> 0.4336167 | AP45: =AO45/$Q45 -> 0.5488819 | AQ45: =AO45-$Q45 -> -0.3563833
A46: Viga 25-20-00 - Caldentey et al (2013) | B46: 25 | C46: 500 | D46: 4 | E46: 62 | F46: 2.6933292 | G46: 20 | H46: 44.5 | I46: 350 | J46: 450 | K46: 1964 | L46: 54512.5 | M46: 140.92717 | N46: 0.036028434 | O46: 75 | P46: 50.850362 | Q46: 0.2 | R46: =P46/200000 -> 0.00025425181 | V46: =$W$2*($W$3*$G46+$W$4*$B46^$W$5*$N46^$W$6)*$R46^$W$7 -> 0.10832468 | W46: =V46/$Q46 -> 0.5416234 | Y46: =$Z$2*$B46^$Z$3*$R46^$Z$4*($Z$5*$N46^$Z$6+$Z$7) -> 0.10686518 | Z46: =Y46/$Q46 -> 0.53432592 | AB46: =$AC$2*($AC$3+$AC$4*$F46/($N46*'Dataset sem TS MC2020'!P38))*($AC$5*$G46+$AC$6*$B46/$N46)*'Dataset sem TS MC2020'!R38*($J46-$M46)/($J46-$M46-$H46) -> 0.060555186 | AC46: =AB46/$Q46 -> 0.30277593 | AD46: =AB46-$Q46 -> -0.13944481 | AE46: =1/AC46 -> 3.3027725 | AF46: =AB46*(14.068*'Dataset sem TS MC2020'!$P38^-0.457)/$Q46 -> 0.50446536 | AO46: =$AP$2*($AP$3+$AP$4*$F46/($N46*'Dataset sem TS MC2020'!P38))*($AP$5*$G46+$AP$6*$B46/$N46)*('Dataset sem TS MC2020'!P38^$AP$7/200000)*($J46-$M46)/($J46-$M46-$H46)+('Dataset sem TS MC2020'!P38-$C46/$AP$8)*($AP$5*$G46+$AP$6*$B46/$N46)/200000 -> 0.066702389 | AP46: =AO46/$Q46 -> 0.33351194 | AQ46: =AO46-$Q46 -> -0.13329761
B47: 25 | C47: 500 | D47: 4 | E47: 62 | F47: 2.6933292 | G47: 20 | H47: 44.5 | I47: 350 | J47: 450 | K47: 1964 | L47: 54512.5 | M47: 140.92717 | N47: 0.036028434 | O47: 135 | P47: 136.39228 | Q47: 0.25 | R47: =P47/200000 -> 0.00068196138 | V47: =$W$2*($W$3*$G47+$W$4*$B47^$W$5*$N47^$W$6)*$R47^$W$7 -> 0.19911743 | W47: =V47/$Q47 -> 0.79646972 | Y47: =$Z$2*$B47^$Z$3*$R47^$Z$4*($Z$5*$N47^$Z$6+$Z$7) -> 0.19857819 | Z47: =Y47/$Q47 -> 0.79431276 | AB47: =$AC$2*($AC$3+$AC$4*$F47/($N47*'Dataset sem TS MC2020'!P39))*($AC$5*$G47+$AC$6*$B47/$N47)*'Dataset sem TS MC2020'!R39*($J47-$M47)/($J47-$M47-$H47) -> 0.13892275 | AC47: =AB47/$Q47 -> 0.55569101 | AD47: =AB47-$Q47 -> -0.11107725 | AE47: =1/AC47 -> 1.7995612 | AF47: =AB47*(14.068*'Dataset sem TS MC2020'!$P39^-0.457)/$Q47 -> 0.70775646 | AO47: =$AP$2*($AP$3+$AP$4*$F47/($N47*'Dataset sem TS MC2020'!P39))*($AP$5*$G47+$AP$6*$B47/$N47)*('Dataset sem TS MC2020'!P39^$AP$7/200000)*($J47-$M47)/($J47-$M47-$H47)+('Dataset sem TS MC2020'!P39-$C47/$AP$8)*($AP$5*$G47+$AP$6*$B47/$N47)/200000 -> 0.15406051 | AP47: =AO47/$Q47 -> 0.61624204 | AQ47: =AO47-$Q47 -> -0.09593949
B48: 25 | C48: 500 | D48: 4 | E48: 62 | F48: 2.6933292 | G48: 20 | H48: 44.5 | I48: 350 | J48: 450 | K48: 1964 | L48: 54512.5 | M48: 140.92717 | N48: 0.036028434 | O48: 195 | P48: 238.24239 | Q48: 0.36 | R48: =P48/200000 -> 0.001191212 | V48: =$W$2*($W$3*$G48+$W$4*$B48^$W$5*$N48^$W$6)*$R48^$W$7 -> 0.28090841 | W48: =V48/$Q48 -> 0.78030113 | Y48: =$Z$2*$B48^$Z$3*$R48^$Z$4*($Z$5*$N48^$Z$6+$Z$7) -> 0.28187174 | Z48: =Y48/$Q48 -> 0.78297704 | AB48: =$AC$2*($AC$3+$AC$4*$F48/($N48*'Dataset sem TS MC2020'!P40))*($AC$5*$G48+$AC$6*$B48/$N48)*'Dataset sem TS MC2020'!R40*($J48-$M48)/($J48-$M48-$H48) -> 0.21729032 | AC48: =AB48/$Q48 -> 0.60358422 | AD48: =AB48-$Q48 -> -0.14270968 | AE48: =1/AC48 -> 1.6567696 | AF48: =AB48*(14.068*'Dataset sem TS MC2020'!$P40^-0.457)/$Q48 -> 0.64983794 | AO48: =$AP$2*($AP$3+$AP$4*$F48/($N48*'Dataset sem TS MC2020'!P40))*($AP$5*$G48+$AP$6*$B48/$N48)*('Dataset sem TS MC2020'!P40^$AP$7/200000)*($J48-$M48)/($J48-$M48-$H48)+('Dataset sem TS MC2020'!P40-$C48/$AP$8)*($AP$5*$G48+$AP$6*$B48/$N48)/200000 -> 0.23320529 | AP48: =AO48/$Q48 -> 0.64779248 | AQ48: =AO48-$Q48 -> -0.12679471
B49: 25 | C49: 500 | D49: 4 | E49: 62 | F49: 2.6933292 | G49: 20 | H49: 44.5 | I49: 350 | J49: 450 | K49: 1964 | L49: 54512.5 | M49: 140.92717 | N49: 0.036028434 | O49: 255 | P49: 340.09251 | Q49: 0.47 | R49: =P49/200000 -> 0.0017004626 | V49: =$W$2*($W$3*$G49+$W$4*$B49^$W$5*$N49^$W$6)*$R49^$W$7 -> 0.34989632 | W49: =V49/$Q49 -> 0.74446026 | Y49: =$Z$2*$B49^$Z$3*$R49^$Z$4*($Z$5*$N49^$Z$6+$Z$7) -> 0.35247355 | Z49: =Y49/$Q49 -> 0.74994372 | AB49: =$AC$2*($AC$3+$AC$4*$F49/($N49*'Dataset sem TS MC2020'!P41))*($AC$5*$G49+$AC$6*$B49/$N49)*'Dataset sem TS MC2020'!R41*($J49-$M49)/($J49-$M49-$H49) -> 0.29565789 | AC49: =AB49/$Q49 -> 0.62905933 | AD49: =AB49-$Q49 -> -0.17434211 | AE49: =1/AC49 -> 1.5896752 | AF49: =AB49*(14.068*'Dataset sem TS MC2020'!$P41^-0.457)/$Q49 -> 0.59912267 | AO49: =$AP$2*($AP$3+$AP$4*$F49/($N49*'Dataset sem TS MC2020'!P41))*($AP$5*$G49+$AP$6*$B49/$N49)*('Dataset sem TS MC2020'!P41^$AP$7/200000)*($J49-$M49)/($J49-$M49-$H49)+('Dataset sem TS MC2020'!P41-$C49/$AP$8)*($AP$5*$G49+$AP$6*$B49/$N49)/200000 -> 0.30759834 | AP49: =AO49/$Q49 -> 0.65446455 | AQ49: =AO49-$Q49 -> -0.16240166
B50: 25 | C50: 500 | D50: 4 | E50: 62 | F50: 2.6933292 | G50: 20 | H50: 44.5 | I50: 350 | J50: 450 | K50: 1964 | L50: 54512.5 | M50: 140.92717 | N50: 0.036028434 | O50: 300 | P50: 416.4801 | Q50: 0.57 | R50: =P50/200000 -> 0.0020824005 | V50: =$W$2*($W$3*$G50+$W$4*$B50^$W$5*$N50^$W$6)*$R50^$W$7 -> 0.39649128 | W50: =V50/$Q50 -> 0.69559874 | Y50: =$Z$2*$B50^$Z$3*$R50^$Z$4*($Z$5*$N50^$Z$6+$Z$7) -> 0.40030292 | Z50: =Y50/$Q50 -> 0.70228583 | AB50: =$AC$2*($AC$3+$AC$4*$F50/($N50*'Dataset sem TS MC2020'!P42))*($AC$5*$G50+$AC$6*$B50/$N50)*'Dataset sem TS MC2020'!R42*($J50-$M50)/($J50-$M50-$H50) -> 0.35443356 | AC50: =AB50/$Q50 -> 0.62181326 | AD50: =AB50-$Q50 -> -0.21556644 | AE50: =1/AC50 -> 1.6081999 | AF50: =AB50*(14.068*'Dataset sem TS MC2020'!$P42^-0.457)/$Q50 -> 0.54983018 | AO50: =$AP$2*($AP$3+$AP$4*$F50/($N50*'Dataset sem TS MC2020'!P42))*($AP$5*$G50+$AP$6*$B50/$N50)*('Dataset sem TS MC2020'!P42^$AP$7/200000)*($J50-$M50)/($J50-$M50-$H50)+('Dataset sem TS MC2020'!P42-$C50/$AP$8)*($AP$5*$G50+$AP$6*$B50/$N50)/200000 -> 0.3611917 | AP50: =AO50/$Q50 -> 0.63366965 | AQ50: =AO50-$Q50 -> -0.2088083
B51: 25 | C51: 500 | D51: 4 | E51: 62 | F51: 2.6933292 | G51: 20 | H51: 44.5 | I51: 350 | J51: 450 | K51: 1964 | L51: 54512.5 | M51: 140.92717 | N51: 0.036028434 | O51: 360 | P51: 500 | Q51: 0.78 | R51: =P51/200000 -> 0.0025 | V51: =$W$2*($W$3*$G51+$W$4*$B51^$W$5*$N51^$W$6)*$R51^$W$7 -> 0.44382164 | W51: =V51/$Q51 -> 0.56900211 | Y51: =$Z$2*$B51^$Z$3*$R51^$Z$4*($Z$5*$N51^$Z$6+$Z$7) -> 0.44899007 | Z51: =Y51/$Q51 -> 0.57562829 | AB51: =$AC$2*($AC$3+$AC$4*$F51/($N51*'Dataset sem TS MC2020'!P43))*($AC$5*$G51+$AC$6*$B51/$N51)*'Dataset sem TS MC2020'!R43*($J51-$M51)/($J51-$M51-$H51) -> 0.42244464 | AC51: =AB51/$Q51 -> 0.5415957 | AD51: =AB51-$Q51 -> -0.35755536 | AE51: =1/AC51 -> 1.8463958 | AF51: =AB51*(14.068*'Dataset sem TS MC2020'!$P43^-0.457)/$Q51 -> 0.44512119 | AO51: =$AP$2*($AP$3+$AP$4*$F51/($N51*'Dataset sem TS MC2020'!P43))*($AP$5*$G51+$AP$6*$B51/$N51)*('Dataset sem TS MC2020'!P43^$AP$7/200000)*($J51-$M51)/($J51-$M51-$H51)+('Dataset sem TS MC2020'!P43-$C51/$AP$8)*($AP$5*$G51+$AP$6*$B51/$N51)/200000 -> 0.42138147 | AP51: =AO51/$Q51 -> 0.54023265 | AQ51: =AO51-$Q51 -> -0.35861853
A52: Viga 12-20-10 - Caldentey et al (2013) | B52: 12 | C52: 500 | D52: 4 | E52: 79.3 | F52: 2.6933292 | G52: 20 | H52: 34 | I52: 350 | J52: 450 | K52: 452 | L52: 32900 | M52: 76.57587 | N52: 0.013738602 | O52: 37.5 | P52: 94.152136 | Q52: 0.21 | R52: =P52/200000 -> 0.00047076068 | V52: =$W$2*($W$3*$G52+$W$4*$B52^$W$5*$N52^$W$6)*$R52^$W$7 -> 0.14459393 | W52: =V52/$Q52 -> 0.68854252 | Y52: =$Z$2*$B52^$Z$3*$R52^$Z$4*($Z$5*$N52^$Z$6+$Z$7) -> 0.14223527 | Z52: =Y52/$Q52 -> 0.67731082 | AB52: =$AC$2*($AC$3+$AC$4*$F52/($N52*'Dataset sem TS MC2020'!P44))*($AC$5*$G52+$AC$6*$B52/$N52)*'Dataset sem TS MC2020'!R44*($J52-$M52)/($J52-$M52-$H52) -> 0.11133972 | AC52: =AB52/$Q52 -> 0.53018913 | AD52: =AB52-$Q52 -> -0.098660283 | AE52: =1/AC52 -> 1.8861194 | AF52: =AB52*(14.068*'Dataset sem TS MC2020'!$P44^-0.457)/$Q52 -> 0.64429849 | AO52: =$AP$2*($AP$3+$AP$4*$F52/($N52*'Dataset sem TS MC2020'!P44))*($AP$5*$G52+$AP$6*$B52/$N52)*('Dataset sem TS MC2020'!P44^$AP$7/200000)*($J52-$M52)/($J52-$M52-$H52)+('Dataset sem TS MC2020'!P44-$C52/$AP$8)*($AP$5*$G52+$AP$6*$B52/$N52)/200000 -> 0.12024087 | AP52: =AO52/$Q52 -> 0.57257556 | AQ52: =AO52-$Q52 -> -0.089759133
B53: 12 | C53: 500 | D53: 4 | E53: 79.3 | F53: 2.6933292 | G53: 20 | H53: 34 | I53: 350 | J53: 450 | K53: 452 | L53: 32900 | M53: 76.57587 | N53: 0.013738602 | O53: 45 | P53: 155.79373 | Q53: 0.31 | R53: =P53/200000 -> 0.00077896865 | V53: =$W$2*($W$3*$G53+$W$4*$B53^$W$5*$N53^$W$6)*$R53^$W$7 -> 0.19728777 | W53: =V53/$Q53 -> 0.63641217 | Y53: =$Z$2*$B53^$Z$3*$R53^$Z$4*($Z$5*$N53^$Z$6+$Z$7) -> 0.19514766 | Z53: =Y53/$Q53 -> 0.62950857 | AB53: =$AC$2*($AC$3+$AC$4*$F53/($N53*'Dataset sem TS MC2020'!P45))*($AC$5*$G53+$AC$6*$B53/$N53)*'Dataset sem TS MC2020'!R45*($J53-$M53)/($J53-$M53-$H53) -> 0.15605189 | AC53: =AB53/$Q53 -> 0.50339321 | AD53: =AB53-$Q53 -> -0.15394811 | AE53: =1/AC53 -> 1.9865187 | AF53: =AB53*(14.068*'Dataset sem TS MC2020'!$P45^-0.457)/$Q53 -> 0.56283075 | AO53: =$AP$2*($AP$3+$AP$4*$F53/($N53*'Dataset sem TS MC2020'!P45))*($AP$5*$G53+$AP$6*$B53/$N53)*('Dataset sem TS MC2020'!P45^$AP$7/200000)*($J53-$M53)/($J53-$M53-$H53)+('Dataset sem TS MC2020'!P45-$C53/$AP$8)*($AP$5*$G53+$AP$6*$B53/$N53)/200000 -> 0.16843138 | AP53: =AO53/$Q53 -> 0.54332703 | AQ53: =AO53-$Q53 -> -0.14156862
B54: 12 | C54: 500 | D54: 4 | E54: 79.3 | F54: 2.6933292 | G54: 20 | H54: 34 | I54: 350 | J54: 450 | K54: 452 | L54: 32900 | M54: 76.57587 | N54: 0.013738602 | O54: 52.5 | P54: 217.43532 | Q54: 0.38 | R54: =P54/200000 -> 0.0010871766 | V54: =$W$2*($W$3*$G54+$W$4*$B54^$W$5*$N54^$W$6)*$R54^$W$7 -> 0.24234246 | W54: =V54/$Q54 -> 0.63774331 | Y54: =$Z$2*$B54^$Z$3*$R54^$Z$4*($Z$5*$N54^$Z$6+$Z$7) -> 0.24059426 | Z54: =Y54/$Q54 -> 0.63314278 | AB54: =$AC$2*($AC$3+$AC$4*$F54/($N54*'Dataset sem TS MC2020'!P46))*($AC$5*$G54+$AC$6*$B54/$N54)*'Dataset sem TS MC2020'!R46*($J54-$M54)/($J54-$M54-$H54) -> 0.20076407 | AC54: =AB54/$Q54 -> 0.52832651 | AD54: =AB54-$Q54 -> -0.17923593 | AE54: =1/AC54 -> 1.8927689 | AF54: =AB54*(14.068*'Dataset sem TS MC2020'!$P46^-0.457)/$Q54 -> 0.55052644 | AO54: =$AP$2*($AP$3+$AP$4*$F54/($N54*'Dataset sem TS MC2020'!P46))*($AP$5*$G54+$AP$6*$B54/$N54)*('Dataset sem TS MC2020'!P46^$AP$7/200000)*($J54-$M54)/($J54-$M54-$H54)+('Dataset sem TS MC2020'!P46-$C54/$AP$8)*($AP$5*$G54+$AP$6*$B54/$N54)/200000 -> 0.21466504 | AP54: =AO54/$Q54 -> 0.564908 | AQ54: =AO54-$Q54 -> -0.16533496
B55: 12 | C55: 500 | D55: 4 | E55: 79.3 | F55: 2.6933292 | G55: 20 | H55: 34 | I55: 350 | J55: 450 | K55: 452 | L55: 32900 | M55: 76.57587 | N55: 0.013738602 | O55: 67.5 | P55: 340.71851 | Q55: 0.52 | R55: =P55/200000 -> 0.0017035925 | V55: =$W$2*($W$3*$G55+$W$4*$B55^$W$5*$N55^$W$6)*$R55^$W$7 -> 0.31973119 | W55: =V55/$Q55 -> 0.61486767 | Y55: =$Z$2*$B55^$Z$3*$R55^$Z$4*($Z$5*$N55^$Z$6+$Z$7) -> 0.31899691 | Z55: =Y55/$Q55 -> 0.61345559 | AB55: =$AC$2*($AC$3+$AC$4*$F55/($N55*'Dataset sem TS MC2020'!P47))*($AC$5*$G55+$AC$6*$B55/$N55)*'Dataset sem TS MC2020'!R47*($J55-$M55)/($J55-$M55-$H55) -> 0.29018843 | AC55: =AB55/$Q55 -> 0.55805467 | AD55: =AB55-$Q55 -> -0.22981157 | AE55: =1/AC55 -> 1.7919391 | AF55: =AB55*(14.068*'Dataset sem TS MC2020'!$P47^-0.457)/$Q55 -> 0.51841016 | AO55: =$AP$2*($AP$3+$AP$4*$F55/($N55*'Dataset sem TS MC2020'!P47))*($AP$5*$G55+$AP$6*$B55/$N55)*('Dataset sem TS MC2020'!P47^$AP$7/200000)*($J55-$M55)/($J55-$M55-$H55)+('Dataset sem TS MC2020'!P47-$C55/$AP$8)*($AP$5*$G55+$AP$6*$B55/$N55)/200000 -> 0.30280064 | AP55: =AO55/$Q55 -> 0.58230893 | AQ55: =AO55-$Q55 -> -0.21719936
B56: 12 | C56: 500 | D56: 4 | E56: 79.3 | F56: 2.6933292 | G56: 20 | H56: 34 | I56: 350 | J56: 450 | K56: 452 | L56: 32900 | M56: 76.57587 | N56: 0.013738602 | O56: 90 | P56: 500 | Q56: 0.74 | R56: =P56/200000 -> 0.0025 | V56: =$W$2*($W$3*$G56+$W$4*$B56^$W$5*$N56^$W$6)*$R56^$W$7 -> 0.40509915 | W56: =V56/$Q56 -> 0.54743128 | Y56: =$Z$2*$B56^$Z$3*$R56^$Z$4*($Z$5*$N56^$Z$6+$Z$7) -> 0.40587763 | Z56: =Y56/$Q56 -> 0.54848329 | AB56: =$AC$2*($AC$3+$AC$4*$F56/($N56*'Dataset sem TS MC2020'!P48))*($AC$5*$G56+$AC$6*$B56/$N56)*'Dataset sem TS MC2020'!R48*($J56-$M56)/($J56-$M56-$H56) -> 0.41387593 | AC56: =AB56/$Q56 -> 0.5592918 | AD56: =AB56-$Q56 -> -0.32612407 | AE56: =1/AC56 -> 1.7879754 | AF56: =AB56*(14.068*'Dataset sem TS MC2020'!$P48^-0.457)/$Q56 -> 0.45966509 | AO56: =$AP$2*($AP$3+$AP$4*$F56/($N56*'Dataset sem TS MC2020'!P48))*($AP$5*$G56+$AP$6*$B56/$N56)*('Dataset sem TS MC2020'!P48^$AP$7/200000)*($J56-$M56)/($J56-$M56-$H56)+('Dataset sem TS MC2020'!P48-$C56/$AP$8)*($AP$5*$G56+$AP$6*$B56/$N56)/200000 -> 0.41792715 | AP56: =AO56/$Q56 -> 0.56476641 | AQ56: =AO56-$Q56 -> -0.32207285
A57: Viga 12-20-30 - Caldentey et al (2013) | B57: 12 | C57: 500 | D57: 4 | E57: 79.3 | F57: 2.6933292 | G57: 20 | H57: 34 | I57: 350 | J57: 450 | K57: 452 | L57: 32900 | M57: 76.57587 | N57: 0.013738602 | O57: 37.5 | P57: 94.152136 | Q57: 0.17 | R57: =P57/200000 -> 0.00047076068 | V57: =$W$2*($W$3*$G57+$W$4*$B57^$W$5*$N57^$W$6)*$R57^$W$7 -> 0.14459393 | W57: =V57/$Q57 -> 0.85055252 | Y57: =$Z$2*$B57^$Z$3*$R57^$Z$4*($Z$5*$N57^$Z$6+$Z$7) -> 0.14223527 | Z57: =Y57/$Q57 -> 0.83667807 | AB57: =$AC$2*($AC$3+$AC$4*$F57/($N57*'Dataset sem TS MC2020'!P49))*($AC$5*$G57+$AC$6*$B57/$N57)*'Dataset sem TS MC2020'!R49*($J57-$M57)/($J57-$M57-$H57) -> 0.11133972 | AC57: =AB57/$Q57 -> 0.65493951 | AD57: =AB57-$Q57 -> -0.058660283 | AE57: =1/AC57 -> 1.5268586 | AF57: =AB57*(14.068*'Dataset sem TS MC2020'!$P49^-0.457)/$Q57 -> 0.79589814 | AO57: =$AP$2*($AP$3+$AP$4*$F57/($N57*'Dataset sem TS MC2020'!P49))*($AP$5*$G57+$AP$6*$B57/$N57)*('Dataset sem TS MC2020'!P49^$AP$7/200000)*($J57-$M57)/($J57-$M57-$H57)+('Dataset sem TS MC2020'!P49-$C57/$AP$8)*($AP$5*$G57+$AP$6*$B57/$N57)/200000 -> 0.12024087 | AP57: =AO57/$Q57 -> 0.70729922 | AQ57: =AO57-$Q57 -> -0.049759133
B58: 12 | C58: 500 | D58: 4 | E58: 79.3 | F58: 2.6933292 | G58: 20 | H58: 34 | I58: 350 | J58: 450 | K58: 452 | L58: 32900 | M58: 76.57587 | N58: 0.013738602 | O58: 52.5 | P58: 217.43532 | Q58: 0.36 | R58: =P58/200000 -> 0.0010871766 | V58: =$W$2*($W$3*$G58+$W$4*$B58^$W$5*$N58^$W$6)*$R58^$W$7 -> 0.24234246 | W58: =V58/$Q58 -> 0.6731735 | Y58: =$Z$2*$B58^$Z$3*$R58^$Z$4*($Z$5*$N58^$Z$6+$Z$7) -> 0.24059426 | Z58: =Y58/$Q58 -> 0.66831738 | AB58: =$AC$2*($AC$3+$AC$4*$F58/($N58*'Dataset sem TS MC2020'!P50))*($AC$5*$G58+$AC$6*$B58/$N58)*'Dataset sem TS MC2020'!R50*($J58-$M58)/($J58-$M58-$H58) -> 0.20076407 | AC58: =AB58/$Q58 -> 0.55767798 | AD58: =AB58-$Q58 -> -0.15923593 | AE58: =1/AC58 -> 1.7931495 | AF58: =AB58*(14.068*'Dataset sem TS MC2020'!$P50^-0.457)/$Q58 -> 0.58111125 | AO58: =$AP$2*($AP$3+$AP$4*$F58/($N58*'Dataset sem TS MC2020'!P50))*($AP$5*$G58+$AP$6*$B58/$N58)*('Dataset sem TS MC2020'!P50^$AP$7/200000)*($J58-$M58)/($J58-$M58-$H58)+('Dataset sem TS MC2020'!P50-$C58/$AP$8)*($AP$5*$G58+$AP$6*$B58/$N58)/200000 -> 0.21466504 | AP58: =AO58/$Q58 -> 0.59629178 | AQ58: =AO58-$Q58 -> -0.14533496
B59: 12 | C59: 500 | D59: 4 | E59: 79.3 | F59: 2.6933292 | G59: 20 | H59: 34 | I59: 350 | J59: 450 | K59: 452 | L59: 32900 | M59: 76.57587 | N59: 0.013738602 | O59: 67.5 | P59: 340.71851 | Q59: 0.56 | R59: =P59/200000 -> 0.0017035925 | V59: =$W$2*($W$3*$G59+$W$4*$B59^$W$5*$N59^$W$6)*$R59^$W$7 -> 0.31973119 | W59: =V59/$Q59 -> 0.57094855 | Y59: =$Z$2*$B59^$Z$3*$R59^$Z$4*($Z$5*$N59^$Z$6+$Z$7) -> 0.31899691 | Z59: =Y59/$Q59 -> 0.56963734 | AB59: =$AC$2*($AC$3+$AC$4*$F59/($N59*'Dataset sem TS MC2020'!P51))*($AC$5*$G59+$AC$6*$B59/$N59)*'Dataset sem TS MC2020'!R51*($J59-$M59)/($J59-$M59-$H59) -> 0.29018843 | AC59: =AB59/$Q59 -> 0.51819362 | AD59: =AB59-$Q59 -> -0.26981157 | AE59: =1/AC59 -> 1.9297806 | AF59: =AB59*(14.068*'Dataset sem TS MC2020'!$P51^-0.457)/$Q59 -> 0.48138087 | AO59: =$AP$2*($AP$3+$AP$4*$F59/($N59*'Dataset sem TS MC2020'!P51))*($AP$5*$G59+$AP$6*$B59/$N59)*('Dataset sem TS MC2020'!P51^$AP$7/200000)*($J59-$M59)/($J59-$M59-$H59)+('Dataset sem TS MC2020'!P51-$C59/$AP$8)*($AP$5*$G59+$AP$6*$B59/$N59)/200000 -> 0.30280064 | AP59: =AO59/$Q59 -> 0.54071544 | AQ59: =AO59-$Q59 -> -0.25719936
B60: 12 | C60: 500 | D60: 4 | E60: 79.3 | F60: 2.6933292 | G60: 20 | H60: 34 | I60: 350 | J60: 450 | K60: 452 | L60: 32900 | M60: 76.57587 | N60: 0.013738602 | O60: 90 | P60: 500 | Q60: 0.78 | R60: =P60/200000 -> 0.0025 | V60: =$W$2*($W$3*$G60+$W$4*$B60^$W$5*$N60^$W$6)*$R60^$W$7 -> 0.40509915 | W60: =V60/$Q60 -> 0.51935789 | Y60: =$Z$2*$B60^$Z$3*$R60^$Z$4*($Z$5*$N60^$Z$6+$Z$7) -> 0.40587763 | Z60: =Y60/$Q60 -> 0.52035594 | AB60: =$AC$2*($AC$3+$AC$4*$F60/($N60*'Dataset sem TS MC2020'!P52))*($AC$5*$G60+$AC$6*$B60/$N60)*'Dataset sem TS MC2020'!R52*($J60-$M60)/($J60-$M60-$H60) -> 0.41387593 | AC60: =AB60/$Q60 -> 0.53061017 | AD60: =AB60-$Q60 -> -0.36612407 | AE60: =1/AC60 -> 1.8846228 | AF60: =AB60*(14.068*'Dataset sem TS MC2020'!$P52^-0.457)/$Q60 -> 0.43609252 | AO60: =$AP$2*($AP$3+$AP$4*$F60/($N60*'Dataset sem TS MC2020'!P52))*($AP$5*$G60+$AP$6*$B60/$N60)*('Dataset sem TS MC2020'!P52^$AP$7/200000)*($J60-$M60)/($J60-$M60-$H60)+('Dataset sem TS MC2020'!P52-$C60/$AP$8)*($AP$5*$G60+$AP$6*$B60/$N60)/200000 -> 0.41792715 | AP60: =AO60/$Q60 -> 0.53580403 | AQ60: =AO60-$Q60 -> -0.36207285
A61: Viga 12-70-00 - Caldentey et al (2013) | B61: 12 | C61: 500 | D61: 4 | E61: 46 | F61: 2.6933292 | G61: 70 | H61: 88 | I61: 350 | J61: 450 | K61: 452 | L61: 42000 | M61: 70.913892 | N61: 0.010761905 | O61: 37.5 | P61: 115.3835 | Q61: 0.31 | R61: =P61/200000 -> 0.00057691749 | V61: =$W$2*($W$3*$G61+$W$4*$B61^$W$5*$N61^$W$6)*$R61^$W$7 -> 0.18107656 | W61: =V61/$Q61 -> 0.58411795 | Y61: =$Z$2*$B61^$Z$3*$R61^$Z$4*($Z$5*$N61^$Z$6+$Z$7) -> 0.18161916 | Z61: =Y61/$Q61 -> 0.58586826 | AB61: =$AC$2*($AC$3+$AC$4*$F61/($N61*'Dataset sem TS MC2020'!P53))*($AC$5*$G61+$AC$6*$B61/$N61)*'Dataset sem TS MC2020'!R53*($J61-$M61)/($J61-$M61-$H61) -> 0.21560411 | AC61: =AB61/$Q61 -> 0.69549714 | AD61: =AB61-$Q61 -> -0.094395887 | AE61: =1/AC61 -> 1.4378204 | AF61: =AB61*(14.068*'Dataset sem TS MC2020'!$P53^-0.457)/$Q61 -> 0.79162789 | AO61: =$AP$2*($AP$3+$AP$4*$F61/($N61*'Dataset sem TS MC2020'!P53))*($AP$5*$G61+$AP$6*$B61/$N61)*('Dataset sem TS MC2020'!P53^$AP$7/200000)*($J61-$M61)/($J61-$M61-$H61)+('Dataset sem TS MC2020'!P53-$C61/$AP$8)*($AP$5*$G61+$AP$6*$B61/$N61)/200000 -> 0.22249063 | AP61: =AO61/$Q61 -> 0.71771171 | AQ61: =AO61-$Q61 -> -0.087509369
B62: 12 | C62: 500 | D62: 4 | E62: 46 | F62: 2.6933292 | G62: 70 | H62: 88 | I62: 350 | J62: 450 | K62: 452 | L62: 42000 | M62: 70.913892 | N62: 0.010761905 | O62: 45 | P62: 192.11618 | Q62: 0.44 | R62: =P62/200000 -> 0.00096058092 | V62: =$W$2*($W$3*$G62+$W$4*$B62^$W$5*$N62^$W$6)*$R62^$W$7 -> 0.24801534 | W62: =V62/$Q62 -> 0.56367123 | Y62: =$Z$2*$B62^$Z$3*$R62^$Z$4*($Z$5*$N62^$Z$6+$Z$7) -> 0.25015753 | Z62: =Y62/$Q62 -> 0.56853984 | AB62: =$AC$2*($AC$3+$AC$4*$F62/($N62*'Dataset sem TS MC2020'!P54))*($AC$5*$G62+$AC$6*$B62/$N62)*'Dataset sem TS MC2020'!R54*($J62-$M62)/($J62-$M62-$H62) -> 0.31256837 | AC62: =AB62/$Q62 -> 0.71038266 | AD62: =AB62-$Q62 -> -0.12743163 | AE62: =1/AC62 -> 1.407692 | AF62: =AB62*(14.068*'Dataset sem TS MC2020'!$P54^-0.457)/$Q62 -> 0.74393033 | AO62: =$AP$2*($AP$3+$AP$4*$F62/($N62*'Dataset sem TS MC2020'!P54))*($AP$5*$G62+$AP$6*$B62/$N62)*('Dataset sem TS MC2020'!P54^$AP$7/200000)*($J62-$M62)/($J62-$M62-$H62)+('Dataset sem TS MC2020'!P54-$C62/$AP$8)*($AP$5*$G62+$AP$6*$B62/$N62)/200000 -> 0.32065898 | AP62: =AO62/$Q62 -> 0.72877041 | AQ62: =AO62-$Q62 -> -0.11934102
A63: Viga 12-70-10 - Caldentey et al (2013) | B63: 12 | C63: 500 | D63: 4 | E63: 46 | F63: 2.6933292 | G63: 70 | H63: 84 | I63: 350 | J63: 450 | K63: 452 | L63: 42000 | M63: 71.347044 | N63: 0.010761905 | O63: 30 | P63: 35.192757 | Q63: 0.14 | R63: =P63/200000 -> 0.00017596378 | V63: =$W$2*($W$3*$G63+$W$4*$B63^$W$5*$N63^$W$6)*$R63^$W$7 -> 0.087032461 | W63: =V63/$Q63 -> 0.62166043 | Y63: =$Z$2*$B63^$Z$3*$R63^$Z$4*($Z$5*$N63^$Z$6+$Z$7) -> 0.086160475 | Z63: =Y63/$Q63 -> 0.61543196 | AB63: =$AC$2*($AC$3+$AC$4*$F63/($N63*'Dataset sem TS MC2020'!P55))*($AC$5*$G63+$AC$6*$B63/$N63)*'Dataset sem TS MC2020'!R55*($J63-$M63)/($J63-$M63-$H63) -> 0.11275779 | AC63: =AB63/$Q63 -> 0.80541275 | AD63: =AB63-$Q63 -> -0.027242215 | AE63: =1/AC63 -> 1.2415994 | AF63: =AB63*(14.068*'Dataset sem TS MC2020'!$P55^-0.457)/$Q63 -> 1.0204246 | AO63: =$AP$2*($AP$3+$AP$4*$F63/($N63*'Dataset sem TS MC2020'!P55))*($AP$5*$G63+$AP$6*$B63/$N63)*('Dataset sem TS MC2020'!P55^$AP$7/200000)*($J63-$M63)/($J63-$M63-$H63)+('Dataset sem TS MC2020'!P55-$C63/$AP$8)*($AP$5*$G63+$AP$6*$B63/$N63)/200000 -> 0.11229393 | AP63: =AO63/$Q63 -> 0.80209946 | AQ63: =AO63-$Q63 -> -0.027706075
B64: 12 | C64: 500 | D64: 4 | E64: 46 | F64: 2.6933292 | G64: 70 | H64: 84 | I64: 350 | J64: 450 | K64: 452 | L64: 42000 | M64: 71.347044 | N64: 0.010761905 | O64: 37.5 | P64: 111.06093 | Q64: 0.31 | R64: =P64/200000 -> 0.00055530465 | V64: =$W$2*($W$3*$G64+$W$4*$B64^$W$5*$N64^$W$6)*$R64^$W$7 -> 0.17686052 | W64: =V64/$Q64 -> 0.57051782 | Y64: =$Z$2*$B64^$Z$3*$R64^$Z$4*($Z$5*$N64^$Z$6+$Z$7) -> 0.177316 | Z64: =Y64/$Q64 -> 0.57198709 | AB64: =$AC$2*($AC$3+$AC$4*$F64/($N64*'Dataset sem TS MC2020'!P56))*($AC$5*$G64+$AC$6*$B64/$N64)*'Dataset sem TS MC2020'!R56*($J64-$M64)/($J64-$M64-$H64) -> 0.20736082 | AC64: =AB64/$Q64 -> 0.66890587 | AD64: =AB64-$Q64 -> -0.10263918 | AE64: =1/AC64 -> 1.4949787 | AF64: =AB64*(14.068*'Dataset sem TS MC2020'!$P56^-0.457)/$Q64 -> 0.76531379 | AO64: =$AP$2*($AP$3+$AP$4*$F64/($N64*'Dataset sem TS MC2020'!P56))*($AP$5*$G64+$AP$6*$B64/$N64)*('Dataset sem TS MC2020'!P56^$AP$7/200000)*($J64-$M64)/($J64-$M64-$H64)+('Dataset sem TS MC2020'!P56-$C64/$AP$8)*($AP$5*$G64+$AP$6*$B64/$N64)/200000 -> 0.21393014 | AP64: =AO64/$Q64 -> 0.69009722 | AQ64: =AO64-$Q64 -> -0.096069863
B65: 12 | C65: 500 | D65: 4 | E65: 46 | F65: 2.6933292 | G65: 70 | H65: 84 | I65: 350 | J65: 450 | K65: 452 | L65: 42000 | M65: 71.347044 | N65: 0.010761905 | O65: 45 | P65: 186.9291 | Q65: 0.4 | R65: =P65/200000 -> 0.00093464551 | V65: =$W$2*($W$3*$G65+$W$4*$B65^$W$5*$N65^$W$6)*$R65^$W$7 -> 0.24386206 | W65: =V65/$Q65 -> 0.60965516 | Y65: =$Z$2*$B65^$Z$3*$R65^$Z$4*($Z$5*$N65^$Z$6+$Z$7) -> 0.24589434 | Z65: =Y65/$Q65 -> 0.61473584 | AB65: =$AC$2*($AC$3+$AC$4*$F65/($N65*'Dataset sem TS MC2020'!P57))*($AC$5*$G65+$AC$6*$B65/$N65)*'Dataset sem TS MC2020'!R57*($J65-$M65)/($J65-$M65-$H65) -> 0.30196385 | AC65: =AB65/$Q65 -> 0.75490963 | AD65: =AB65-$Q65 -> -0.098036149 | AE65: =1/AC65 -> 1.3246619 | AF65: =AB65*(14.068*'Dataset sem TS MC2020'!$P57^-0.457)/$Q65 -> 0.79466424 | AO65: =$AP$2*($AP$3+$AP$4*$F65/($N65*'Dataset sem TS MC2020'!P57))*($AP$5*$G65+$AP$6*$B65/$N65)*('Dataset sem TS MC2020'!P57^$AP$7/200000)*($J65-$M65)/($J65-$M65-$H65)+('Dataset sem TS MC2020'!P57-$C65/$AP$8)*($AP$5*$G65+$AP$6*$B65/$N65)/200000 -> 0.31007372 | AP65: =AO65/$Q65 -> 0.7751843 | AQ65: =AO65-$Q65 -> -0.089926281
A66: Viga 12-70-30 - Caldentey et al (2013) | B66: 12 | C66: 500 | D66: 4 | E66: 46 | F66: 2.6933292 | G66: 70 | H66: 84 | I66: 350 | J66: 450 | K66: 452 | L66: 42000 | M66: 71.347044 | N66: 0.010761905 | O66: 30 | P66: 35.192757 | Q66: 0.25 | R66: =P66/200000 -> 0.00017596378 | V66: =$W$2*($W$3*$G66+$W$4*$B66^$W$5*$N66^$W$6)*$R66^$W$7 -> 0.087032461 | W66: =V66/$Q66 -> 0.34812984 | Y66: =$Z$2*$B66^$Z$3*$R66^$Z$4*($Z$5*$N66^$Z$6+$Z$7) -> 0.086160475 | Z66: =Y66/$Q66 -> 0.3446419 | AB66: =$AC$2*($AC$3+$AC$4*$F66/($N66*'Dataset sem TS MC2020'!P58))*($AC$5*$G66+$AC$6*$B66/$N66)*'Dataset sem TS MC2020'!R58*($J66-$M66)/($J66-$M66-$H66) -> 0.11275779 | AC66: =AB66/$Q66 -> 0.45103114 | AD66: =AB66-$Q66 -> -0.13724221 | AE66: =1/AC66 -> 2.2171418 | AF66: =AB66*(14.068*'Dataset sem TS MC2020'!$P58^-0.457)/$Q66 -> 0.57143777 | AO66: =$AP$2*($AP$3+$AP$4*$F66/($N66*'Dataset sem TS MC2020'!P58))*($AP$5*$G66+$AP$6*$B66/$N66)*('Dataset sem TS MC2020'!P58^$AP$7/200000)*($J66-$M66)/($J66-$M66-$H66)+('Dataset sem TS MC2020'!P58-$C66/$AP$8)*($AP$5*$G66+$AP$6*$B66/$N66)/200000 -> 0.11229393 | AP66: =AO66/$Q66 -> 0.4491757 | AQ66: =AO66-$Q66 -> -0.13770607
B67: 12 | C67: 500 | D67: 4 | E67: 46 | F67: 2.6933292 | G67: 70 | H67: 84 | I67: 350 | J67: 450 | K67: 452 | L67: 42000 | M67: 71.347044 | N67: 0.010761905 | O67: 37.5 | P67: 111.06093 | Q67: 0.44 | R67: =P67/200000 -> 0.00055530465 | V67: =$W$2*($W$3*$G67+$W$4*$B67^$W$5*$N67^$W$6)*$R67^$W$7 -> 0.17686052 | W67: =V67/$Q67 -> 0.40195574 | Y67: =$Z$2*$B67^$Z$3*$R67^$Z$4*($Z$5*$N67^$Z$6+$Z$7) -> 0.177316 | Z67: =Y67/$Q67 -> 0.4029909 | AB67: =$AC$2*($AC$3+$AC$4*$F67/($N67*'Dataset sem TS MC2020'!P59))*($AC$5*$G67+$AC$6*$B67/$N67)*'Dataset sem TS MC2020'!R59*($J67-$M67)/($J67-$M67-$H67) -> 0.20736082 | AC67: =AB67/$Q67 -> 0.47127459 | AD67: =AB67-$Q67 -> -0.23263918 | AE67: =1/AC67 -> 2.1219052 | AF67: =AB67*(14.068*'Dataset sem TS MC2020'!$P59^-0.457)/$Q67 -> 0.53919835 | AO67: =$AP$2*($AP$3+$AP$4*$F67/($N67*'Dataset sem TS MC2020'!P59))*($AP$5*$G67+$AP$6*$B67/$N67)*('Dataset sem TS MC2020'!P59^$AP$7/200000)*($J67-$M67)/($J67-$M67-$H67)+('Dataset sem TS MC2020'!P59-$C67/$AP$8)*($AP$5*$G67+$AP$6*$B67/$N67)/200000 -> 0.21393014 | AP67: =AO67/$Q67 -> 0.48620486 | AQ67: =AO67-$Q67 -> -0.22606986
B68: 12 | C68: 500 | D68: 4 | E68: 46 | F68: 2.6933292 | G68: 70 | H68: 84 | I68: 350 | J68: 450 | K68: 452 | L68: 42000 | M68: 71.347044 | N68: 0.010761905 | O68: 45 | P68: 186.9291 | Q68: 0.56 | R68: =P68/200000 -> 0.00093464551 | V68: =$W$2*($W$3*$G68+$W$4*$B68^$W$5*$N68^$W$6)*$R68^$W$7 -> 0.24386206 | W68: =V68/$Q68 -> 0.43546797 | Y68: =$Z$2*$B68^$Z$3*$R68^$Z$4*($Z$5*$N68^$Z$6+$Z$7) -> 0.24589434 | Z68: =Y68/$Q68 -> 0.43909703 | AB68: =$AC$2*($AC$3+$AC$4*$F68/($N68*'Dataset sem TS MC2020'!P60))*($AC$5*$G68+$AC$6*$B68/$N68)*'Dataset sem TS MC2020'!R60*($J68-$M68)/($J68-$M68-$H68) -> 0.30196385 | AC68: =AB68/$Q68 -> 0.53922116 | AD68: =AB68-$Q68 -> -0.25803615 | AE68: =1/AC68 -> 1.8545266 | AF68: =AB68*(14.068*'Dataset sem TS MC2020'!$P60^-0.457)/$Q68 -> 0.56761731 | AO68: =$AP$2*($AP$3+$AP$4*$F68/($N68*'Dataset sem TS MC2020'!P60))*($AP$5*$G68+$AP$6*$B68/$N68)*('Dataset sem TS MC2020'!P60^$AP$7/200000)*($J68-$M68)/($J68-$M68-$H68)+('Dataset sem TS MC2020'!P60-$C68/$AP$8)*($AP$5*$G68+$AP$6*$B68/$N68)/200000 -> 0.31007372 | AP68: =AO68/$Q68 -> 0.55370307 | AQ68: =AO68-$Q68 -> -0.24992628
A69: Viga 25-20-10 - Caldentey et al (2013) | B69: 25 | C69: 500 | D69: 4 | E69: 62 | F69: 2.6933292 | G69: 20 | H69: 40.5 | I69: 350 | J69: 450 | K69: 1964 | L69: 49612.5 | M69: 141.76646 | N69: 0.039586798 | O69: 150 | P69: 162.97717 | Q69: 0.23 | R69: =P69/200000 -> 0.00081488586 | V69: =$W$2*($W$3*$G69+$W$4*$B69^$W$5*$N69^$W$6)*$R69^$W$7 -> 0.21367411 | W69: =V69/$Q69 -> 0.92901787 | Y69: =$Z$2*$B69^$Z$3*$R69^$Z$4*($Z$5*$N69^$Z$6+$Z$7) -> 0.21423707 | Z69: =Y69/$Q69 -> 0.93146554 | AB69: =$AC$2*($AC$3+$AC$4*$F69/($N69*'Dataset sem TS MC2020'!P61))*($AC$5*$G69+$AC$6*$B69/$N69)*'Dataset sem TS MC2020'!R61*($J69-$M69)/($J69-$M69-$H69) -> 0.14579257 | AC69: =AB69/$Q69 -> 0.63388075 | AD69: =AB69-$Q69 -> -0.084207428 | AE69: =1/AC69 -> 1.5775838 | AF69: =AB69*(14.068*'Dataset sem TS MC2020'!$P61^-0.457)/$Q69 -> 0.77302885 | AO69: =$AP$2*($AP$3+$AP$4*$F69/($N69*'Dataset sem TS MC2020'!P61))*($AP$5*$G69+$AP$6*$B69/$N69)*('Dataset sem TS MC2020'!P61^$AP$7/200000)*($J69-$M69)/($J69-$M69-$H69)+('Dataset sem TS MC2020'!P61-$C69/$AP$8)*($AP$5*$G69+$AP$6*$B69/$N69)/200000 -> 0.16017905 | AP69: =AO69/$Q69 -> 0.69643066 | AQ69: =AO69-$Q69 -> -0.069820948
B70: 25 | C70: 500 | D70: 4 | E70: 62 | F70: 2.6933292 | G70: 20 | H70: 40.5 | I70: 350 | J70: 450 | K70: 1964 | L70: 49612.5 | M70: 141.76646 | N70: 0.039586798 | O70: 225 | P70: 287.4912 | Q70: 0.35 | R70: =P70/200000 -> 0.001437456 | V70: =$W$2*($W$3*$G70+$W$4*$B70^$W$5*$N70^$W$6)*$R70^$W$7 -> 0.30327809 | W70: =V70/$Q70 -> 0.86650882 | Y70: =$Z$2*$B70^$Z$3*$R70^$Z$4*($Z$5*$N70^$Z$6+$Z$7) -> 0.30598154 | Z70: =Y70/$Q70 -> 0.87423298 | AB70: =$AC$2*($AC$3+$AC$4*$F70/($N70*'Dataset sem TS MC2020'!P62))*($AC$5*$G70+$AC$6*$B70/$N70)*'Dataset sem TS MC2020'!R62*($J70-$M70)/($J70-$M70-$H70) -> 0.23421162 | AC70: =AB70/$Q70 -> 0.66917605 | AD70: =AB70-$Q70 -> -0.11578838 | AE70: =1/AC70 -> 1.4943751 | AF70: =AB70*(14.068*'Dataset sem TS MC2020'!$P62^-0.457)/$Q70 -> 0.67803923 | AO70: =$AP$2*($AP$3+$AP$4*$F70/($N70*'Dataset sem TS MC2020'!P62))*($AP$5*$G70+$AP$6*$B70/$N70)*('Dataset sem TS MC2020'!P62^$AP$7/200000)*($J70-$M70)/($J70-$M70-$H70)+('Dataset sem TS MC2020'!P62-$C70/$AP$8)*($AP$5*$G70+$AP$6*$B70/$N70)/200000 -> 0.24701002 | AP70: =AO70/$Q70 -> 0.70574293 | AQ70: =AO70-$Q70 -> -0.10298998
B71: 25 | C71: 500 | D71: 4 | E71: 62 | F71: 2.6933292 | G71: 20 | H71: 40.5 | I71: 350 | J71: 450 | K71: 1964 | L71: 49612.5 | M71: 141.76646 | N71: 0.039586798 | O71: 300 | P71: 412.00522 | Q71: 0.49 | R71: =P71/200000 -> 0.0020600261 | V71: =$W$2*($W$3*$G71+$W$4*$B71^$W$5*$N71^$W$6)*$R71^$W$7 -> 0.37867328 | W71: =V71/$Q71 -> 0.77280261 | Y71: =$Z$2*$B71^$Z$3*$R71^$Z$4*($Z$5*$N71^$Z$6+$Z$7) -> 0.38356407 | Z71: =Y71/$Q71 -> 0.78278382 | AB71: =$AC$2*($AC$3+$AC$4*$F71/($N71*'Dataset sem TS MC2020'!P63))*($AC$5*$G71+$AC$6*$B71/$N71)*'Dataset sem TS MC2020'!R63*($J71-$M71)/($J71-$M71-$H71) -> 0.32263066 | AC71: =AB71/$Q71 -> 0.65842992 | AD71: =AB71-$Q71 -> -0.16736934 | AE71: =1/AC71 -> 1.5187645 | AF71: =AB71*(14.068*'Dataset sem TS MC2020'!$P63^-0.457)/$Q71 -> 0.58496111 | AO71: =$AP$2*($AP$3+$AP$4*$F71/($N71*'Dataset sem TS MC2020'!P63))*($AP$5*$G71+$AP$6*$B71/$N71)*('Dataset sem TS MC2020'!P63^$AP$7/200000)*($J71-$M71)/($J71-$M71-$H71)+('Dataset sem TS MC2020'!P63-$C71/$AP$8)*($AP$5*$G71+$AP$6*$B71/$N71)/200000 -> 0.32837031 | AP71: =AO71/$Q71 -> 0.67014349 | AQ71: =AO71-$Q71 -> -0.16162969
B72: 25 | C72: 500 | D72: 4 | E72: 62 | F72: 2.6933292 | G72: 20 | H72: 40.5 | I72: 350 | J72: 450 | K72: 1964 | L72: 49612.5 | M72: 141.76646 | N72: 0.039586798 | O72: 375 | P72: 500 | Q72: 0.67 | R72: =P72/200000 -> 0.0025 | V72: =$W$2*($W$3*$G72+$W$4*$B72^$W$5*$N72^$W$6)*$R72^$W$7 -> 0.42671133 | W72: =V72/$Q72 -> 0.63688258 | Y72: =$Z$2*$B72^$Z$3*$R72^$Z$4*($Z$5*$N72^$Z$6+$Z$7) -> 0.43314387 | Z72: =Y72/$Q72 -> 0.64648339 | AB72: =$AC$2*($AC$3+$AC$4*$F72/($N72*'Dataset sem TS MC2020'!P64))*($AC$5*$G72+$AC$6*$B72/$N72)*'Dataset sem TS MC2020'!R64*($J72-$M72)/($J72-$M72-$H72) -> 0.38832497 | AC72: =AB72/$Q72 -> 0.5795895 | AD72: =AB72-$Q72 -> -0.28167503 | AE72: =1/AC72 -> 1.7253591 | AF72: =AB72*(14.068*'Dataset sem TS MC2020'!$P64^-0.457)/$Q72 -> 0.47634716 | AO72: =$AP$2*($AP$3+$AP$4*$F72/($N72*'Dataset sem TS MC2020'!P64))*($AP$5*$G72+$AP$6*$B72/$N72)*('Dataset sem TS MC2020'!P64^$AP$7/200000)*($J72-$M72)/($J72-$M72-$H72)+('Dataset sem TS MC2020'!P64-$C72/$AP$8)*($AP$5*$G72+$AP$6*$B72/$N72)/200000 -> 0.38636492 | AP72: =AO72/$Q72 -> 0.57666405 | AQ72: =AO72-$Q72 -> -0.28363508
A73: Viga 25-20-30 - Caldentey et al (2013) | B73: 25 | C73: 500 | D73: 4 | E73: 62 | F73: 2.6933292 | G73: 20 | H73: 40.5 | I73: 350 | J73: 450 | K73: 1964 | L73: 49612.5 | M73: 141.76646 | N73: 0.039586798 | O73: 150 | P73: 162.97717 | Q73: 0.27 | R73: =P73/200000 -> 0.00081488586 | V73: =$W$2*($W$3*$G73+$W$4*$B73^$W$5*$N73^$W$6)*$R73^$W$7 -> 0.21367411 | W73: =V73/$Q73 -> 0.79138559 | Y73: =$Z$2*$B73^$Z$3*$R73^$Z$4*($Z$5*$N73^$Z$6+$Z$7) -> 0.21423707 | Z73: =Y73/$Q73 -> 0.79347064 | AB73: =$AC$2*($AC$3+$AC$4*$F73/($N73*'Dataset sem TS MC2020'!P65))*($AC$5*$G73+$AC$6*$B73/$N73)*'Dataset sem TS MC2020'!R65*($J73-$M73)/($J73-$M73-$H73) -> 0.14579257 | AC73: =AB73/$Q73 -> 0.53997249 | AD73: =AB73-$Q73 -> -0.12420743 | AE73: =1/AC73 -> 1.8519462 | AF73: =AB73*(14.068*'Dataset sem TS MC2020'!$P65^-0.457)/$Q73 -> 0.65850606 | AO73: =$AP$2*($AP$3+$AP$4*$F73/($N73*'Dataset sem TS MC2020'!P65))*($AP$5*$G73+$AP$6*$B73/$N73)*('Dataset sem TS MC2020'!P65^$AP$7/200000)*($J73-$M73)/($J73-$M73-$H73)+('Dataset sem TS MC2020'!P65-$C73/$AP$8)*($AP$5*$G73+$AP$6*$B73/$N73)/200000 -> 0.16017905 | AP73: =AO73/$Q73 -> 0.59325575 | AQ73: =AO73-$Q73 -> -0.10982095
B74: 25 | C74: 500 | D74: 4 | E74: 62 | F74: 2.6933292 | G74: 20 | H74: 40.5 | I74: 350 | J74: 450 | K74: 1964 | L74: 49612.5 | M74: 141.76646 | N74: 0.039586798 | O74: 225 | P74: 287.4912 | Q74: 0.4 | R74: =P74/200000 -> 0.001437456 | V74: =$W$2*($W$3*$G74+$W$4*$B74^$W$5*$N74^$W$6)*$R74^$W$7 -> 0.30327809 | W74: =V74/$Q74 -> 0.75819522 | Y74: =$Z$2*$B74^$Z$3*$R74^$Z$4*($Z$5*$N74^$Z$6+$Z$7) -> 0.30598154 | Z74: =Y74/$Q74 -> 0.76495385 | AB74: =$AC$2*($AC$3+$AC$4*$F74/($N74*'Dataset sem TS MC2020'!P66))*($AC$5*$G74+$AC$6*$B74/$N74)*'Dataset sem TS MC2020'!R66*($J74-$M74)/($J74-$M74-$H74) -> 0.23421162 | AC74: =AB74/$Q74 -> 0.58552904 | AD74: =AB74-$Q74 -> -0.16578838 | AE74: =1/AC74 -> 1.7078572 | AF74: =AB74*(14.068*'Dataset sem TS MC2020'!$P66^-0.457)/$Q74 -> 0.59328433 | AO74: =$AP$2*($AP$3+$AP$4*$F74/($N74*'Dataset sem TS MC2020'!P66))*($AP$5*$G74+$AP$6*$B74/$N74)*('Dataset sem TS MC2020'!P66^$AP$7/200000)*($J74-$M74)/($J74-$M74-$H74)+('Dataset sem TS MC2020'!P66-$C74/$AP$8)*($AP$5*$G74+$AP$6*$B74/$N74)/200000 -> 0.24701002 | AP74: =AO74/$Q74 -> 0.61752506 | AQ74: =AO74-$Q74 -> -0.15298998
B75: 25 | C75: 500 | D75: 4 | E75: 62 | F75: 2.6933292 | G75: 20 | H75: 40.5 | I75: 350 | J75: 450 | K75: 1964 | L75: 49612.5 | M75: 141.76646 | N75: 0.039586798 | O75: 300 | P75: 412.00522 | Q75: 0.53 | R75: =P75/200000 -> 0.0020600261 | V75: =$W$2*($W$3*$G75+$W$4*$B75^$W$5*$N75^$W$6)*$R75^$W$7 -> 0.37867328 | W75: =V75/$Q75 -> 0.71447789 | Y75: =$Z$2*$B75^$Z$3*$R75^$Z$4*($Z$5*$N75^$Z$6+$Z$7) -> 0.38356407 | Z75: =Y75/$Q75 -> 0.72370579 | AB75: =$AC$2*($AC$3+$AC$4*$F75/($N75*'Dataset sem TS MC2020'!P67))*($AC$5*$G75+$AC$6*$B75/$N75)*'Dataset sem TS MC2020'!R67*($J75-$M75)/($J75-$M75-$H75) -> 0.32263066 | AC75: =AB75/$Q75 -> 0.6087371 | AD75: =AB75-$Q75 -> -0.20736934 | AE75: =1/AC75 -> 1.6427453 | AF75: =AB75*(14.068*'Dataset sem TS MC2020'!$P67^-0.457)/$Q75 -> 0.5408131 | AO75: =$AP$2*($AP$3+$AP$4*$F75/($N75*'Dataset sem TS MC2020'!P67))*($AP$5*$G75+$AP$6*$B75/$N75)*('Dataset sem TS MC2020'!P67^$AP$7/200000)*($J75-$M75)/($J75-$M75-$H75)+('Dataset sem TS MC2020'!P67-$C75/$AP$8)*($AP$5*$G75+$AP$6*$B75/$N75)/200000 -> 0.32837031 | AP75: =AO75/$Q75 -> 0.61956662 | AQ75: =AO75-$Q75 -> -0.20162969
B76: 25 | C76: 500 | D76: 4 | E76: 62 | F76: 2.6933292 | G76: 20 | H76: 40.5 | I76: 350 | J76: 450 | K76: 1964 | L76: 49612.5 | M76: 141.76646 | N76: 0.039586798 | O76: 375 | P76: 500 | Q76: 0.72 | R76: =P76/200000 -> 0.0025 | V76: =$W$2*($W$3*$G76+$W$4*$B76^$W$5*$N76^$W$6)*$R76^$W$7 -> 0.42671133 | W76: =V76/$Q76 -> 0.59265462 | Y76: =$Z$2*$B76^$Z$3*$R76^$Z$4*($Z$5*$N76^$Z$6+$Z$7) -> 0.43314387 | Z76: =Y76/$Q76 -> 0.60158871 | AB76: =$AC$2*($AC$3+$AC$4*$F76/($N76*'Dataset sem TS MC2020'!P68))*($AC$5*$G76+$AC$6*$B76/$N76)*'Dataset sem TS MC2020'!R68*($J76-$M76)/($J76-$M76-$H76) -> 0.38832497 | AC76: =AB76/$Q76 -> 0.53934023 | AD76: =AB76-$Q76 -> -0.33167503 | AE76: =1/AC76 -> 1.8541172 | AF76: =AB76*(14.068*'Dataset sem TS MC2020'!$P68^-0.457)/$Q76 -> 0.44326749 | AO76: =$AP$2*($AP$3+$AP$4*$F76/($N76*'Dataset sem TS MC2020'!P68))*($AP$5*$G76+$AP$6*$B76/$N76)*('Dataset sem TS MC2020'!P68^$AP$7/200000)*($J76-$M76)/($J76-$M76-$H76)+('Dataset sem TS MC2020'!P68-$C76/$AP$8)*($AP$5*$G76+$AP$6*$B76/$N76)/200000 -> 0.38636492 | AP76: =AO76/$Q76 -> 0.53661794 | AQ76: =AO76-$Q76 -> -0.33363508
A77: Viga 25-70-00 - Caldentey et al (2013) | B77: 25 | C77: 500 | D77: 4 | E77: 28.7 | F77: 2.6933292 | G77: 70 | H77: 94.5 | I77: 350 | J77: 450 | K77: 1964 | L77: 76825 | M77: 130.08181 | N77: 0.025564595 | O77: 75 | P77: 48.31954 | Q77: 0.3 | R77: =P77/200000 -> 0.0002415977 | V77: =$W$2*($W$3*$G77+$W$4*$B77^$W$5*$N77^$W$6)*$R77^$W$7 -> 0.12087138 | W77: =V77/$Q77 -> 0.40290459 | Y77: =$Z$2*$B77^$Z$3*$R77^$Z$4*($Z$5*$N77^$Z$6+$Z$7) -> 0.1187948 | Z77: =Y77/$Q77 -> 0.39598265 | AB77: =$AC$2*($AC$3+$AC$4*$F77/($N77*'Dataset sem TS MC2020'!P69))*($AC$5*$G77+$AC$6*$B77/$N77)*'Dataset sem TS MC2020'!R69*($J77-$M77)/($J77-$M77-$H77) -> 0.1281938 | AC77: =AB77/$Q77 -> 0.42731268 | AD77: =AB77-$Q77 -> -0.1718062 | AE77: =1/AC77 -> 2.3402067 | AF77: =AB77*(14.068*'Dataset sem TS MC2020'!$P69^-0.457)/$Q77 -> 0.66827944 | AO77: =$AP$2*($AP$3+$AP$4*$F77/($N77*'Dataset sem TS MC2020'!P69))*($AP$5*$G77+$AP$6*$B77/$N77)*('Dataset sem TS MC2020'!P69^$AP$7/200000)*($J77-$M77)/($J77-$M77-$H77)+('Dataset sem TS MC2020'!P69-$C77/$AP$8)*($AP$5*$G77+$AP$6*$B77/$N77)/200000 -> 0.13642113 | AP77: =AO77/$Q77 -> 0.45473711 | AQ77: =AO77-$Q77 -> -0.16357887
B78: 25 | C78: 500 | D78: 4 | E78: 28.7 | F78: 2.6933292 | G78: 70 | H78: 94.5 | I78: 350 | J78: 450 | K78: 1964 | L78: 76825 | M78: 130.08181 | N78: 0.025564595 | O78: 150 | P78: 184.85445 | Q78: 0.57 | R78: =P78/200000 -> 0.00092427223 | V78: =$W$2*($W$3*$G78+$W$4*$B78^$W$5*$N78^$W$6)*$R78^$W$7 -> 0.27660101 | W78: =V78/$Q78 -> 0.48526493 | Y78: =$Z$2*$B78^$Z$3*$R78^$Z$4*($Z$5*$N78^$Z$6+$Z$7) -> 0.27589097 | Z78: =Y78/$Q78 -> 0.48401924 | AB78: =$AC$2*($AC$3+$AC$4*$F78/($N78*'Dataset sem TS MC2020'!P70))*($AC$5*$G78+$AC$6*$B78/$N78)*'Dataset sem TS MC2020'!R70*($J78-$M78)/($J78-$M78-$H78) -> 0.36938713 | AC78: =AB78/$Q78 -> 0.6480476 | AD78: =AB78-$Q78 -> -0.20061287 | AE78: =1/AC78 -> 1.5430965 | AF78: =AB78*(14.068*'Dataset sem TS MC2020'!$P70^-0.457)/$Q78 -> 0.73832661 | AO78: =$AP$2*($AP$3+$AP$4*$F78/($N78*'Dataset sem TS MC2020'!P70))*($AP$5*$G78+$AP$6*$B78/$N78)*('Dataset sem TS MC2020'!P70^$AP$7/200000)*($J78-$M78)/($J78-$M78-$H78)+('Dataset sem TS MC2020'!P70-$C78/$AP$8)*($AP$5*$G78+$AP$6*$B78/$N78)/200000 -> 0.38630266 | AP78: =AO78/$Q78 -> 0.67772397 | AQ78: =AO78-$Q78 -> -0.18369734
A79: Viga 25-70-10 - Caldentey et al (2013) | B79: 25 | C79: 500 | D79: 4 | E79: 28.7 | F79: 2.6933292 | G79: 70 | H79: 90.5 | I79: 350 | J79: 450 | K79: 1964 | L79: 75425 | M79: 130.97513 | N79: 0.026039112 | O79: 75 | P79: 48.037421 | Q79: 0.26 | R79: =P79/200000 -> 0.0002401871 | V79: =$W$2*($W$3*$G79+$W$4*$B79^$W$5*$N79^$W$6)*$R79^$W$7 -> 0.11951263 | W79: =V79/$Q79 -> 0.45966396 | Y79: =$Z$2*$B79^$Z$3*$R79^$Z$4*($Z$5*$N79^$Z$6+$Z$7) -> 0.11745515 | Z79: =Y79/$Q79 -> 0.45175058 | AB79: =$AC$2*($AC$3+$AC$4*$F79/($N79*'Dataset sem TS MC2020'!P71))*($AC$5*$G79+$AC$6*$B79/$N79)*'Dataset sem TS MC2020'!R71*($J79-$M79)/($J79-$M79-$H79) -> 0.12382807 | AC79: =AB79/$Q79 -> 0.47626183 | AD79: =AB79-$Q79 -> -0.13617193 | AE79: =1/AC79 -> 2.0996854 | AF79: =AB79*(14.068*'Dataset sem TS MC2020'!$P71^-0.457)/$Q79 -> 0.74885596 | AO79: =$AP$2*($AP$3+$AP$4*$F79/($N79*'Dataset sem TS MC2020'!P71))*($AP$5*$G79+$AP$6*$B79/$N79)*('Dataset sem TS MC2020'!P71^$AP$7/200000)*($J79-$M79)/($J79-$M79-$H79)+('Dataset sem TS MC2020'!P71-$C79/$AP$8)*($AP$5*$G79+$AP$6*$B79/$N79)/200000 -> 0.1315301 | AP79: =AO79/$Q79 -> 0.505885 | AQ79: =AO79-$Q79 -> -0.1284699
B80: 25 | C80: 500 | D80: 4 | E80: 28.7 | F80: 2.6933292 | G80: 70 | H80: 90.5 | I80: 350 | J80: 450 | K80: 1964 | L80: 75425 | M80: 130.97513 | N80: 0.026039112 | O80: 150 | P80: 182.18415 | Q80: 0.6 | R80: =P80/200000 -> 0.00091092076 | V80: =$W$2*($W$3*$G80+$W$4*$B80^$W$5*$N80^$W$6)*$R80^$W$7 -> 0.27202836 | W80: =V80/$Q80 -> 0.45338059 | Y80: =$Z$2*$B80^$Z$3*$R80^$Z$4*($Z$5*$N80^$Z$6+$Z$7) -> 0.27129431 | Z80: =Y80/$Q80 -> 0.45215718 | AB80: =$AC$2*($AC$3+$AC$4*$F80/($N80*'Dataset sem TS MC2020'!P72))*($AC$5*$G80+$AC$6*$B80/$N80)*'Dataset sem TS MC2020'!R72*($J80-$M80)/($J80-$M80-$H80) -> 0.35546418 | AC80: =AB80/$Q80 -> 0.59244029 | AD80: =AB80-$Q80 -> -0.24453582 | AE80: =1/AC80 -> 1.6879338 | AF80: =AB80*(14.068*'Dataset sem TS MC2020'!$P72^-0.457)/$Q80 -> 0.6786196 | AO80: =$AP$2*($AP$3+$AP$4*$F80/($N80*'Dataset sem TS MC2020'!P72))*($AP$5*$G80+$AP$6*$B80/$N80)*('Dataset sem TS MC2020'!P72^$AP$7/200000)*($J80-$M80)/($J80-$M80-$H80)+('Dataset sem TS MC2020'!P72-$C80/$AP$8)*($AP$5*$G80+$AP$6*$B80/$N80)/200000 -> 0.37188336 | AP80: =AO80/$Q80 -> 0.61980559 | AQ80: =AO80-$Q80 -> -0.22811664
A81: Viga 25-70-30 - Caldentey et al (2013) | B81: 25 | C81: 500 | D81: 4 | E81: 28.7 | F81: 2.6933292 | G81: 70 | H81: 90.5 | I81: 350 | J81: 450 | K81: 1964 | L81: 75425 | M81: 130.97513 | N81: 0.026039112 | O81: 75 | P81: 48.037421 | Q81: 0.27 | R81: =P81/200000 -> 0.0002401871 | V81: =$W$2*($W$3*$G81+$W$4*$B81^$W$5*$N81^$W$6)*$R81^$W$7 -> 0.11951263 | W81: =V81/$Q81 -> 0.44263937 | Y81: =$Z$2*$B81^$Z$3*$R81^$Z$4*($Z$5*$N81^$Z$6+$Z$7) -> 0.11745515 | Z81: =Y81/$Q81 -> 0.43501908 | AB81: =$AC$2*($AC$3+$AC$4*$F81/($N81*'Dataset sem TS MC2020'!P73))*($AC$5*$G81+$AC$6*$B81/$N81)*'Dataset sem TS MC2020'!R73*($J81-$M81)/($J81-$M81-$H81) -> 0.12382807 | AC81: =AB81/$Q81 -> 0.4586225 | AD81: =AB81-$Q81 -> -0.14617193 | AE81: =1/AC81 -> 2.1804425 | AF81: =AB81*(14.068*'Dataset sem TS MC2020'!$P73^-0.457)/$Q81 -> 0.72112056 | AO81: =$AP$2*($AP$3+$AP$4*$F81/($N81*'Dataset sem TS MC2020'!P73))*($AP$5*$G81+$AP$6*$B81/$N81)*('Dataset sem TS MC2020'!P73^$AP$7/200000)*($J81-$M81)/($J81-$M81-$H81)+('Dataset sem TS MC2020'!P73-$C81/$AP$8)*($AP$5*$G81+$AP$6*$B81/$N81)/200000 -> 0.1315301 | AP81: =AO81/$Q81 -> 0.48714852 | AQ81: =AO81-$Q81 -> -0.1384699
B82: 25 | C82: 500 | D82: 4 | E82: 28.7 | F82: 2.6933292 | G82: 70 | H82: 90.5 | I82: 350 | J82: 450 | K82: 1964 | L82: 75425 | M82: 130.97513 | N82: 0.026039112 | O82: 150 | P82: 182.18415 | Q82: 0.59 | R82: =P82/200000 -> 0.00091092076 | V82: =$W$2*($W$3*$G82+$W$4*$B82^$W$5*$N82^$W$6)*$R82^$W$7 -> 0.27202836 | W82: =V82/$Q82 -> 0.46106501 | Y82: =$Z$2*$B82^$Z$3*$R82^$Z$4*($Z$5*$N82^$Z$6+$Z$7) -> 0.27129431 | Z82: =Y82/$Q82 -> 0.45982087 | AB82: =$AC$2*($AC$3+$AC$4*$F82/($N82*'Dataset sem TS MC2020'!P74))*($AC$5*$G82+$AC$6*$B82/$N82)*'Dataset sem TS MC2020'!R74*($J82-$M82)/($J82-$M82-$H82) -> 0.35546418 | AC82: =AB82/$Q82 -> 0.60248165 | AD82: =AB82-$Q82 -> -0.23453582 | AE82: =1/AC82 -> 1.6598016 | AF82: =AB82*(14.068*'Dataset sem TS MC2020'!$P74^-0.457)/$Q82 -> 0.69012163 | AO82: =$AP$2*($AP$3+$AP$4*$F82/($N82*'Dataset sem TS MC2020'!P74))*($AP$5*$G82+$AP$6*$B82/$N82)*('Dataset sem TS MC2020'!P74^$AP$7/200000)*($J82-$M82)/($J82-$M82-$H82)+('Dataset sem TS MC2020'!P74-$C82/$AP$8)*($AP$5*$G82+$AP$6*$B82/$N82)/200000 -> 0.37188336 | AP82: =AO82/$Q82 -> 0.63031077 | AQ82: =AO82-$Q82 -> -0.21811664
A83: Viga RS1 - Harajlí e Naamam (1985) | B83: 9.52 | C83: 434 | D83: 3 | E83: 22.2 | F83: 3.56416 | G83: 20.64 | H83: 25.4 | I83: 114.3 | J83: 228.6 | K83: 212.9 | L83: 8343.9 | M83: 56.390968 | N83: 0.025515646 | O83: 11.6 | P83: 234.83059 | Q83: 0.15 | R83: =P83/200000 -> 0.001174153 | V83: =$W$2*($W$3*$G83+$W$4*$B83^$W$5*$N83^$W$6)*$R83^$W$7 -> 0.1679232 | W83: =V83/$Q83 -> 1.119488 | Y83: =$Z$2*$B83^$Z$3*$R83^$Z$4*($Z$5*$N83^$Z$6+$Z$7) -> 0.16308664 | Z83: =Y83/$Q83 -> 1.0872443 | AB83: =$AC$2*($AC$3+$AC$4*$F83/($N83*'Dataset sem TS MC2020'!P75))*($AC$5*$G83+$AC$6*$B83/$N83)*'Dataset sem TS MC2020'!R75*($J83-$M83)/($J83-$M83-$H83) -> 0.12600188 | AC83: =AB83/$Q83 -> 0.84001253 | AD83: =AB83-$Q83 -> -0.023998121 | AE83: =1/AC83 -> 1.1904584 | AF83: =AB83*(14.068*'Dataset sem TS MC2020'!$P75^-0.457)/$Q83 -> 0.87799709 | AO83: =$AP$2*($AP$3+$AP$4*$F83/($N83*'Dataset sem TS MC2020'!P75))*($AP$5*$G83+$AP$6*$B83/$N83)*('Dataset sem TS MC2020'!P75^$AP$7/200000)*($J83-$M83)/($J83-$M83-$H83)+('Dataset sem TS MC2020'!P75-$C83/$AP$8)*($AP$5*$G83+$AP$6*$B83/$N83)/200000 -> 0.13210315 | AP83: =AO83/$Q83 -> 0.88068766 | AQ83: =AO83-$Q83 -> -0.01789685
B84: 9.52 | C84: 434 | D84: 3 | E84: 22.2 | F84: 3.56416 | G84: 20.64 | H84: 25.4 | I84: 114.3 | J84: 228.6 | K84: 212.9 | L84: 8343.9 | M84: 56.390968 | N84: 0.025515646 | O84: 13.5 | P84: 299.56808 | Q84: 0.17 | R84: =P84/200000 -> 0.0014978404 | V84: =$W$2*($W$3*$G84+$W$4*$B84^$W$5*$N84^$W$6)*$R84^$W$7 -> 0.19514293 | W84: =V84/$Q84 -> 1.1478996 | Y84: =$Z$2*$B84^$Z$3*$R84^$Z$4*($Z$5*$N84^$Z$6+$Z$7) -> 0.19003065 | Z84: =Y84/$Q84 -> 1.1178273 | AB84: =$AC$2*($AC$3+$AC$4*$F84/($N84*'Dataset sem TS MC2020'!P76))*($AC$5*$G84+$AC$6*$B84/$N84)*'Dataset sem TS MC2020'!R76*($J84-$M84)/($J84-$M84-$H84) -> 0.1537862 | AC84: =AB84/$Q84 -> 0.90462472 | AD84: =AB84-$Q84 -> -0.016213798 | AE84: =1/AC84 -> 1.1054308 | AF84: =AB84*(14.068*'Dataset sem TS MC2020'!$P76^-0.457)/$Q84 -> 0.88220707 | AO84: =$AP$2*($AP$3+$AP$4*$F84/($N84*'Dataset sem TS MC2020'!P76))*($AP$5*$G84+$AP$6*$B84/$N84)*('Dataset sem TS MC2020'!P76^$AP$7/200000)*($J84-$M84)/($J84-$M84-$H84)+('Dataset sem TS MC2020'!P76-$C84/$AP$8)*($AP$5*$G84+$AP$6*$B84/$N84)/200000 -> 0.15839203 | AP84: =AO84/$Q84 -> 0.93171785 | AQ84: =AO84-$Q84 -> -0.011607965
A85: Viga RS2 - Harajlí e Naamam (1985) | B85: 12.7 | C85: 434 | D85: 3 | E85: 19.05 | F85: 3.9766082 | G85: 19.05 | H85: 25.4 | I85: 114.3 | J85: 228.6 | K85: 387.1 | L85: 10161.27 | M85: 70.373658 | N85: 0.038095632 | O85: 21.1 | P85: 257.58928 | Q85: 0.15 | R85: =P85/200000 -> 0.0012879464 | V85: =$W$2*($W$3*$G85+$W$4*$B85^$W$5*$N85^$W$6)*$R85^$W$7 -> 0.18259805 | W85: =V85/$Q85 -> 1.2173204 | Y85: =$Z$2*$B85^$Z$3*$R85^$Z$4*($Z$5*$N85^$Z$6+$Z$7) -> 0.18024745 | Z85: =Y85/$Q85 -> 1.2016497 | AB85: =$AC$2*($AC$3+$AC$4*$F85/($N85*'Dataset sem TS MC2020'!P77))*($AC$5*$G85+$AC$6*$B85/$N85)*'Dataset sem TS MC2020'!R77*($J85-$M85)/($J85-$M85-$H85) -> 0.12958543 | AC85: =AB85/$Q85 -> 0.86390288 | AD85: =AB85-$Q85 -> -0.020414568 | AE85: =1/AC85 -> 1.1575375 | AF85: =AB85*(14.068*'Dataset sem TS MC2020'!$P77^-0.457)/$Q85 -> 0.89229893 | AO85: =$AP$2*($AP$3+$AP$4*$F85/($N85*'Dataset sem TS MC2020'!P77))*($AP$5*$G85+$AP$6*$B85/$N85)*('Dataset sem TS MC2020'!P77^$AP$7/200000)*($J85-$M85)/($J85-$M85-$H85)+('Dataset sem TS MC2020'!P77-$C85/$AP$8)*($AP$5*$G85+$AP$6*$B85/$N85)/200000 -> 0.13522236 | AP85: =AO85/$Q85 -> 0.90148243 | AQ85: =AO85-$Q85 -> -0.014777635
B86: 12.7 | C86: 434 | D86: 3 | E86: 19.05 | F86: 3.9766082 | G86: 19.05 | H86: 25.4 | I86: 114.3 | J86: 228.6 | K86: 387.1 | L86: 10161.27 | M86: 70.373658 | N86: 0.038095632 | O86: 24.2 | P86: 313.98636 | Q86: 0.17 | R86: =P86/200000 -> 0.0015699318 | V86: =$W$2*($W$3*$G86+$W$4*$B86^$W$5*$N86^$W$6)*$R86^$W$7 -> 0.206323 | W86: =V86/$Q86 -> 1.2136647 | Y86: =$Z$2*$B86^$Z$3*$R86^$Z$4*($Z$5*$N86^$Z$6+$Z$7) -> 0.20411102 | Z86: =Y86/$Q86 -> 1.2006531 | AB86: =$AC$2*($AC$3+$AC$4*$F86/($N86*'Dataset sem TS MC2020'!P78))*($AC$5*$G86+$AC$6*$B86/$N86)*'Dataset sem TS MC2020'!R78*($J86-$M86)/($J86-$M86-$H86) -> 0.15301085 | AC86: =AB86/$Q86 -> 0.9000638 | AD86: =AB86-$Q86 -> -0.016989153 | AE86: =1/AC86 -> 1.1110323 | AF86: =AB86*(14.068*'Dataset sem TS MC2020'!$P78^-0.457)/$Q86 -> 0.87319694 | AO86: =$AP$2*($AP$3+$AP$4*$F86/($N86*'Dataset sem TS MC2020'!P78))*($AP$5*$G86+$AP$6*$B86/$N86)*('Dataset sem TS MC2020'!P78^$AP$7/200000)*($J86-$M86)/($J86-$M86-$H86)+('Dataset sem TS MC2020'!P78-$C86/$AP$8)*($AP$5*$G86+$AP$6*$B86/$N86)/200000 -> 0.15698634 | AP86: =AO86/$Q86 -> 0.92344905 | AQ86: =AO86-$Q86 -> -0.013013662
B87: 12.7 | C87: 434 | D87: 3 | E87: 19.05 | F87: 3.9766082 | G87: 19.05 | H87: 25.4 | I87: 114.3 | J87: 228.6 | K87: 387.1 | L87: 10161.27 | M87: 70.373658 | N87: 0.038095632 | O87: 28.6 | P87: 394.03382 | Q87: 0.2 | R87: =P87/200000 -> 0.0019701691 | V87: =$W$2*($W$3*$G87+$W$4*$B87^$W$5*$N87^$W$6)*$R87^$W$7 -> 0.23735472 | W87: =V87/$Q87 -> 1.1867736 | Y87: =$Z$2*$B87^$Z$3*$R87^$Z$4*($Z$5*$N87^$Z$6+$Z$7) -> 0.23539732 | Z87: =Y87/$Q87 -> 1.1769866 | AB87: =$AC$2*($AC$3+$AC$4*$F87/($N87*'Dataset sem TS MC2020'!P79))*($AC$5*$G87+$AC$6*$B87/$N87)*'Dataset sem TS MC2020'!R79*($J87-$M87)/($J87-$M87-$H87) -> 0.18625982 | AC87: =AB87/$Q87 -> 0.93129911 | AD87: =AB87-$Q87 -> -0.013740178 | AE87: =1/AC87 -> 1.0737689 | AF87: =AB87*(14.068*'Dataset sem TS MC2020'!$P79^-0.457)/$Q87 -> 0.83709055 | AO87: =$AP$2*($AP$3+$AP$4*$F87/($N87*'Dataset sem TS MC2020'!P79))*($AP$5*$G87+$AP$6*$B87/$N87)*('Dataset sem TS MC2020'!P79^$AP$7/200000)*($J87-$M87)/($J87-$M87-$H87)+('Dataset sem TS MC2020'!P79-$C87/$AP$8)*($AP$5*$G87+$AP$6*$B87/$N87)/200000 -> 0.18695154 | AP87: =AO87/$Q87 -> 0.93475772 | AQ87: =AO87-$Q87 -> -0.013048455
A88: Viga RS3 - Harajlí e Naamam (1985) | B88: 15.9 | C88: 540 | D88: 3 | E88: 15.9 | F88: 3.9766082 | G88: 17.46 | H88: 25.4 | I88: 114.3 | J88: 228.6 | K88: 600 | L88: 10161.27 | M88: 83.256822 | N88: 0.059047737 | O88: 30.5 | P88: 254.92346 | Q88: 0.16 | R88: =P88/200000 -> 0.0012746173 | V88: =$W$2*($W$3*$G88+$W$4*$B88^$W$5*$N88^$W$6)*$R88^$W$7 -> 0.17577598 | W88: =V88/$Q88 -> 1.0985999 | Y88: =$Z$2*$B88^$Z$3*$R88^$Z$4*($Z$5*$N88^$Z$6+$Z$7) -> 0.17907421 | Z88: =Y88/$Q88 -> 1.1192138 | AB88: =$AC$2*($AC$3+$AC$4*$F88/($N88*'Dataset sem TS MC2020'!P80))*($AC$5*$G88+$AC$6*$B88/$N88)*'Dataset sem TS MC2020'!R80*($J88-$M88)/($J88-$M88-$H88) -> 0.11358971 | AC88: =AB88/$Q88 -> 0.70993568 | AD88: =AB88-$Q88 -> -0.046410291 | AE88: =1/AC88 -> 1.4085783 | AF88: =AB88*(14.068*'Dataset sem TS MC2020'!$P80^-0.457)/$Q88 -> 0.74871577 | AO88: =$AP$2*($AP$3+$AP$4*$F88/($N88*'Dataset sem TS MC2020'!P80))*($AP$5*$G88+$AP$6*$B88/$N88)*('Dataset sem TS MC2020'!P80^$AP$7/200000)*($J88-$M88)/($J88-$M88-$H88)+('Dataset sem TS MC2020'!P80-$C88/$AP$8)*($AP$5*$G88+$AP$6*$B88/$N88)/200000 -> 0.11690474 | AP88: =AO88/$Q88 -> 0.73065465 | AQ88: =AO88-$Q88 -> -0.043095256
B89: 15.9 | C89: 540 | D89: 3 | E89: 15.9 | F89: 3.9766082 | G89: 17.46 | H89: 25.4 | I89: 114.3 | J89: 228.6 | K89: 600 | L89: 10161.27 | M89: 83.256822 | N89: 0.059047737 | O89: 40 | P89: 362.1205 | Q89: 0.21 | R89: =P89/200000 -> 0.0018106025 | V89: =$W$2*($W$3*$G89+$W$4*$B89^$W$5*$N89^$W$6)*$R89^$W$7 -> 0.21828156 | W89: =V89/$Q89 -> 1.039436 | Y89: =$Z$2*$B89^$Z$3*$R89^$Z$4*($Z$5*$N89^$Z$6+$Z$7) -> 0.22323765 | Z89: =Y89/$Q89 -> 1.0630364 | AB89: =$AC$2*($AC$3+$AC$4*$F89/($N89*'Dataset sem TS MC2020'!P81))*($AC$5*$G89+$AC$6*$B89/$N89)*'Dataset sem TS MC2020'!R81*($J89-$M89)/($J89-$M89-$H89) -> 0.15409187 | AC89: =AB89/$Q89 -> 0.73377079 | AD89: =AB89-$Q89 -> -0.055908134 | AE89: =1/AC89 -> 1.3628234 | AF89: =AB89*(14.068*'Dataset sem TS MC2020'!$P81^-0.457)/$Q89 -> 0.68366289 | AO89: =$AP$2*($AP$3+$AP$4*$F89/($N89*'Dataset sem TS MC2020'!P81))*($AP$5*$G89+$AP$6*$B89/$N89)*('Dataset sem TS MC2020'!P81^$AP$7/200000)*($J89-$M89)/($J89-$M89-$H89)+('Dataset sem TS MC2020'!P81-$C89/$AP$8)*($AP$5*$G89+$AP$6*$B89/$N89)/200000 -> 0.15362752 | AP89: =AO89/$Q89 -> 0.73155962 | AQ89: =AO89-$Q89 -> -0.05637248
A90: Viga B1-a - Gilbert e Nejadi (2004) | B90: 16 | C90: 500 | D90: 2 | E90: 138 | F90: 3.269 | G90: 40 | H90: 48 | I90: 250 | J90: 348 | K90: 400 | L90: 32000 | M90: 73.386285 | N90: 0.0125 | O90: 20.42 | P90: 13.79531 | Q90: 0.15 | R90: =P90/200000 -> 6.8976551e-05 | V90: =$W$2*($W$3*$G90+$W$4*$B90^$W$5*$N90^$W$6)*$R90^$W$7 -> 0.055758334 | W90: =V90/$Q90 -> 0.37172223 | Y90: =$Z$2*$B90^$Z$3*$R90^$Z$4*($Z$5*$N90^$Z$6+$Z$7) -> 0.054470788 | Z90: =Y90/$Q90 -> 0.36313859 | AB90: =$AC$2*($AC$3+$AC$4*$F90/($N90*'Dataset sem TS MC2020'!P82))*($AC$5*$G90+$AC$6*$B90/$N90)*'Dataset sem TS MC2020'!R82*($J90-$M90)/($J90-$M90-$H90) -> 0.076750362 | AC90: =AB90/$Q90 -> 0.51166908 | AD90: =AB90-$Q90 -> -0.073249638 | AE90: =1/AC90 -> 1.9543882 | AF90: =AB90*(14.068*'Dataset sem TS MC2020'!$P82^-0.457)/$Q90 -> 0.66195788 | AO90: =$AP$2*($AP$3+$AP$4*$F90/($N90*'Dataset sem TS MC2020'!P82))*($AP$5*$G90+$AP$6*$B90/$N90)*('Dataset sem TS MC2020'!P82^$AP$7/200000)*($J90-$M90)/($J90-$M90-$H90)+('Dataset sem TS MC2020'!P82-$C90/$AP$8)*($AP$5*$G90+$AP$6*$B90/$N90)/200000 -> 0.074616737 | AP90: =AO90/$Q90 -> 0.49744491 | AQ90: =AO90-$Q90 -> -0.075383263
B91: 16 | C91: 500 | D91: 2 | E91: 138 | F91: 3.269 | G91: 40 | H91: 48 | I91: 250 | J91: 348 | K91: 400 | L91: 32000 | M91: 73.386285 | N91: 0.0125 | O91: 23.34 | P91: 53.370132 | Q91: 0.2 | R91: =P91/200000 -> 0.00026685066 | V91: =$W$2*($W$3*$G91+$W$4*$B91^$W$5*$N91^$W$6)*$R91^$W$7 -> 0.12848088 | W91: =V91/$Q91 -> 0.64240442 | Y91: =$Z$2*$B91^$Z$3*$R91^$Z$4*($Z$5*$N91^$Z$6+$Z$7) -> 0.12739595 | Z91: =Y91/$Q91 -> 0.63697974 | AB91: =$AC$2*($AC$3+$AC$4*$F91/($N91*'Dataset sem TS MC2020'!P83))*($AC$5*$G91+$AC$6*$B91/$N91)*'Dataset sem TS MC2020'!R83*($J91-$M91)/($J91-$M91-$H91) -> 0.12404277 | AC91: =AB91/$Q91 -> 0.62021385 | AD91: =AB91-$Q91 -> -0.07595723 | AE91: =1/AC91 -> 1.6123471 | AF91: =AB91*(14.068*'Dataset sem TS MC2020'!$P83^-0.457)/$Q91 -> 0.75484194 | AO91: =$AP$2*($AP$3+$AP$4*$F91/($N91*'Dataset sem TS MC2020'!P83))*($AP$5*$G91+$AP$6*$B91/$N91)*('Dataset sem TS MC2020'!P83^$AP$7/200000)*($J91-$M91)/($J91-$M91-$H91)+('Dataset sem TS MC2020'!P83-$C91/$AP$8)*($AP$5*$G91+$AP$6*$B91/$N91)/200000 -> 0.12875862 | AP91: =AO91/$Q91 -> 0.64379308 | AQ91: =AO91-$Q91 -> -0.071241384
B92: 16 | C92: 500 | D92: 2 | E92: 138 | F92: 3.269 | G92: 40 | H92: 48 | I92: 250 | J92: 348 | K92: 400 | L92: 32000 | M92: 73.386285 | N92: 0.0125 | O92: 26.26 | P92: 95.802448 | Q92: 0.25 | R92: =P92/200000 -> 0.00047901224 | V92: =$W$2*($W$3*$G92+$W$4*$B92^$W$5*$N92^$W$6)*$R92^$W$7 -> 0.18433374 | W92: =V92/$Q92 -> 0.73733497 | Y92: =$Z$2*$B92^$Z$3*$R92^$Z$4*($Z$5*$N92^$Z$6+$Z$7) -> 0.1839572 | Z92: =Y92/$Q92 -> 0.73582882 | AB92: =$AC$2*($AC$3+$AC$4*$F92/($N92*'Dataset sem TS MC2020'!P84))*($AC$5*$G92+$AC$6*$B92/$N92)*'Dataset sem TS MC2020'!R84*($J92-$M92)/($J92-$M92-$H92) -> 0.17133518 | AC92: =AB92/$Q92 -> 0.68534071 | AD92: =AB92-$Q92 -> -0.078664823 | AE92: =1/AC92 -> 1.4591283 | AF92: =AB92*(14.068*'Dataset sem TS MC2020'!$P84^-0.457)/$Q92 -> 0.79036099 | AO92: =$AP$2*($AP$3+$AP$4*$F92/($N92*'Dataset sem TS MC2020'!P84))*($AP$5*$G92+$AP$6*$B92/$N92)*('Dataset sem TS MC2020'!P84^$AP$7/200000)*($J92-$M92)/($J92-$M92-$H92)+('Dataset sem TS MC2020'!P84-$C92/$AP$8)*($AP$5*$G92+$AP$6*$B92/$N92)/200000 -> 0.18094871 | AP92: =AO92/$Q92 -> 0.72379483 | AQ92: =AO92-$Q92 -> -0.069051291
B93: 16 | C93: 500 | D93: 2 | E93: 138 | F93: 3.269 | G93: 40 | H93: 48 | I93: 250 | J93: 348 | K93: 400 | L93: 32000 | M93: 73.386285 | N93: 0.0125 | O93: 29.175 | P93: 138.1621 | Q93: 0.28 | R93: =P93/200000 -> 0.00069081052 | V93: =$W$2*($W$3*$G93+$W$4*$B93^$W$5*$N93^$W$6)*$R93^$W$7 -> 0.23105504 | W93: =V93/$Q93 -> 0.82519658 | Y93: =$Z$2*$B93^$Z$3*$R93^$Z$4*($Z$5*$N93^$Z$6+$Z$7) -> 0.23151362 | Z93: =Y93/$Q93 -> 0.82683436 | AB93: =$AC$2*($AC$3+$AC$4*$F93/($N93*'Dataset sem TS MC2020'!P85))*($AC$5*$G93+$AC$6*$B93/$N93)*'Dataset sem TS MC2020'!R85*($J93-$M93)/($J93-$M93-$H93) -> 0.2185466 | AC93: =AB93/$Q93 -> 0.78052359 | AD93: =AB93-$Q93 -> -0.061453396 | AE93: =1/AC93 -> 1.2811913 | AF93: =AB93*(14.068*'Dataset sem TS MC2020'!$P85^-0.457)/$Q93 -> 0.85785269 | AO93: =$AP$2*($AP$3+$AP$4*$F93/($N93*'Dataset sem TS MC2020'!P85))*($AP$5*$G93+$AP$6*$B93/$N93)*('Dataset sem TS MC2020'!P85^$AP$7/200000)*($J93-$M93)/($J93-$M93-$H93)+('Dataset sem TS MC2020'!P85-$C93/$AP$8)*($AP$5*$G93+$AP$6*$B93/$N93)/200000 -> 0.2314511 | AP93: =AO93/$Q93 -> 0.82661107 | AQ93: =AO93-$Q93 -> -0.0485489
B94: 16 | C94: 500 | D94: 2 | E94: 138 | F94: 3.269 | G94: 40 | H94: 48 | I94: 250 | J94: 348 | K94: 400 | L94: 32000 | M94: 73.386285 | N94: 0.0125 | O94: 32.09 | P94: 180.52176 | Q94: 0.28 | R94: =P94/200000 -> 0.00090260881 | V94: =$W$2*($W$3*$G94+$W$4*$B94^$W$5*$N94^$W$6)*$R94^$W$7 -> 0.27250484 | W94: =V94/$Q94 -> 0.97323156 | Y94: =$Z$2*$B94^$Z$3*$R94^$Z$4*($Z$5*$N94^$Z$6+$Z$7) -> 0.27385007 | Z94: =Y94/$Q94 -> 0.97803597 | AB94: =$AC$2*($AC$3+$AC$4*$F94/($N94*'Dataset sem TS MC2020'!P86))*($AC$5*$G94+$AC$6*$B94/$N94)*'Dataset sem TS MC2020'!R86*($J94-$M94)/($J94-$M94-$H94) -> 0.26575803 | AC94: =AB94/$Q94 -> 0.94913583 | AD94: =AB94-$Q94 -> -0.014241969 | AE94: =1/AC94 -> 1.05359 | AF94: =AB94*(14.068*'Dataset sem TS MC2020'!$P86^-0.457)/$Q94 -> 0.99874371 | AO94: =$AP$2*($AP$3+$AP$4*$F94/($N94*'Dataset sem TS MC2020'!P86))*($AP$5*$G94+$AP$6*$B94/$N94)*('Dataset sem TS MC2020'!P86^$AP$7/200000)*($J94-$M94)/($J94-$M94-$H94)+('Dataset sem TS MC2020'!P86-$C94/$AP$8)*($AP$5*$G94+$AP$6*$B94/$N94)/200000 -> 0.28061036 | AP94: =AO94/$Q94 -> 1.0021798 | AQ94: =AO94-$Q94 -> 0.0006103568
B95: 16 | C95: 500 | D95: 2 | E95: 138 | F95: 3.269 | G95: 40 | H95: 48 | I95: 250 | J95: 348 | K95: 400 | L95: 32000 | M95: 73.386285 | N95: 0.0125 | O95: 35.01 | P95: 222.95408 | Q95: 0.3 | R95: =P95/200000 -> 0.0011147704 | V95: =$W$2*($W$3*$G95+$W$4*$B95^$W$5*$N95^$W$6)*$R95^$W$7 -> 0.31041621 | W95: =V95/$Q95 -> 1.0347207 | Y95: =$Z$2*$B95^$Z$3*$R95^$Z$4*($Z$5*$N95^$Z$6+$Z$7) -> 0.31267386 | Z95: =Y95/$Q95 -> 1.0422462 | AB95: =$AC$2*($AC$3+$AC$4*$F95/($N95*'Dataset sem TS MC2020'!P87))*($AC$5*$G95+$AC$6*$B95/$N95)*'Dataset sem TS MC2020'!R87*($J95-$M95)/($J95-$M95-$H95) -> 0.31305044 | AC95: =AB95/$Q95 -> 1.0435015 | AD95: =AB95-$Q95 -> 0.013050438 | AE95: =1/AC95 -> 0.95831203 | AF95: =AB95*(14.068*'Dataset sem TS MC2020'!$P87^-0.457)/$Q95 -> 1.0551979 | AO95: =$AP$2*($AP$3+$AP$4*$F95/($N95*'Dataset sem TS MC2020'!P87))*($AP$5*$G95+$AP$6*$B95/$N95)*('Dataset sem TS MC2020'!P87^$AP$7/200000)*($J95-$M95)/($J95-$M95-$H95)+('Dataset sem TS MC2020'!P87-$C95/$AP$8)*($AP$5*$G95+$AP$6*$B95/$N95)/200000 -> 0.32869958 | AP95: =AO95/$Q95 -> 1.0956653 | AQ95: =AO95-$Q95 -> 0.028699584
B96: 16 | C96: 500 | D96: 2 | E96: 138 | F96: 3.269 | G96: 40 | H96: 48 | I96: 250 | J96: 348 | K96: 400 | L96: 32000 | M96: 73.386285 | N96: 0.0125 | O96: 37.93 | P96: 265.38639 | Q96: 0.33 | R96: =P96/200000 -> 0.001326932 | V96: =$W$2*($W$3*$G96+$W$4*$B96^$W$5*$N96^$W$6)*$R96^$W$7 -> 0.34564367 | W96: =V96/$Q96 -> 1.047405 | Y96: =$Z$2*$B96^$Z$3*$R96^$Z$4*($Z$5*$N96^$Z$6+$Z$7) -> 0.34882539 | Z96: =Y96/$Q96 -> 1.0570466 | AB96: =$AC$2*($AC$3+$AC$4*$F96/($N96*'Dataset sem TS MC2020'!P88))*($AC$5*$G96+$AC$6*$B96/$N96)*'Dataset sem TS MC2020'!R88*($J96-$M96)/($J96-$M96-$H96) -> 0.36034285 | AC96: =AB96/$Q96 -> 1.091948 | AD96: =AB96-$Q96 -> 0.030342846 | AE96: =1/AC96 -> 0.91579451 | AF96: =AB96*(14.068*'Dataset sem TS MC2020'!$P88^-0.457)/$Q96 -> 1.0644946 | AO96: =$AP$2*($AP$3+$AP$4*$F96/($N96*'Dataset sem TS MC2020'!P88))*($AP$5*$G96+$AP$6*$B96/$N96)*('Dataset sem TS MC2020'!P88^$AP$7/200000)*($J96-$M96)/($J96-$M96-$H96)+('Dataset sem TS MC2020'!P88-$C96/$AP$8)*($AP$5*$G96+$AP$6*$B96/$N96)/200000 -> 0.37578306 | AP96: =AO96/$Q96 -> 1.1387365 | AQ96: =AO96-$Q96 -> 0.045783057
B97: 16 | C97: 500 | D97: 2 | E97: 138 | F97: 3.269 | G97: 40 | H97: 48 | I97: 250 | J97: 348 | K97: 400 | L97: 32000 | M97: 73.386285 | N97: 0.0125 | O97: 40.84 | P97: 307.67339 | Q97: 0.33 | R97: =P97/200000 -> 0.001538367 | V97: =$W$2*($W$3*$G97+$W$4*$B97^$W$5*$N97^$W$6)*$R97^$W$7 -> 0.37865785 | W97: =V97/$Q97 -> 1.147448 | Y97: =$Z$2*$B97^$Z$3*$R97^$Z$4*($Z$5*$N97^$Z$6+$Z$7) -> 0.38276549 | Z97: =Y97/$Q97 -> 1.1598954 | AB97: =$AC$2*($AC$3+$AC$4*$F97/($N97*'Dataset sem TS MC2020'!P89))*($AC$5*$G97+$AC$6*$B97/$N97)*'Dataset sem TS MC2020'!R89*($J97-$M97)/($J97-$M97-$H97) -> 0.40747329 | AC97: =AB97/$Q97 -> 1.2347676 | AD97: =AB97-$Q97 -> 0.077473293 | AE97: =1/AC97 -> 0.80986903 | AF97: =AB97*(14.068*'Dataset sem TS MC2020'!$P89^-0.457)/$Q97 -> 1.1637392 | AO97: =$AP$2*($AP$3+$AP$4*$F97/($N97*'Dataset sem TS MC2020'!P89))*($AP$5*$G97+$AP$6*$B97/$N97)*('Dataset sem TS MC2020'!P89^$AP$7/200000)*($J97-$M97)/($J97-$M97-$H97)+('Dataset sem TS MC2020'!P89-$C97/$AP$8)*($AP$5*$G97+$AP$6*$B97/$N97)/200000 -> 0.42182297 | AP97: =AO97/$Q97 -> 1.2782514 | AQ97: =AO97-$Q97 -> 0.091822974
A98: Viga B1-b - Gilbert e Nejadi (2004) | B98: 16 | C98: 500 | D98: 2 | E98: 138 | F98: 3.269 | G98: 40 | H98: 48 | I98: 250 | J98: 348 | K98: 400 | L98: 32000 | M98: 73.386285 | N98: 0.0125 | O98: 23.34 | P98: 53.370132 | Q98: 0.15 | R98: =P98/200000 -> 0.00026685066 | V98: =$W$2*($W$3*$G98+$W$4*$B98^$W$5*$N98^$W$6)*$R98^$W$7 -> 0.12848088 | W98: =V98/$Q98 -> 0.85653922 | Y98: =$Z$2*$B98^$Z$3*$R98^$Z$4*($Z$5*$N98^$Z$6+$Z$7) -> 0.12739595 | Z98: =Y98/$Q98 -> 0.84930632 | AB98: =$AC$2*($AC$3+$AC$4*$F98/($N98*'Dataset sem TS MC2020'!P90))*($AC$5*$G98+$AC$6*$B98/$N98)*'Dataset sem TS MC2020'!R90*($J98-$M98)/($J98-$M98-$H98) -> 0.12404277 | AC98: =AB98/$Q98 -> 0.8269518 | AD98: =AB98-$Q98 -> -0.02595723 | AE98: =1/AC98 -> 1.2092603 | AF98: =AB98*(14.068*'Dataset sem TS MC2020'!$P90^-0.457)/$Q98 -> 1.0064559 | AO98: =$AP$2*($AP$3+$AP$4*$F98/($N98*'Dataset sem TS MC2020'!P90))*($AP$5*$G98+$AP$6*$B98/$N98)*('Dataset sem TS MC2020'!P90^$AP$7/200000)*($J98-$M98)/($J98-$M98-$H98)+('Dataset sem TS MC2020'!P90-$C98/$AP$8)*($AP$5*$G98+$AP$6*$B98/$N98)/200000 -> 0.12875862 | AP98: =AO98/$Q98 -> 0.85839077 | AQ98: =AO98-$Q98 -> -0.021241384
B99: 16 | C99: 500 | D99: 2 | E99: 138 | F99: 3.269 | G99: 40 | H99: 48 | I99: 250 | J99: 348 | K99: 400 | L99: 32000 | M99: 73.386285 | N99: 0.0125 | O99: 26.26 | P99: 95.802448 | Q99: 0.18 | R99: =P99/200000 -> 0.00047901224 | V99: =$W$2*($W$3*$G99+$W$4*$B99^$W$5*$N99^$W$6)*$R99^$W$7 -> 0.18433374 | W99: =V99/$Q99 -> 1.0240763 | Y99: =$Z$2*$B99^$Z$3*$R99^$Z$4*($Z$5*$N99^$Z$6+$Z$7) -> 0.1839572 | Z99: =Y99/$Q99 -> 1.0219845 | AB99: =$AC$2*($AC$3+$AC$4*$F99/($N99*'Dataset sem TS MC2020'!P91))*($AC$5*$G99+$AC$6*$B99/$N99)*'Dataset sem TS MC2020'!R91*($J99-$M99)/($J99-$M99-$H99) -> 0.17133518 | AC99: =AB99/$Q99 -> 0.95186209 | AD99: =AB99-$Q99 -> -0.0086648232 | AE99: =1/AC99 -> 1.0505724 | AF99: =AB99*(14.068*'Dataset sem TS MC2020'!$P91^-0.457)/$Q99 -> 1.0977236 | AO99: =$AP$2*($AP$3+$AP$4*$F99/($N99*'Dataset sem TS MC2020'!P91))*($AP$5*$G99+$AP$6*$B99/$N99)*('Dataset sem TS MC2020'!P91^$AP$7/200000)*($J99-$M99)/($J99-$M99-$H99)+('Dataset sem TS MC2020'!P91-$C99/$AP$8)*($AP$5*$G99+$AP$6*$B99/$N99)/200000 -> 0.18094871 | AP99: =AO99/$Q99 -> 1.0052706 | AQ99: =AO99-$Q99 -> 0.00094870855
B100: 16 | C100: 500 | D100: 2 | E100: 138 | F100: 3.269 | G100: 40 | H100: 48 | I100: 250 | J100: 348 | K100: 400 | L100: 32000 | M100: 73.386285 | N100: 0.0125 | O100: 29.175 | P100: 138.1621 | Q100: 0.2 | R100: =P100/200000 -> 0.00069081052 | V100: =$W$2*($W$3*$G100+$W$4*$B100^$W$5*$N100^$W$6)*$R100^$W$7 -> 0.23105504 | W100: =V100/$Q100 -> 1.1552752 | Y100: =$Z$2*$B100^$Z$3*$R100^$Z$4*($Z$5*$N100^$Z$6+$Z$7) -> 0.23151362 | Z100: =Y100/$Q100 -> 1.1575681 | AB100: =$AC$2*($AC$3+$AC$4*$F100/($N100*'Dataset sem TS MC2020'!P92))*($AC$5*$G100+$AC$6*$B100/$N100)*'Dataset sem TS MC2020'!R92*($J100-$M100)/($J100-$M100-$H100) -> 0.2185466 | AC100: =AB100/$Q100 -> 1.092733 | AD100: =AB100-$Q100 -> 0.018546604 | AE100: =1/AC100 -> 0.91513662 | AF100: =AB100*(14.068*'Dataset sem TS MC2020'!$P92^-0.457)/$Q100 -> 1.2009938 | AO100: =$AP$2*($AP$3+$AP$4*$F100/($N100*'Dataset sem TS MC2020'!P92))*($AP$5*$G100+$AP$6*$B100/$N100)*('Dataset sem TS MC2020'!P92^$AP$7/200000)*($J100-$M100)/($J100-$M100-$H100)+('Dataset sem TS MC2020'!P92-$C100/$AP$8)*($AP$5*$G100+$AP$6*$B100/$N100)/200000 -> 0.2314511 | AP100: =AO100/$Q100 -> 1.1572555 | AQ100: =AO100-$Q100 -> 0.0314511
...

Sheet Dataset sem TS MC2020
A1: Autor | B1: Inputs | Q1: Output
B2: Diâmetro da armadura f (mm) | C2: Resistência do aço - fy (MPa) | D2: Número de barras em uma camada | E2: Espaçamento entre as barras (mm) | F2: Resistência à tração do concreto fctm (MPa) | G2: Cobrimento c (mm) | H2: Distância ao centro de gravidade da armadura d' (mm) | I2: Largura da viga - b (mm) | J2: Altura da viga - h (mm) | K2: Área de aço tracionada - As (mm2) | L2: Área de concreto efetiva - Ace (mm2) | M2: Linha neutra no Estádio II - XII (mm) | N2: Taxa de armadura r | O2: Momento fletor - Ms (kNm) | P2: Tensão na armadura (MPa) | Q2: wexp (mm) | R2: Deformação na armadura
A3: Viga S200-1.76-20 - Sokolov et al (2021) | B3: 20 | C3: 500 | D3: 2 | E3: 126 | F3: 4.1203405 | G3: 25 | H3: 39 | I3: 216 | J3: 201 | K3: 628 | L3: 29484 | M3: 57.361777 | N3: 0.021299688 | O3: 20.8 | P3: 231.811 | Q3: 0.16 | R3: =P3/200000 -> 0.001159055
B4: 20 | C4: 500 | D4: 2 | E4: 126 | F4: 4.1203405 | G4: 25 | H4: 39 | I4: 216 | J4: 201 | K4: 628 | L4: 29484 | M4: 57.361777 | N4: 0.021299688 | O4: 27.3 | P4: 304.25194 | Q4: 0.23 | R4: =P4/200000 -> 0.0015212597
B5: 20 | C5: 500 | D5: 2 | E5: 126 | F5: 4.1203405 | G5: 25 | H5: 39 | I5: 216 | J5: 201 | K5: 628 | L5: 29484 | M5: 57.361777 | N5: 0.021299688 | O5: 28.2 | P5: 314.28223 | Q5: 0.24 | R5: =P5/200000 -> 0.0015714111
B6: 20 | C6: 500 | D6: 2 | E6: 126 | F6: 4.1203405 | G6: 25 | H6: 39 | I6: 216 | J6: 201 | K6: 628 | L6: 29484 | M6: 57.361777 | N6: 0.021299688 | O6: 32.6 | P6: 363.31917 | Q6: 0.27 | R6: =P6/200000 -> 0.0018165959
B7: 20 | C7: 500 | D7: 2 | E7: 126 | F7: 4.1203405 | G7: 25 | H7: 39 | I7: 216 | J7: 201 | K7: 628 | L7: 29484 | M7: 57.361777 | N7: 0.021299688 | O7: 41.2 | P7: 459.16411 | Q7: 0.35 | R7: =P7/200000 -> 0.0022958205
B8: 20 | C8: 500 | D8: 2 | E8: 126 | F8: 4.1203405 | G8: 25 | H8: 39 | I8: 216 | J8: 201 | K8: 628 | L8: 29484 | M8: 57.361777 | N8: 0.021299688 | O8: 44.9 | P8: 500 | Q8: 0.4 | R8: =P8/200000 -> 0.0025
A9: Viga S600-0.37-10 - Sokolov et al (2021) | B9: 10 | C9: 500 | D9: 8 | E9: 87.7 | F9: 4.1311268 | G9: 25 | H9: 53 | I9: 308 | J9: 604 | K9: 628 | L9: 43428 | M9: 99.6964 | N9: 0.014460717 | O9: 105 | P9: 322.91972 | Q9: 0.16 | R9: =P9/200000 -> 0.0016145986
B10: 10 | C10: 500 | D10: 8 | E10: 87.7 | F10: 4.1311268 | G10: 25 | H10: 53 | I10: 308 | J10: 604 | K10: 628 | L10: 43428 | M10: 99.6964 | N10: 0.014460717 | O10: 119.6 | P10: 367.82093 | Q10: 0.18 | R10: =P10/200000 -> 0.0018391047
B11: 10 | C11: 500 | D11: 8 | E11: 87.7 | F11: 4.1311268 | G11: 25 | H11: 53 | I11: 308 | J11: 604 | K11: 628 | L11: 43428 | M11: 99.6964 | N11: 0.014460717 | O11: 174.3 | P11: 500 | Q11: 0.26 | R11: =P11/200000 -> 0.0025
A12: Viga V1 - Oliveira (2007) | B12: 10 | C12: 628 | D12: 4 | E12: 32.466667 | F12: 3.262 | G12: 25 | H12: 36 | I12: 200 | J12: 600 | K12: 314 | L12: 17200 | M12: 95.721927 | N12: 0.018255814 | O12: 47.625 | P12: 285.04803 | Q12: 0.16 | R12: =P12/200000 -> 0.0014252402
B13: 10 | C13: 628 | D13: 4 | E13: 32.466667 | F13: 3.262 | G13: 25 | H13: 36 | I13: 200 | J13: 600 | K13: 314 | L13: 17200 | M13: 95.721927 | N13: 0.018255814 | O13: 54.3 | P13: 324.99965 | Q13: 0.2 | R13: =P13/200000 -> 0.0016249982
B14: 10 | C14: 628 | D14: 4 | E14: 32.466667 | F14: 3.262 | G14: 25 | H14: 36 | I14: 200 | J14: 600 | K14: 314 | L14: 17200 | M14: 95.721927 | N14: 0.018255814 | O14: 61.425 | P14: 367.64463 | Q14: 0.2 | R14: =P14/200000 -> 0.0018382231
B15: 10 | C15: 628 | D15: 4 | E15: 32.466667 | F15: 3.262 | G15: 25 | H15: 36 | I15: 200 | J15: 600 | K15: 314 | L15: 17200 | M15: 95.721927 | N15: 0.018255814 | O15: 68.625 | P15: 410.7385 | Q15: 0.24 | R15: =P15/200000 -> 0.0020536925
B16: 10 | C16: 628 | D16: 4 | E16: 32.466667 | F16: 3.262 | G16: 25 | H16: 36 | I16: 200 | J16: 600 | K16: 314 | L16: 17200 | M16: 95.721927 | N16: 0.018255814 | O16: 73.275 | P16: 438.56996 | Q16: 0.3 | R16: =P16/200000 -> 0.0021928498
B17: 10 | C17: 628 | D17: 4 | E17: 32.466667 | F17: 3.262 | G17: 25 | H17: 36 | I17: 200 | J17: 600 | K17: 314 | L17: 17200 | M17: 95.721927 | N17: 0.018255814 | O17: 83.25 | P17: 498.27294 | Q17: 0.32 | R17: =P17/200000 -> 0.0024913647
B18: 10 | C18: 628 | D18: 4 | E18: 32.466667 | F18: 3.262 | G18: 25 | H18: 36 | I18: 200 | J18: 600 | K18: 314 | L18: 17200 | M18: 95.721927 | N18: 0.018255814 | O18: 84 | P18: 502.76188 | Q18: 0.38 | R18: =P18/200000 -> 0.0025138094
B19: 10 | C19: 628 | D19: 4 | E19: 32.466667 | F19: 3.262 | G19: 25 | H19: 36 | I19: 200 | J19: 600 | K19: 314 | L19: 17200 | M19: 95.721927 | N19: 0.018255814 | O19: 90 | P19: 538.67345 | Q19: 0.42 | R19: =P19/200000 -> 0.0026933672
B20: 10 | C20: 628 | D20: 4 | E20: 32.466667 | F20: 3.262 | G20: 25 | H20: 36 | I20: 200 | J20: 600 | K20: 314 | L20: 17200 | M20: 95.721927 | N20: 0.018255814 | O20: 108 | P20: 628 | Q20: 0.44 | R20: =P20/200000 -> 0.00314
B21: 10 | C21: 628 | D21: 4 | E21: 32.466667 | F21: 3.262 | G21: 25 | H21: 36 | I21: 200 | J21: 600 | K21: 314 | L21: 17200 | M21: 95.721927 | N21: 0.018255814 | O21: 120 | P21: 628 | Q21: 0.5 | R21: =P21/200000 -> 0.00314
A22: Viga V2 - Oliveira (2007) | B22: 10 | C22: 628 | D22: 4 | E22: 32.466667 | F22: 3.514 | G22: 25 | H22: 36 | I22: 200 | J22: 600 | K22: 314 | L22: 17200 | M22: 87.120679 | N22: 0.018255814 | O22: 54 | P22: 321.47188 | Q22: 0.24 | R22: =P22/200000 -> 0.0016073594
B23: 10 | C23: 628 | D23: 4 | E23: 32.466667 | F23: 3.514 | G23: 25 | H23: 36 | I23: 200 | J23: 600 | K23: 314 | L23: 17200 | M23: 87.120679 | N23: 0.018255814 | O23: 60 | P23: 357.19097 | Q23: 0.3 | R23: =P23/200000 -> 0.0017859549
B24: 10 | C24: 628 | D24: 4 | E24: 32.466667 | F24: 3.514 | G24: 25 | H24: 36 | I24: 200 | J24: 600 | K24: 314 | L24: 17200 | M24: 87.120679 | N24: 0.018255814 | O24: 62.25 | P24: 370.58564 | Q24: 0.3 | R24: =P24/200000 -> 0.0018529282
B25: 10 | C25: 628 | D25: 4 | E25: 32.466667 | F25: 3.514 | G25: 25 | H25: 36 | I25: 200 | J25: 600 | K25: 314 | L25: 17200 | M25: 87.120679 | N25: 0.018255814 | O25: 66 | P25: 392.91007 | Q25: 0.3 | R25: =P25/200000 -> 0.0019645504
B26: 10 | C26: 628 | D26: 4 | E26: 32.466667 | F26: 3.514 | G26: 25 | H26: 36 | I26: 200 | J26: 600 | K26: 314 | L26: 17200 | M26: 87.120679 | N26: 0.018255814 | O26: 71.25 | P26: 424.16428 | Q26: 0.38 | R26: =P26/200000 -> 0.0021208214
B27: 10 | C27: 628 | D27: 4 | E27: 32.466667 | F27: 3.514 | G27: 25 | H27: 36 | I27: 200 | J27: 600 | K27: 314 | L27: 17200 | M27: 87.120679 | N27: 0.018255814 | O27: 82.5 | P27: 491.13759 | Q27: 0.44 | R27: =P27/200000 -> 0.0024556879
A28: Viga T1F000 - Silva Neto (2017) | B28: 16 | C28: 571 | D28: 4 | E28: 37 | F28: 4.2588 | G28: 20 | H28: 54 | I28: 125 | J28: 250 | K28: 800 | L28: 16000 | M28: 87.082519 | N28: 0.05 | O28: 18.2 | P28: 136.24999 | Q28: 0.18 | R28: =P28/200000 -> 0.00068124993
B29: 16 | C29: 571 | D29: 4 | E29: 37 | F29: 4.2588 | G29: 20 | H29: 54 | I29: 125 | J29: 250 | K29: 800 | L29: 16000 | M29: 87.082519 | N29: 0.05 | O29: 26.2 | P29: 196.14009 | Q29: 0.2 | R29: =P29/200000 -> 0.00098070045
B30: 16 | C30: 571 | D30: 4 | E30: 37 | F30: 4.2588 | G30: 20 | H30: 54 | I30: 125 | J30: 250 | K30: 800 | L30: 16000 | M30: 87.082519 | N30: 0.05 | O30: 31.7 | P30: 237.31454 | Q30: 0.26 | R30: =P30/200000 -> 0.0011865727
B31: 16 | C31: 571 | D31: 4 | E31: 37 | F31: 4.2588 | G31: 20 | H31: 54 | I31: 125 | J31: 250 | K31: 800 | L31: 16000 | M31: 87.082519 | N31: 0.05 | O31: 40.8 | P31: 305.43953 | Q31: 0.44 | R31: =P31/200000 -> 0.0015271976
B32: 16 | C32: 571 | D32: 4 | E32: 37 | F32: 4.2588 | G32: 20 | H32: 54 | I32: 125 | J32: 250 | K32: 800 | L32: 16000 | M32: 87.082519 | N32: 0.05 | O32: 54.1 | P32: 405.00683 | Q32: 0.6 | R32: =P32/200000 -> 0.0020250341
A33: Viga 12-20-00 - Caldentey et al (2013) | B33: 12 | C33: 500 | D33: 4 | E33: 79.3 | F33: 2.6933292 | G33: 20 | H33: 38 | I33: 350 | J33: 450 | K33: 452 | L33: 34300 | M33: 76.169428 | N33: 0.013177843 | O33: 52.5 | P33: 300.43296 | Q33: 0.36 | R33: =P33/200000 -> 0.0015021648
B34: 12 | C34: 500 | D34: 4 | E34: 79.3 | F34: 2.6933292 | G34: 20 | H34: 38 | I34: 350 | J34: 450 | K34: 452 | L34: 34300 | M34: 76.169428 | N34: 0.013177843 | O34: 67.5 | P34: 386.27094 | Q34: 0.43 | R34: =P34/200000 -> 0.0019313547
B35: 12 | C35: 500 | D35: 4 | E35: 79.3 | F35: 2.6933292 | G35: 20 | H35: 38 | I35: 350 | J35: 450 | K35: 452 | L35: 34300 | M35: 76.169428 | N35: 0.013177843 | O35: 90 | P35: 500 | Q35: 0.56 | R35: =P35/200000 -> 0.0025
B36: 12 | C36: 500 | D36: 4 | E36: 79.3 | F36: 2.6933292 | G36: 20 | H36: 38 | I36: 350 | J36: 450 | K36: 452 | L36: 34300 | M36: 76.169428 | N36: 0.013177843 | O36: 112.5 | P36: 500 | Q36: 0.71 | R36: =P36/200000 -> 0.0025
B37: 12 | C37: 500 | D37: 4 | E37: 79.3 | F37: 2.6933292 | G37: 20 | H37: 38 | I37: 350 | J37: 450 | K37: 452 | L37: 34300 | M37: 76.169428 | N37: 0.013177843 | O37: 120 | P37: 500 | Q37: 0.79 | R37: =P37/200000 -> 0.0025
A38: Viga 25-20-00 - Caldentey et al (2013) | B38: 25 | C38: 500 | D38: 4 | E38: 62 | F38: 2.6933292 | G38: 20 | H38: 44.5 | I38: 350 | J38: 450 | K38: 1964 | L38: 54512.5 | M38: 140.92717 | N38: 0.036028434 | O38: 75 | P38: 106.51266 | Q38: 0.2 | R38: =P38/200000 -> 0.00053256328
B39: 25 | C39: 500 | D39: 4 | E39: 62 | F39: 2.6933292 | G39: 20 | H39: 44.5 | I39: 350 | J39: 450 | K39: 1964 | L39: 54512.5 | M39: 140.92717 | N39: 0.036028434 | O39: 135 | P39: 191.72278 | Q39: 0.25 | R39: =P39/200000 -> 0.0009586139
B40: 25 | C40: 500 | D40: 4 | E40: 62 | F40: 2.6933292 | G40: 20 | H40: 44.5 | I40: 350 | J40: 450 | K40: 1964 | L40: 54512.5 | M40: 140.92717 | N40: 0.036028434 | O40: 195 | P40: 276.9329 | Q40: 0.36 | R40: =P40/200000 -> 0.0013846645
B41: 25 | C41: 500 | D41: 4 | E41: 62 | F41: 2.6933292 | G41: 20 | H41: 44.5 | I41: 350 | J41: 450 | K41: 1964 | L41: 54512.5 | M41: 140.92717 | N41: 0.036028434 | O41: 255 | P41: 362.14303 | Q41: 0.47 | R41: =P41/200000 -> 0.0018107151
B42: 25 | C42: 500 | D42: 4 | E42: 62 | F42: 2.6933292 | G42: 20 | H42: 44.5 | I42: 350 | J42: 450 | K42: 1964 | L42: 54512.5 | M42: 140.92717 | N42: 0.036028434 | O42: 300 | P42: 426.05062 | Q42: 0.57 | R42: =P42/200000 -> 0.0021302531
B43: 25 | C43: 500 | D43: 4 | E43: 62 | F43: 2.6933292 | G43: 20 | H43: 44.5 | I43: 350 | J43: 450 | K43: 1964 | L43: 54512.5 | M43: 140.92717 | N43: 0.036028434 | O43: 360 | P43: 500 | Q43: 0.78 | R43: =P43/200000 -> 0.0025
A44: Viga 12-20-10 - Caldentey et al (2013) | B44: 12 | C44: 500 | D44: 4 | E44: 79.3 | F44: 2.6933292 | G44: 20 | H44: 34 | I44: 350 | J44: 450 | K44: 452 | L44: 32900 | M44: 76.57587 | N44: 0.013738602 | O44: 37.5 | P44: 212.47113 | Q44: 0.21 | R44: =P44/200000 -> 0.0010623556
B45: 12 | C45: 500 | D45: 4 | E45: 79.3 | F45: 2.6933292 | G45: 20 | H45: 34 | I45: 350 | J45: 450 | K45: 452 | L45: 32900 | M45: 76.57587 | N45: 0.013738602 | O45: 45 | P45: 254.96535 | Q45: 0.31 | R45: =P45/200000 -> 0.0012748268
B46: 12 | C46: 500 | D46: 4 | E46: 79.3 | F46: 2.6933292 | G46: 20 | H46: 34 | I46: 350 | J46: 450 | K46: 452 | L46: 32900 | M46: 76.57587 | N46: 0.013738602 | O46: 52.5 | P46: 297.45958 | Q46: 0.38 | R46: =P46/200000 -> 0.0014872979
B47: 12 | C47: 500 | D47: 4 | E47: 79.3 | F47: 2.6933292 | G47: 20 | H47: 34 | I47: 350 | J47: 450 | K47: 452 | L47: 32900 | M47: 76.57587 | N47: 0.013738602 | O47: 67.5 | P47: 382.44803 | Q47: 0.52 | R47: =P47/200000 -> 0.0019122401
B48: 12 | C48: 500 | D48: 4 | E48: 79.3 | F48: 2.6933292 | G48: 20 | H48: 34 | I48: 350 | J48: 450 | K48: 452 | L48: 32900 | M48: 76.57587 | N48: 0.013738602 | O48: 90 | P48: 500 | Q48: 0.74 | R48: =P48/200000 -> 0.0025
A49: Viga 12-20-30 - Caldentey et al (2013) | B49: 12 | C49: 500 | D49: 4 | E49: 79.3 | F49: 2.6933292 | G49: 20 | H49: 34 | I49: 350 | J49: 450 | K49: 452 | L49: 32900 | M49: 76.57587 | N49: 0.013738602 | O49: 37.5 | P49: 212.47113 | Q49: 0.17 | R49: =P49/200000 -> 0.0010623556
B50: 12 | C50: 500 | D50: 4 | E50: 79.3 | F50: 2.6933292 | G50: 20 | H50: 34 | I50: 350 | J50: 450 | K50: 452 | L50: 32900 | M50: 76.57587 | N50: 0.013738602 | O50: 52.5 | P50: 297.45958 | Q50: 0.36 | R50: =P50/200000 -> 0.0014872979
B51: 12 | C51: 500 | D51: 4 | E51: 79.3 | F51: 2.6933292 | G51: 20 | H51: 34 | I51: 350 | J51: 450 | K51: 452 | L51: 32900 | M51: 76.57587 | N51: 0.013738602 | O51: 67.5 | P51: 382.44803 | Q51: 0.56 | R51: =P51/200000 -> 0.0019122401
B52: 12 | C52: 500 | D52: 4 | E52: 79.3 | F52: 2.6933292 | G52: 20 | H52: 34 | I52: 350 | J52: 450 | K52: 452 | L52: 32900 | M52: 76.57587 | N52: 0.013738602 | O52: 90 | P52: 500 | Q52: 0.78 | R52: =P52/200000 -> 0.0025
A53: Viga 12-70-00 - Caldentey et al (2013) | B53: 12 | C53: 500 | D53: 4 | E53: 46 | F53: 2.6933292 | G53: 70 | H53: 88 | I53: 350 | J53: 450 | K53: 452 | L53: 42000 | M53: 70.913892 | N53: 0.010761905 | O53: 37.5 | P53: 245.19477 | Q53: 0.31 | R53: =P53/200000 -> 0.0012259739
B54: 12 | C54: 500 | D54: 4 | E54: 46 | F54: 2.6933292 | G54: 70 | H54: 88 | I54: 350 | J54: 450 | K54: 452 | L54: 42000 | M54: 70.913892 | N54: 0.010761905 | O54: 45 | P54: 294.23372 | Q54: 0.44 | R54: =P54/200000 -> 0.0014711686
A55: Viga 12-70-10 - Caldentey et al (2013) | B55: 12 | C55: 500 | D55: 4 | E55: 46 | F55: 2.6933292 | G55: 70 | H55: 84 | I55: 350 | J55: 450 | K55: 452 | L55: 42000 | M55: 71.347044 | N55: 0.010761905 | O55: 30 | P55: 193.94581 | Q55: 0.14 | R55: =P55/200000 -> 0.00096972907
B56: 12 | C56: 500 | D56: 4 | E56: 46 | F56: 2.6933292 | G56: 70 | H56: 84 | I56: 350 | J56: 450 | K56: 452 | L56: 42000 | M56: 71.347044 | N56: 0.010761905 | O56: 37.5 | P56: 242.43227 | Q56: 0.31 | R56: =P56/200000 -> 0.0012121613
B57: 12 | C57: 500 | D57: 4 | E57: 46 | F57: 2.6933292 | G57: 70 | H57: 84 | I57: 350 | J57: 450 | K57: 452 | L57: 42000 | M57: 71.347044 | N57: 0.010761905 | O57: 45 | P57: 290.91872 | Q57: 0.4 | R57: =P57/200000 -> 0.0014545936
A58: Viga 12-70-30 - Caldentey et al (2013) | B58: 12 | C58: 500 | D58: 4 | E58: 46 | F58: 2.6933292 | G58: 70 | H58: 84 | I58: 350 | J58: 450 | K58: 452 | L58: 42000 | M58: 71.347044 | N58: 0.010761905 | O58: 30 | P58: 193.94581 | Q58: 0.25 | R58: =P58/200000 -> 0.00096972907
B59: 12 | C59: 500 | D59: 4 | E59: 46 | F59: 2.6933292 | G59: 70 | H59: 84 | I59: 350 | J59: 450 | K59: 452 | L59: 42000 | M59: 71.347044 | N59: 0.010761905 | O59: 37.5 | P59: 242.43227 | Q59: 0.44 | R59: =P59/200000 -> 0.0012121613
B60: 12 | C60: 500 | D60: 4 | E60: 46 | F60: 2.6933292 | G60: 70 | H60: 84 | I60: 350 | J60: 450 | K60: 452 | L60: 42000 | M60: 71.347044 | N60: 0.010761905 | O60: 45 | P60: 290.91872 | Q60: 0.56 | R60: =P60/200000 -> 0.0014545936
A61: Viga 25-20-10 - Caldentey et al (2013) | B61: 25 | C61: 500 | D61: 4 | E61: 62 | F61: 2.6933292 | G61: 20 | H61: 40.5 | I61: 350 | J61: 450 | K61: 1964 | L61: 49612.5 | M61: 141.76646 | N61: 0.039586798 | O61: 150 | P61: 210.83755 | Q61: 0.23 | R61: =P61/200000 -> 0.0010541877
B62: 25 | C62: 500 | D62: 4 | E62: 62 | F62: 2.6933292 | G62: 20 | H62: 40.5 | I62: 350 | J62: 450 | K62: 1964 | L62: 49612.5 | M62: 141.76646 | N62: 0.039586798 | O62: 225 | P62: 316.25632 | Q62: 0.35 | R62: =P62/200000 -> 0.0015812816
B63: 25 | C63: 500 | D63: 4 | E63: 62 | F63: 2.6933292 | G63: 20 | H63: 40.5 | I63: 350 | J63: 450 | K63: 1964 | L63: 49612.5 | M63: 141.76646 | N63: 0.039586798 | O63: 300 | P63: 421.6751 | Q63: 0.49 | R63: =P63/200000 -> 0.0021083755
B64: 25 | C64: 500 | D64: 4 | E64: 62 | F64: 2.6933292 | G64: 20 | H64: 40.5 | I64: 350 | J64: 450 | K64: 1964 | L64: 49612.5 | M64: 141.76646 | N64: 0.039586798 | O64: 375 | P64: 500 | Q64: 0.67 | R64: =P64/200000 -> 0.0025
A65: Viga 25-20-30 - Caldentey et al (2013) | B65: 25 | C65: 500 | D65: 4 | E65: 62 | F65: 2.6933292 | G65: 20 | H65: 40.5 | I65: 350 | J65: 450 | K65: 1964 | L65: 49612.5 | M65: 141.76646 | N65: 0.039586798 | O65: 150 | P65: 210.83755 | Q65: 0.27 | R65: =P65/200000 -> 0.0010541877
B66: 25 | C66: 500 | D66: 4 | E66: 62 | F66: 2.6933292 | G66: 20 | H66: 40.5 | I66: 350 | J66: 450 | K66: 1964 | L66: 49612.5 | M66: 141.76646 | N66: 0.039586798 | O66: 225 | P66: 316.25632 | Q66: 0.4 | R66: =P66/200000 -> 0.0015812816
B67: 25 | C67: 500 | D67: 4 | E67: 62 | F67: 2.6933292 | G67: 20 | H67: 40.5 | I67: 350 | J67: 450 | K67: 1964 | L67: 49612.5 | M67: 141.76646 | N67: 0.039586798 | O67: 300 | P67: 421.6751 | Q67: 0.53 | R67: =P67/200000 -> 0.0021083755
B68: 25 | C68: 500 | D68: 4 | E68: 62 | F68: 2.6933292 | G68: 20 | H68: 40.5 | I68: 350 | J68: 450 | K68: 1964 | L68: 49612.5 | M68: 141.76646 | N68: 0.039586798 | O68: 375 | P68: 500 | Q68: 0.72 | R68: =P68/200000 -> 0.0025
A69: Viga 25-70-00 - Caldentey et al (2013) | B69: 25 | C69: 500 | D69: 4 | E69: 28.7 | F69: 2.6933292 | G69: 70 | H69: 94.5 | I69: 350 | J69: 450 | K69: 1964 | L69: 76825 | M69: 130.08181 | N69: 0.025564595 | O69: 75 | P69: 122.34077 | Q69: 0.3 | R69: =P69/200000 -> 0.00061170383
B70: 25 | C70: 500 | D70: 4 | E70: 28.7 | F70: 2.6933292 | G70: 70 | H70: 94.5 | I70: 350 | J70: 450 | K70: 1964 | L70: 76825 | M70: 130.08181 | N70: 0.025564595 | O70: 150 | P70: 244.68153 | Q70: 0.57 | R70: =P70/200000 -> 0.0012234077
A71: Viga 25-70-10 - Caldentey et al (2013) | B71: 25 | C71: 500 | D71: 4 | E71: 28.7 | F71: 2.6933292 | G71: 70 | H71: 90.5 | I71: 350 | J71: 450 | K71: 1964 | L71: 75425 | M71: 130.97513 | N71: 0.026039112 | O71: 75 | P71: 120.90671 | Q71: 0.26 | R71: =P71/200000 -> 0.00060453357
B72: 25 | C72: 500 | D72: 4 | E72: 28.7 | F72: 2.6933292 | G72: 70 | H72: 90.5 | I72: 350 | J72: 450 | K72: 1964 | L72: 75425 | M72: 130.97513 | N72: 0.026039112 | O72: 150 | P72: 241.81343 | Q72: 0.6 | R72: =P72/200000 -> 0.0012090671
A73: Viga 25-70-30 - Caldentey et al (2013) | B73: 25 | C73: 500 | D73: 4 | E73: 28.7 | F73: 2.6933292 | G73: 70 | H73: 90.5 | I73: 350 | J73: 450 | K73: 1964 | L73: 75425 | M73: 130.97513 | N73: 0.026039112 | O73: 75 | P73: 120.90671 | Q73: 0.27 | R73: =P73/200000 -> 0.00060453357
B74: 25 | C74: 500 | D74: 4 | E74: 28.7 | F74: 2.6933292 | G74: 70 | H74: 90.5 | I74: 350 | J74: 450 | K74: 1964 | L74: 75425 | M74: 130.97513 | N74: 0.026039112 | O74: 150 | P74: 241.81343 | Q74: 0.59 | R74: =P74/200000 -> 0.0012090671
A75: Viga RS1 - Harajlí e Naamam (1985) | B75: 9.52 | C75: 434 | D75: 3 | E75: 22.2 | F75: 3.56416 | G75: 20.64 | H75: 25.4 | I75: 114.3 | J75: 228.6 | K75: 212.9 | L75: 8343.9 | M75: 56.390968 | N75: 0.025515646 | O75: 11.6 | P75: 295.47063 | Q75: 0.15 | R75: =P75/200000 -> 0.0014773532
B76: 9.52 | C76: 434 | D76: 3 | E76: 22.2 | F76: 3.56416 | G76: 20.64 | H76: 25.4 | I76: 114.3 | J76: 228.6 | K76: 212.9 | L76: 8343.9 | M76: 56.390968 | N76: 0.025515646 | O76: 13.5 | P76: 343.86668 | Q76: 0.17 | R76: =P76/200000 -> 0.0017193334
A77: Viga RS2 - Harajlí e Naamam (1985) | B77: 12.7 | C77: 434 | D77: 3 | E77: 19.05 | F77: 3.9766082 | G77: 19.05 | H77: 25.4 | I77: 114.3 | J77: 228.6 | K77: 387.1 | L77: 10161.27 | M77: 70.373658 | N77: 0.038095632 | O77: 21.1 | P77: 303.25603 | Q77: 0.15 | R77: =P77/200000 -> 0.0015162801
B78: 12.7 | C78: 434 | D78: 3 | E78: 19.05 | F78: 3.9766082 | G78: 19.05 | H78: 25.4 | I78: 114.3 | J78: 228.6 | K78: 387.1 | L78: 10161.27 | M78: 70.373658 | N78: 0.038095632 | O78: 24.2 | P78: 347.81023 | Q78: 0.17 | R78: =P78/200000 -> 0.0017390511
B79: 12.7 | C79: 434 | D79: 3 | E79: 19.05 | F79: 3.9766082 | G79: 19.05 | H79: 25.4 | I79: 114.3 | J79: 228.6 | K79: 387.1 | L79: 10161.27 | M79: 70.373658 | N79: 0.038095632 | O79: 28.6 | P79: 411.04845 | Q79: 0.2 | R79: =P79/200000 -> 0.0020552423
A80: Viga RS3 - Harajlí e Naamam (1985) | B80: 15.9 | C80: 540 | D80: 3 | E80: 15.9 | F80: 3.9766082 | G80: 17.46 | H80: 25.4 | I80: 114.3 | J80: 228.6 | K80: 600 | L80: 10161.27 | M80: 83.256822 | N80: 0.059047737 | O80: 30.5 | P80: 289.73492 | Q80: 0.16 | R80: =P80/200000 -> 0.0014486746
B81: 15.9 | C81: 540 | D81: 3 | E81: 15.9 | F81: 3.9766082 | G81: 17.46 | H81: 25.4 | I81: 114.3 | J81: 228.6 | K81: 600 | L81: 10161.27 | M81: 83.256822 | N81: 0.059047737 | O81: 40 | P81: 379.98023 | Q81: 0.21 | R81: =P81/200000 -> 0.0018999011
A82: Viga B1-a - Gilbert e Nejadi (2004) | B82: 16 | C82: 500 | D82: 2 | E82: 138 | F82: 3.269 | G82: 40 | H82: 48 | I82: 250 | J82: 348 | K82: 400 | L82: 32000 | M82: 73.386285 | N82: 0.0125 | O82: 20.42 | P82: 185.27396 | Q82: 0.15 | R82: =P82/200000 -> 0.00092636982
B83: 16 | C83: 500 | D83: 2 | E83: 138 | F83: 3.269 | G83: 40 | H83: 48 | I83: 250 | J83: 348 | K83: 400 | L83: 32000 | M83: 73.386285 | N83: 0.0125 | O83: 23.34 | P83: 211.7676 | Q83: 0.2 | R83: =P83/200000 -> 0.001058838
B84: 16 | C84: 500 | D84: 2 | E84: 138 | F84: 3.269 | G84: 40 | H84: 48 | I84: 250 | J84: 348 | K84: 400 | L84: 32000 | M84: 73.386285 | N84: 0.0125 | O84: 26.26 | P84: 238.26123 | Q84: 0.25 | R84: =P84/200000 -> 0.0011913061
B85: 16 | C85: 500 | D85: 2 | E85: 138 | F85: 3.269 | G85: 40 | H85: 48 | I85: 250 | J85: 348 | K85: 400 | L85: 32000 | M85: 73.386285 | N85: 0.0125 | O85: 29.175 | P85: 264.7095 | Q85: 0.28 | R85: =P85/200000 -> 0.0013235475
B86: 16 | C86: 500 | D86: 2 | E86: 138 | F86: 3.269 | G86: 40 | H86: 48 | I86: 250 | J86: 348 | K86: 400 | L86: 32000 | M86: 73.386285 | N86: 0.0125 | O86: 32.09 | P86: 291.15776 | Q86: 0.28 | R86: =P86/200000 -> 0.0014557888
B87: 16 | C87: 500 | D87: 2 | E87: 138 | F87: 3.269 | G87: 40 | H87: 48 | I87: 250 | J87: 348 | K87: 400 | L87: 32000 | M87: 73.386285 | N87: 0.0125 | O87: 35.01 | P87: 317.6514 | Q87: 0.3 | R87: =P87/200000 -> 0.001588257
B88: 16 | C88: 500 | D88: 2 | E88: 138 | F88: 3.269 | G88: 40 | H88: 48 | I88: 250 | J88: 348 | K88: 400 | L88: 32000 | M88: 73.386285 | N88: 0.0125 | O88: 37.93 | P88: 344.14503 | Q88: 0.33 | R88: =P88/200000 -> 0.0017207251
B89: 16 | C89: 500 | D89: 2 | E89: 138 | F89: 3.269 | G89: 40 | H89: 48 | I89: 250 | J89: 348 | K89: 400 | L89: 32000 | M89: 73.386285 | N89: 0.0125 | O89: 40.84 | P89: 370.54793 | Q89: 0.33 | R89: =P89/200000 -> 0.0018527396
A90: Viga B1-b - Gilbert e Nejadi (2004) | B90: 16 | C90: 500 | D90: 2 | E90: 138 | F90: 3.269 | G90: 40 | H90: 48 | I90: 250 | J90: 348 | K90: 400 | L90: 32000 | M90: 73.386285 | N90: 0.0125 | O90: 23.34 | P90: 211.7676 | Q90: 0.15 | R90: =P90/200000 -> 0.001058838
B91: 16 | C91: 500 | D91: 2 | E91: 138 | F91: 3.269 | G91: 40 | H91: 48 | I91: 250 | J91: 348 | K91: 400 | L91: 32000 | M91: 73.386285 | N91: 0.0125 | O91: 26.26 | P91: 238.26123 | Q91: 0.18 | R91: =P91/200000 -> 0.0011913061
B92: 16 | C92: 500 | D92: 2 | E92: 138 | F92: 3.269 | G92: 40 | H92: 48 | I92: 250 | J92: 348 | K92: 400 | L92: 32000 | M92: 73.386285 | N92: 0.0125 | O92: 29.175 | P92: 264.7095 | Q92: 0.2 | R92: =P92/200000 -> 0.0013235475
B93: 16 | C93: 500 | D93: 2 | E93: 138 | F93: 3.269 | G93: 40 | H93: 48 | I93: 250 | J93: 348 | K93: 400 | L93: 32000 | M93: 73.386285 | N93: 0.0125 | O93: 32.09 | P93: 291.15776 | Q93: 0.25 | R93: =P93/200000 -> 0.0014557888
B94: 16 | C94: 500 | D94: 2 | E94: 138 | F94: 3.269 | G94: 40 | H94: 48 | I94: 250 | J94: 348 | K94: 400 | L94: 32000 | M94: 73.386285 | N94: 0.0125 | O94: 35.01 | P94: 317.6514 | Q94: 0.3 | R94: =P94/200000 -> 0.001588257
B95: 16 | C95: 500 | D95: 2 | E95: 138 | F95: 3.269 | G95: 40 | H95: 48 | I95: 250 | J95: 348 | K95: 400 | L95: 32000 | M95: 73.386285 | N95: 0.0125 | O95: 37.93 | P95: 344.14503 | Q95: 0.33 | R95: =P95/200000 -> 0.0017207251
B96: 16 | C96: 500 | D96: 2 | E96: 138 | F96: 3.269 | G96: 40 | H96: 48 | I96: 250 | J96: 348 | K96: 400 | L96: 32000 | M96: 73.386285 | N96: 0.0125 | O96: 40.84 | P96: 370.54793 | Q96: 0.38 | R96: =P96/200000 -> 0.0018527396
A97: Viga B2-a - Gilbert e Nejadi (2004) | B97: 16 | C97: 500 | D97: 2 | E97: 168 | F97: 3.269 | G97: 25 | H97: 33 | I97: 250 | J97: 333 | K97: 400 | L97: 12769 | M97: 73.386285 | N97: 0.015746098 | O97: 23.34 | P97: 211.7676 | Q97: 0.15 | R97: =P97/200000 -> 0.001058838
B98: 16 | C98: 500 | D98: 2 | E98: 168 | F98: 3.269 | G98: 25 | H98: 33 | I98: 250 | J98: 333 | K98: 400 | L98: 12769 | M98: 73.386285 | N98: 0.015746098 | O98: 26.26 | P98: 238.26123 | Q98: 0.18 | R98: =P98/200000 -> 0.0011913061
B99: 16 | C99: 500 | D99: 2 | E99: 168 | F99: 3.269 | G99: 25 | H99: 33 | I99: 250 | J99: 333 | K99: 400 | L99: 12769 | M99: 73.386285 | N99: 0.015746098 | O99: 29.175 | P99: 264.7095 | Q99: 0.2 | R99: =P99/200000 -> 0.0013235475
B100: 16 | C100: 500 | D100: 2 | E100: 168 | F100: 3.269 | G100: 25 | H100: 33 | I100: 250 | J100: 333 | K100: 400 | L100: 12769 | M100: 73.386285 | N100: 0.015746098 | O100: 32.09 | P100: 291.15776 | Q100: 0.23 | R100: =P100/200000 -> 0.0014557888
...

Sheet Modelos normativos
A1: Autor | B1: Inputs | M1: Output | N1: Modelos normativos - wmax (mm)
B2: Diâmetro da armadura f (mm) | C2: Número de barras em uma camada | D2: Espaçamento entre as barras (mm) | E2: Resistência à tração do concreto fctm (MPa) | F2: Cobrimento c (mm) | G2: Distância ao centro de gravidade da armadura d' (mm) | H2: Linha neutra no Estádio II - XII (mm) | I2: Altura da viga - h (mm) | J2: Altura efetiva - d (mm) | K2: Linha neutra no Estádio I - Xg (mm) | L2: Altura efetiva da fib 2020 - hc,ef (mm) | M2: wexp (mm) | N2: fib Model Code 2010 - wmax | O2: Tensão na armadura ss (MPa) | P2: tensão na armadura no instante da fissuração do concreto ssr ( MPa) | Q2: Taxa de armadura | R2: wk/wexp | S2: fib Model Code 2020 - wmax | T2: Tensão na armadura ss (MPa) | U2: tensão na armadura no instante da fissuração do concreto ssr ( MPa) | V2: Taxa de armadura | W2: k1/r | X2: kfl | Y2: wk/wexp | Z2: Eurocode 2 - wmax | AA2: Tensão na armadura (MPa) | AB2: tensão na armadura no instante da fissuração do concreto (Sigmasr) MPa | AC2: Taxa de armadura | AD2: wk/wexp | AE2: NBR 6118 - wk1 - fissuração estabilizada | AF2: NBR 6118 - wk2 - fissuração não estabilizada | AG2: Tensão na armadura (MPa) | AH2: Taxa de armadura | AI2: wk/wexp
A3: Viga S200-1.76-20 - Sokolov et al (2021) | B3: 20 | C3: 2 | D3: 126 | E3: 4.1203405 | F3: 25 | G3: 39 | H3: 57.361777 | I3: 201 | J3: 162 | K3: 104 | L3: 136.5 | M3: 0.16 | N3: 0.12573407 | O3: 231.811 | P3: 90.135975 | Q3: 0.060723546 | R3: 0.78583793 | S3: 0.086159383 | T3: 231.811 | U3: 216 | V3: 0.021299688 | W3: =(I3-H3)/(J3-H3) -> 1.3727127 | X3: =0.5*(1+(I3-K3-L3)/(I3-K3)) -> 0.29639175 | Y3: 0.53849614 | Z3: 0.12529165 | AA3: 231.811 | AB3: 90.135975 | AC3: 0.060723546 | AD3: 0.78307283 | AE3: 0.26246779 | AF3: 0.15737968 | AG3: 246.56221 | AH3: 0.0157 | AI3: 0.98362299
B4: 20 | C4: 2 | D4: 126 | E4: 4.1203405 | F4: 25 | G4: 39 | H4: 57.361777 | I4: 201 | J4: 162 | K4: 104 | L4: 136.5 | M4: 0.23 | N4: 0.17698216 | O4: 304.25194 | P4: 90.135975 | Q4: 0.060723546 | R4: 0.76948766 | S4: 0.14712654 | T4: 304.25194 | U4: 216 | V4: 0.021299688 | W4: =(I4-H4)/(J4-H4) -> 1.3727127 | X4: =0.5*(1+(I4-K4-L4)/(I4-K4)) -> 0.29639175 | Y4: 0.63968062 | Z4: 0.17635942 | AA4: 304.25194 | AB4: 90.135975 | AC4: 0.060723546 | AD4: 0.76678009 | AE4: 0.34448897 | AF4: 0.27111109 | AG4: 323.6129 | AH4: 0.0157 | AI4: 1.1787439
B5: 20 | C5: 2 | D5: 126 | E5: 4.1203405 | F5: 25 | G5: 39 | H5: 57.361777 | I5: 201 | J5: 162 | K5: 104 | L5: 136.5 | M5: 0.24 | N5: 0.18407805 | O5: 314.28223 | P5: 90.135975 | Q5: 0.060723546 | R5: 0.76699189 | S5: 0.15556815 | T5: 314.28223 | U5: 216 | V5: 0.021299688 | W5: =(I5-H5)/(J5-H5) -> 1.3727127 | X5: =0.5*(1+(I5-K5-L5)/(I5-K5)) -> 0.29639175 | Y5: 0.64820062 | Z5: 0.18343034 | AA5: 314.28223 | AB5: 90.135975 | AC5: 0.060723546 | AD5: 0.7642931 | AE5: 0.35584575 | AF5: 0.28928119 | AG5: 334.28146 | AH5: 0.0157 | AI5: 1.2053383
B6: 20 | C6: 2 | D6: 126 | E6: 4.1203405 | F6: 25 | G6: 39 | H6: 57.361777 | I6: 201 | J6: 162 | K6: 104 | L6: 136.5 | M6: 0.27 | N6: 0.21876907 | O6: 363.31917 | P6: 90.135975 | Q6: 0.060723546 | R6: 0.81025582 | S6: 0.19683823 | T6: 363.31917 | U6: 216 | V6: 0.021299688 | W6: =(I6-H6)/(J6-H6) -> 1.3727127 | X6: =0.5*(1+(I6-K6-L6)/(I6-K6)) -> 0.29639175 | Y6: 0.72903047 | Z6: 0.21799929 | AA6: 363.31917 | AB6: 90.135975 | AC6: 0.060723546 | AD6: 0.80740479 | AE6: 0.41136778 | AF6: 0.38659585 | AG6: 386.43885 | AH6: 0.0157 | AI6: 1.4318365
B7: 20 | C7: 2 | D7: 126 | E7: 4.1203405 | F7: 25 | G7: 39 | H7: 57.361777 | I7: 201 | J7: 162 | K7: 104 | L7: 136.5 | M7: 0.35 | N7: 0.28657424 | O7: 459.16411 | P7: 90.135975 | Q7: 0.060723546 | R7: 0.81878355 | S7: 0.27750247 | T7: 459.16411 | U7: 216 | V7: 0.021299688 | W7: =(I7-H7)/(J7-H7) -> 1.3727127 | X7: =0.5*(1+(I7-K7-L7)/(I7-K7)) -> 0.29639175 | Y7: 0.79286419 | Z7: 0.28556588 | AA7: 459.16411 | AB7: 90.135975 | AC7: 0.060723546 | AD7: 0.81590252 | AE7: 0.51988812 | AF7: 0.61747079 | AG7: 488.38285 | AH7: 0.0157 | AI7: 1.4853946
B8: 20 | C8: 2 | D8: 126 | E8: 4.1203405 | F8: 25 | G8: 39 | H8: 57.361777 | I8: 201 | J8: 162 | K8: 104 | L8: 136.5 | M8: 0.4 | N8: 0.31546345 | O8: 500 | P8: 90.135975 | Q8: 0.060723546 | R8: 0.78865864 | S8: 0.31187044 | T8: 500 | U8: 216 | V8: 0.021299688 | W8: =(I8-H8)/(J8-H8) -> 1.3727127 | X8: =0.5*(1+(I8-K8-L8)/(I8-K8)) -> 0.29639175 | Y8: 0.77967611 | Z8: 0.31435344 | AA8: 500 | AB8: 90.135975 | AC8: 0.060723546 | AD8: 0.78588361 | AE8: 0.53225469 | AF8: 0.6471957 | AG8: 500 | AH8: 0.0157 | AI8: 1.3306367
A9: Viga S600-0.37-10 - Sokolov et al (2021) | B9: 10 | C9: 8 | D9: 87.7 | E9: 4.1311268 | F9: 25 | G9: 53 | H9: 99.6964 | I9: 604 | J9: 551 | K9: 306 | L9: 141 | M9: 0.16 | N9: 0.17110696 | O9: 322.91972 | P9: 290.76849 | Q9: 0.015388385 | R9: 1.0694185 | S9: 0.13580673 | T9: 322.91972 | U9: 308 | V9: 0.014460717 | W9: =(I9-H9)/(J9-H9) -> 1.1174376 | X9: =0.5*(1+(I9-K9-L9)/(I9-K9)) -> 0.76342282 | Y9: 0.84879204 | Z9: 0.18936619 | AA9: 322.91972 | AB9: 290.76849 | AC9: 0.015388385 | AD9: 1.1835387 | AE9: 0.2432138 | AF9: 0.14484953 | AG9: 334.96038 | AH9: 0.011 | AI9: 0.90530958
B10: 10 | C10: 8 | D10: 87.7 | E10: 4.1311268 | F10: 25 | G10: 53 | H10: 99.6964 | I10: 604 | J10: 551 | K10: 306 | L10: 141 | M10: 0.18 | N10: 0.22285816 | O10: 367.82093 | P10: 290.76849 | Q10: 0.015388385 | R10: 1.2381009 | S10: 0.17995416 | T10: 367.82093 | U10: 308 | V10: 0.014460717 | W10: =(I10-H10)/(J10-H10) -> 1.1174376 | X10: =0.5*(1+(I10-K10-L10)/(I10-K10)) -> 0.76342282 | Y10: 0.99974531 | Z10: 0.21569711 | AA10: 367.82093 | AB10: 290.76849 | AC10: 0.015388385 | AD10: 1.1983173 | AE10: 0.2770321 | AF10: 0.18793205 | AG10: 381.53583 | AH10: 0.011 | AI10: 1.044067
B11: 10 | C11: 8 | D11: 87.7 | E11: 4.1311268 | F11: 25 | G11: 53 | H11: 99.6964 | I11: 604 | J11: 551 | K11: 306 | L11: 141 | M11: 0.26 | N11: 0.37520202 | O11: 500 | P11: 290.76849 | Q11: 0.015388385 | R11: 1.4430847 | S11: 0.30991424 | T11: 500 | U11: 308 | V11: 0.014460717 | W11: =(I11-H11)/(J11-H11) -> 1.1174376 | X11: =0.5*(1+(I11-K11-L11)/(I11-K11)) -> 0.76342282 | Y11: 1.1919778 | Z11: 0.31817022 | AA11: 500 | AB11: 290.76849 | AC11: 0.015388385 | AD11: 1.2237316 | AE11: 0.3630486 | AF11: 0.32275295 | AG11: 500 | AH11: 0.011 | AI11: 1.2413575
A12: Viga V1 - Oliveira (2007) | B12: 10 | C12: 4 | D12: 32.466667 | E12: 3.262 | F12: 25 | G12: 36 | H12: 95.721927 | I12: 600 | J12: 564 | K12: 304 | L12: 86 | M12: 0.16 | N12: 0.16007092 | O12: 285.04803 | P12: 207.32063 | Q12: 0.017444444 | R12: 1.0004432 | S12: 0.13868029 | T12: 285.04803 | U12: 199 | V12: 0.018255814 | W12: =(I12-H12)/(J12-H12) -> 1.0768774 | X12: =0.5*(1+(I12-K12-L12)/(I12-K12)) -> 0.85472973 | Y12: 0.86675181 | Z12: 0.14859328 | AA12: 285.04803 | AB12: 207.32063 | AC12: 0.017444444 | AD12: 0.92870802 | AE12: 0.184404 | AF12: 0.13403772 | AG12: 293.39369 | AH12: 0.0123 | AI12: 0.83773573
B13: 10 | C13: 4 | D13: 32.466667 | E13: 3.262 | F13: 25 | G13: 36 | H13: 95.721927 | I13: 600 | J13: 564 | K13: 304 | L13: 86 | M13: 0.2 | N13: 0.19987712 | O13: 324.99965 | P13: 207.32063 | Q13: 0.017444444 | R13: 0.99938561 | S13: 0.17212891 | T13: 324.99965 | U13: 199 | V13: 0.018255814 | W13: =(I13-H13)/(J13-H13) -> 1.0768774 | X13: =0.5*(1+(I13-K13-L13)/(I13-K13)) -> 0.85472973 | Y13: 0.86064456 | Z13: 0.17429163 | AA13: 324.99965 | AB13: 207.32063 | AC13: 0.017444444 | AD13: 0.87145816 | AE13: 0.2102496 | AF13: 0.17424355 | AG13: 334.51501 | AH13: 0.0123 | AI13: 0.87121774
B14: 10 | C14: 4 | D14: 32.466667 | E14: 3.262 | F14: 25 | G14: 36 | H14: 95.721927 | I14: 600 | J14: 564 | K14: 304 | L14: 86 | M14: 0.2 | N14: 0.24236689 | O14: 367.64463 | P14: 207.32063 | Q14: 0.017444444 | R14: 1.2118344 | S14: 0.20783249 | T14: 367.64463 | U14: 199 | V14: 0.018255814 | W14: =(I14-H14)/(J14-H14) -> 1.0768774 | X14: =0.5*(1+(I14-K14-L14)/(I14-K14)) -> 0.85472973 | Y14: 1.0391625 | Z14: 0.21134245 | AA14: 367.64463 | AB14: 207.32063 | AC14: 0.017444444 | AD14: 1.0567123 | AE14: 0.2378376 | AF14: 0.22297048 | AG14: 378.40856 | AH14: 0.0123 | AI14: 1.1148524
B15: 10 | C15: 4 | D15: 32.466667 | E15: 3.262 | F15: 25 | G15: 36 | H15: 95.721927 | I15: 600 | J15: 564 | K15: 304 | L15: 86 | M15: 0.24 | N15: 0.28530392 | O15: 410.7385 | P15: 207.32063 | Q15: 0.017444444 | R15: 1.1887663 | S15: 0.24391191 | T15: 410.7385 | U15: 199 | V15: 0.018255814 | W15: =(I15-H15)/(J15-H15) -> 1.0768774 | X15: =0.5*(1+(I15-K15-L15)/(I15-K15)) -> 0.85472973 | Y15: 1.0162996 | Z15: 0.24878328 | AA15: 410.7385 | AB15: 207.32063 | AC15: 0.017444444 | AD15: 1.036597 | AE15: 0.265716 | AF15: 0.27830548 | AG15: 422.76414 | AH15: 0.0123 | AI15: 1.10715
B16: 10 | C16: 4 | D16: 32.466667 | E16: 3.262 | F16: 25 | G16: 36 | H16: 95.721927 | I16: 600 | J16: 564 | K16: 304 | L16: 86 | M16: 0.3 | N16: 0.31303408 | O16: 438.56996 | P16: 207.32063 | Q16: 0.017444444 | R16: 1.0434469 | S16: 0.26721319 | T16: 438.56996 | U16: 199 | V16: 0.018255814 | W16: =(I16-H16)/(J16-H16) -> 1.0768774 | X16: =0.5*(1+(I16-K16-L16)/(I16-K16)) -> 0.85472973 | Y16: 0.89071064 | Z16: 0.27296381 | AA16: 438.56996 | AB16: 207.32063 | AC16: 0.017444444 | AD16: 0.90987938 | AE16: 0.2837208 | AF16: 0.317299 | AG16: 451.41046 | AH16: 0.0123 | AI16: 0.94573599
B17: 10 | C17: 4 | D17: 32.466667 | E17: 3.262 | F17: 25 | G17: 36 | H17: 95.721927 | I17: 600 | J17: 564 | K17: 304 | L17: 86 | M17: 0.32 | N17: 0.37251976 | O17: 498.27294 | P17: 207.32063 | Q17: 0.017444444 | R17: 1.1641242 | S17: 0.31719821 | T17: 498.27294 | U17: 199 | V17: 0.018255814 | W17: =(I17-H17)/(J17-H17) -> 1.0768774 | X17: =0.5*(1+(I17-K17-L17)/(I17-K17)) -> 0.85472973 | Y17: 0.99124441 | Z17: 0.32483496 | AA17: 498.27294 | AB17: 207.32063 | AC17: 0.017444444 | AD17: 1.0151092 | AE17: 0.322344 | AF17: 0.40956754 | AG17: 512.86142 | AH17: 0.0123 | AI17: 1.007325
B18: 10 | C18: 4 | D18: 32.466667 | E18: 3.262 | F18: 25 | G18: 36 | H18: 95.721927 | I18: 600 | J18: 564 | K18: 304 | L18: 86 | M18: 0.38 | N18: 0.37699236 | O18: 502.76188 | P18: 207.32063 | Q18: 0.017444444 | R18: 0.99208516 | S18: 0.32095648 | T18: 502.76188 | U18: 199 | V18: 0.018255814 | W18: =(I18-H18)/(J18-H18) -> 1.0768774 | X18: =0.5*(1+(I18-K18-L18)/(I18-K18)) -> 0.85472973 | Y18: 0.84462232 | Z18: 0.32873504 | AA18: 502.76188 | AB18: 207.32063 | AC18: 0.017444444 | AD18: 0.86509222 | AE18: 0.325248 | AF18: 0.41698038 | AG18: 517.48179 | AH18: 0.0123 | AI18: 0.85591578
B19: 10 | C19: 4 | D19: 32.466667 | E19: 3.262 | F19: 25 | G19: 36 | H19: 95.721927 | I19: 600 | J19: 564 | K19: 304 | L19: 86 | M19: 0.42 | N19: 0.41277322 | O19: 538.67345 | P19: 207.32063 | Q19: 0.017444444 | R19: 0.98279338 | S19: 0.35102266 | T19: 538.67345 | U19: 199 | V19: 0.018255814 | W19: =(I19-H19)/(J19-H19) -> 1.0768774 | X19: =0.5*(1+(I19-K19-L19)/(I19-K19)) -> 0.85472973 | Y19: 0.83576823 | Z19: 0.35993573 | AA19: 538.67345 | AB19: 207.32063 | AC19: 0.017444444 | AD19: 0.85698984 | AE19: 0.34848 | AF19: 0.47867645 | AG19: 554.44478 | AH19: 0.0123 | AI19: 0.82971428
B20: 10 | C20: 4 | D20: 32.466667 | E20: 3.262 | F20: 25 | G20: 36 | H20: 95.721927 | I20: 600 | J20: 564 | K20: 304 | L20: 86 | M20: 0.44 | N20: 0.50177465 | O20: 628 | P20: 207.32063 | Q20: 0.017444444 | R20: 1.1403969 | S20: 0.42580937 | T20: 628 | U20: 199 | V20: 0.018255814 | W20: =(I20-H20)/(J20-H20) -> 1.0768774 | X20: =0.5*(1+(I20-K20-L20)/(I20-K20)) -> 0.85472973 | Y20: 0.96774858 | Z20: 0.43754444 | AA20: 628 | AB20: 207.32063 | AC20: 0.017444444 | AD20: 0.99441919 | AE20: 0.39471097 | AF20: 0.61410801 | AG20: 628 | AH20: 0.0123 | AI20: 0.8970704
B21: 10 | C21: 4 | D21: 32.466667 | E21: 3.262 | F21: 25 | G21: 36 | H21: 95.721927 | I21: 600 | J21: 564 | K21: 304 | L21: 86 | M21: 0.5 | N21: 0.50177465 | O21: 628 | P21: 207.32063 | Q21: 0.017444444 | R21: 1.0035493 | S21: 0.42580937 | T21: 628 | U21: 199 | V21: 0.018255814 | W21: =(I21-H21)/(J21-H21) -> 1.0768774 | X21: =0.5*(1+(I21-K21-L21)/(I21-K21)) -> 0.85472973 | Y21: 0.85161875 | Z21: 0.43754444 | AA21: 628 | AB21: 207.32063 | AC21: 0.017444444 | AD21: 0.87508889 | AE21: 0.39471097 | AF21: 0.61410801 | AG21: 628 | AH21: 0.0123 | AI21: 0.78942195
A22: Viga V2 - Oliveira (2007) | B22: 10 | C22: 4 | D22: 32.466667 | E22: 3.514 | F22: 25 | G22: 36 | H22: 87.120679 | I22: 600 | J22: 564 | K22: 303 | L22: 86 | M22: 0.24 | N22: 0.18922989 | O22: 321.47188 | P22: 219.25122 | Q22: 0.017444444 | R22: 0.78845789 | S22: 0.16333872 | T22: 321.47188 | U22: 210 | V22: 0.018255814 | W22: =(I22-H22)/(J22-H22) -> 1.0754908 | X22: =0.5*(1+(I22-K22-L22)/(I22-K22)) -> 0.85521886 | Y22: 0.680578 | Z22: 0.16758074 | AA22: 321.47188 | AB22: 219.25122 | AC22: 0.017444444 | AD22: 0.6982531 | AE22: 0.209088 | AF22: 0.15996566 | AG22: 332.66687 | AH22: 0.0123 | AI22: 0.66652359
B23: 10 | C23: 4 | D23: 32.466667 | E23: 3.514 | F23: 25 | G23: 36 | H23: 87.120679 | I23: 600 | J23: 564 | K23: 303 | L23: 86 | M23: 0.3 | N23: 0.22481898 | O23: 357.19097 | P23: 219.25122 | Q23: 0.017444444 | R23: 0.74939662 | S23: 0.1932134 | T23: 357.19097 | U23: 210 | V23: 0.018255814 | W23: =(I23-H23)/(J23-H23) -> 1.0754908 | X23: =0.5*(1+(I23-K23-L23)/(I23-K23)) -> 0.85521886 | Y23: 0.64404467 | Z23: 0.19604079 | AA23: 357.19097 | AB23: 219.25122 | AC23: 0.017444444 | AD23: 0.65346929 | AE23: 0.23232 | AF23: 0.19748847 | AG23: 369.62985 | AH23: 0.0123 | AI23: 0.6582949
B24: 10 | C24: 4 | D24: 32.466667 | E24: 3.514 | F24: 25 | G24: 36 | H24: 87.120679 | I24: 600 | J24: 564 | K24: 303 | L24: 86 | M24: 0.3 | N24: 0.23816489 | O24: 370.58564 | P24: 219.25122 | Q24: 0.017444444 | R24: 0.79388298 | S24: 0.2044164 | T24: 370.58564 | U24: 210 | V24: 0.018255814 | W24: =(I24-H24)/(J24-H24) -> 1.0754908 | X24: =0.5*(1+(I24-K24-L24)/(I24-K24)) -> 0.85521886 | Y24: 0.68138802 | Z24: 0.20767834 | AA24: 370.58564 | AB24: 219.25122 | AC24: 0.017444444 | AD24: 0.69226113 | AE24: 0.241032 | AF24: 0.21257782 | AG24: 383.49097 | AH24: 0.0123 | AI24: 0.70859275
B25: 10 | C25: 4 | D25: 32.466667 | E25: 3.514 | F25: 25 | G25: 36 | H25: 87.120679 | I25: 600 | J25: 564 | K25: 303 | L25: 86 | M25: 0.3 | N25: 0.26040808 | O25: 392.91007 | P25: 219.25122 | Q25: 0.017444444 | R25: 0.86802692 | S25: 0.22308808 | T25: 392.91007 | U25: 210 | V25: 0.018255814 | W25: =(I25-H25)/(J25-H25) -> 1.0754908 | X25: =0.5*(1+(I25-K25-L25)/(I25-K25)) -> 0.85521886 | Y25: 0.74362693 | Z25: 0.22707426 | AA25: 392.91007 | AB25: 219.25122 | AC25: 0.017444444 | AD25: 0.75691419 | AE25: 0.255552 | AF25: 0.23896105 | AG25: 406.59284 | AH25: 0.0123 | AI25: 0.79653683
B26: 10 | C26: 4 | D26: 32.466667 | E26: 3.514 | F26: 25 | G26: 36 | H26: 87.120679 | I26: 600 | J26: 564 | K26: 303 | L26: 86 | M26: 0.38 | N26: 0.29154853 | O26: 424.16428 | P26: 219.25122 | Q26: 0.017444444 | R26: 0.76723298 | S26: 0.24922842 | T26: 424.16428 | U26: 210 | V26: 0.018255814 | W26: =(I26-H26)/(J26-H26) -> 1.0754908 | X26: =0.5*(1+(I26-K26-L26)/(I26-K26)) -> 0.85521886 | Y26: 0.65586427 | Z26: 0.25422854 | AA26: 424.16428 | AB26: 219.25122 | AC26: 0.017444444 | AD26: 0.66902248 | AE26: 0.27588 | AF26: 0.2784896 | AG26: 438.93545 | AH26: 0.0123 | AI26: 0.72599999
B27: 10 | C27: 4 | D27: 32.466667 | E27: 3.514 | F27: 25 | G27: 36 | H27: 87.120679 | I27: 600 | J27: 564 | K27: 303 | L27: 86 | M27: 0.44 | N27: 0.35827808 | O27: 491.13759 | P27: 219.25122 | Q27: 0.017444444 | R27: 0.81426836 | S27: 0.30524345 | T27: 491.13759 | U27: 210 | V27: 0.018255814 | W27: =(I27-H27)/(J27-H27) -> 1.0754908 | X27: =0.5*(1+(I27-K27-L27)/(I27-K27)) -> 0.85521886 | Y27: 0.69373511 | Z27: 0.3124163 | AA27: 491.13759 | AB27: 219.25122 | AC27: 0.017444444 | AD27: 0.71003705 | AE27: 0.31944 | AF27: 0.37337664 | AG27: 508.24104 | AH27: 0.0123 | AI27: 0.72599999
A28: Viga T1F000 - Silva Neto (2017) | B28: 16 | C28: 4 | D28: 37 | E28: 4.2588 | F28: 20 | G28: 54 | H28: 87.082519 | I28: 250 | J28: 196 | K28: 132 | L28: 128 | M28: 0.18 | N28: 0.03853784 | O28: 136.24999 | P28: 59.302632 | Q28: 0.11785107 | R28: 0.21409911 | S28: 0.043068886 | T28: 136.24999 | U28: 108 | V28: 0.05 | W28: =(I28-H28)/(J28-H28) -> 1.4957882 | X28: =0.5*(1+(I28-K28-L28)/(I28-K28)) -> 0.45762712 | Y28: 0.23927159 | Z28: 0.045166878 | AA28: 136.24999 | AB28: 59.302632 | AC28: 0.11785107 | AD28: 0.2509271 | AE28: 0.048418034 | AF28: 0.04206331 | AG28: 145.97182 | AH28: 0.0545 | AI28: 0.23368505
B29: 16 | C29: 4 | D29: 37 | E29: 4.2588 | F29: 20 | G29: 54 | H29: 87.082519 | I29: 250 | J29: 196 | K29: 132 | L29: 128 | M29: 0.2 | N29: 0.061464946 | O29: 196.14009 | P29: 59.302632 | Q29: 0.11785107 | R29: 0.30732473 | S29: 0.079273488 | T29: 196.14009 | U29: 108 | V29: 0.05 | W29: =(I29-H29)/(J29-H29) -> 1.4957882 | X29: =0.5*(1+(I29-K29-L29)/(I29-K29)) -> 0.45762712 | Y29: 0.39636744 | Z29: 0.072037761 | AA29: 196.14009 | AB29: 59.302632 | AC29: 0.11785107 | AD29: 0.3601888 | AE29: 0.069700686 | AF29: 0.087169238 | AG29: 210.13525 | AH29: 0.0545 | AI29: 0.34850343
B30: 16 | C30: 4 | D30: 37 | E30: 4.2588 | F30: 20 | G30: 54 | H30: 87.082519 | I30: 250 | J30: 196 | K30: 132 | L30: 128 | M30: 0.26 | N30: 0.077227331 | O30: 237.31454 | P30: 59.302632 | Q30: 0.11785107 | R30: 0.2970282 | S30: 0.10416415 | T30: 237.31454 | U30: 108 | V30: 0.05 | W30: =(I30-H30)/(J30-H30) -> 1.4957882 | X30: =0.5*(1+(I30-K30-L30)/(I30-K30)) -> 0.45762712 | Y30: 0.40063136 | Z30: 0.090511493 | AA30: 237.31454 | AB30: 59.302632 | AC30: 0.11785107 | AD30: 0.34812113 | AE30: 0.084332509 | AF30: 0.12760838 | AG30: 254.24761 | AH30: 0.0545 | AI30: 0.3243558
B31: 16 | C31: 4 | D31: 37 | E31: 4.2588 | F31: 20 | G31: 54 | H31: 87.082519 | I31: 250 | J31: 196 | K31: 132 | L31: 128 | M31: 0.44 | N31: 0.10330691 | O31: 305.43953 | P31: 59.302632 | Q31: 0.11785107 | R31: 0.23478844 | S31: 0.14534689 | T31: 305.43953 | U31: 108 | V31: 0.05 | W31: =(I31-H31)/(J31-H31) -> 1.4957882 | X31: =0.5*(1+(I31-K31-L31)/(I31-K31)) -> 0.45762712 | Y31: 0.33033384 | Z31: 0.12107712 | AA31: 305.43953 | AB31: 59.302632 | AC31: 0.11785107 | AD31: 0.27517528 | AE31: 0.10854153 | AF31: 0.21138832 | AG31: 327.23352 | AH31: 0.0545 | AI31: 0.24668529
B32: 16 | C32: 4 | D32: 37 | E32: 4.2588 | F32: 20 | G32: 54 | H32: 87.082519 | I32: 250 | J32: 196 | K32: 132 | L32: 128 | M32: 0.6 | N32: 0.14142323 | O32: 405.00683 | P32: 59.302632 | Q32: 0.11785107 | R32: 0.23570538 | S32: 0.20553704 | T32: 405.00683 | U32: 108 | V32: 0.05 | W32: =(I32-H32)/(J32-H32) -> 1.4957882 | X32: =0.5*(1+(I32-K32-L32)/(I32-K32)) -> 0.45762712 | Y32: 0.34256173 | Z32: 0.16574997 | AA32: 405.00683 | AB32: 59.302632 | AC32: 0.11785107 | AD32: 0.27624994 | AE32: 0.14392393 | AF32: 0.37166802 | AG32: 433.90523 | AH32: 0.0545 | AI32: 0.23987322
A33: Viga 12-20-00 - Caldentey et al (2013) | B33: 12 | C33: 4 | D33: 79.3 | E33: 2.6933292 | F33: 20 | G33: 38 | H33: 76.169428 | I33: 450 | J33: 412 | K33: 228 | L33: 98 | M33: 0.36 | N33: 0.24349238 | O33: 300.43296 | P33: 216.14137 | Q33: 0.013593985 | R33: 0.67636772 | S33: 0.23427704 | T33: 300.43296 | U33: 222 | V33: 0.013177843 | W33: =(I33-H33)/(J33-H33) -> 1.1131523 | X33: =0.5*(1+(I33-K33-L33)/(I33-K33)) -> 0.77927928 | Y33: 0.65076956 | Z33: 0.19654297 | AA33: 300.43296 | AB33: 216.14137 | AC33: 0.013593985 | AD33: 0.54595271 | AE33: 0.22346339 | AF33: 0.22693429 | AG33: 309.03296 | AH33: 0.0136 | AI33: 0.62073164
B34: 12 | C34: 4 | D34: 79.3 | E34: 2.6933292 | F34: 20 | G34: 38 | H34: 76.169428 | I34: 450 | J34: 412 | K34: 228 | L34: 98 | M34: 0.43 | N34: 0.36590013 | O34: 386.27094 | P34: 216.14137 | Q34: 0.013593985 | R34: 0.85093054 | S34: 0.35469964 | T34: 386.27094 | U34: 222 | V34: 0.013177843 | W34: =(I34-H34)/(J34-H34) -> 1.1131523 | X34: =0.5*(1+(I34-K34-L34)/(I34-K34)) -> 0.77927928 | Y34: 0.82488288 | Z34: 0.27976402 | AA34: 386.27094 | AB34: 216.14137 | AC34: 0.013593985 | AD34: 0.650614 | AE34: 0.28731007 | AF34: 0.37513627 | AG34: 397.32809 | AH34: 0.0136 | AI34: 0.66816296
B35: 12 | C35: 4 | D35: 79.3 | E35: 2.6933292 | F35: 20 | G35: 38 | H35: 76.169428 | I35: 450 | J35: 412 | K35: 228 | L35: 98 | M35: 0.56 | N35: 0.52808146 | O35: 500 | P35: 216.14137 | Q35: 0.013593985 | R35: 0.9430026 | S35: 0.51425077 | T35: 500 | U35: 222 | V35: 0.013177843 | W35: =(I35-H35)/(J35-H35) -> 1.1131523 | X35: =0.5*(1+(I35-K35-L35)/(I35-K35)) -> 0.77927928 | Y35: 0.91830495 | Z35: 0.40376643 | AA35: 500 | AB35: 216.14137 | AC35: 0.013593985 | AD35: 0.72101149 | AE35: 0.36155269 | AF35: 0.59406032 | AG35: 500 | AH35: 0.0136 | AI35: 0.6456298
B36: 12 | C36: 4 | D36: 79.3 | E36: 2.6933292 | F36: 20 | G36: 38 | H36: 76.169428 | I36: 450 | J36: 412 | K36: 228 | L36: 98 | M36: 0.71 | N36: 0.52808146 | O36: 500 | P36: 216.14137 | Q36: 0.013593985 | R36: 0.7437767 | S36: 0.51425077 | T36: 500 | U36: 222 | V36: 0.013177843 | W36: =(I36-H36)/(J36-H36) -> 1.1131523 | X36: =0.5*(1+(I36-K36-L36)/(I36-K36)) -> 0.77927928 | Y36: 0.72429686 | Z36: 0.40376643 | AA36: 500 | AB36: 216.14137 | AC36: 0.013593985 | AD36: 0.56868512 | AE36: 0.36155269 | AF36: 0.59406032 | AG36: 500 | AH36: 0.0136 | AI36: 0.50922914
B37: 12 | C37: 4 | D37: 79.3 | E37: 2.6933292 | F37: 20 | G37: 38 | H37: 76.169428 | I37: 450 | J37: 412 | K37: 228 | L37: 98 | M37: 0.79 | N37: 0.52808146 | O37: 500 | P37: 216.14137 | Q37: 0.013593985 | R37: 0.66845754 | S37: 0.51425077 | T37: 500 | U37: 222 | V37: 0.013177843 | W37: =(I37-H37)/(J37-H37) -> 1.1131523 | X37: =0.5*(1+(I37-K37-L37)/(I37-K37)) -> 0.77927928 | Y37: 0.65095034 | Z37: 0.40376643 | AA37: 500 | AB37: 216.14137 | AC37: 0.013593985 | AD37: 0.51109675 | AE37: 0.36155269 | AF37: 0.59406032 | AG37: 500 | AH37: 0.0136 | AI37: 0.45766163
A38: Viga 25-20-00 - Caldentey et al (2013) | B38: 25 | C38: 4 | D38: 62 | E38: 2.6933292 | F38: 20 | G38: 44.5 | H38: 140.92717 | I38: 450 | J38: 405.5 | K38: 237 | L38: 155.75 | M38: 0.2 | N38: 0.05530325 | O38: 106.51266 | P38: 67.463612 | Q38: 0.054467051 | R38: 0.27651625 | S38: 0.052197085 | T38: 106.51266 | U38: 93 | V38: 0.036028434 | W38: =(I38-H38)/(J38-H38) -> 1.1681957 | X38: =0.5*(1+(I38-K38-L38)/(I38-K38)) -> 0.63438967 | Y38: 0.26098542 | Z38: 0.048214694 | AA38: 106.51266 | AB38: 67.463612 | AC38: 0.054467051 | AD38: 0.24107347 | AE38: 0.089930528 | AF38: 0.06170038 | AG38: 111.63986 | AH38: 0.0294 | AI38: 0.3085019
B39: 25 | C39: 4 | D39: 62 | E39: 2.6933292 | F39: 20 | G39: 44.5 | H39: 140.92717 | I39: 450 | J39: 405.5 | K39: 237 | L39: 155.75 | M39: 0.25 | N39: 0.12666591 | O39: 191.72278 | P39: 67.463612 | Q39: 0.054467051 | R39: 0.50666364 | S39: 0.13966392 | T39: 191.72278 | U39: 93 | V39: 0.036028434 | W39: =(I39-H39)/(J39-H39) -> 1.1681957 | X39: =0.5*(1+(I39-K39-L39)/(I39-K39)) -> 0.63438967 | Y39: 0.55865567 | Z39: 0.11043037 | AA39: 191.72278 | AB39: 67.463612 | AC39: 0.054467051 | AD39: 0.44172146 | AE39: 0.16187495 | AF39: 0.19990923 | AG39: 200.95174 | AH39: 0.0294 | AI39: 0.6474998
B40: 25 | C40: 4 | D40: 62 | E40: 2.6933292 | F40: 20 | G40: 44.5 | H40: 140.92717 | I40: 450 | J40: 405.5 | K40: 237 | L40: 155.75 | M40: 0.36 | N40: 0.19802857 | O40: 276.9329 | P40: 67.463612 | Q40: 0.054467051 | R40: 0.55007937 | S40: 0.22713075 | T40: 276.9329 | U40: 93 | V40: 0.036028434 | W40: =(I40-H40)/(J40-H40) -> 1.1681957 | X40: =0.5*(1+(I40-K40-L40)/(I40-K40)) -> 0.63438967 | Y40: 0.63091874 | Z40: 0.17264604 | AA40: 276.9329 | AB40: 67.463612 | AC40: 0.054467051 | AD40: 0.47957232 | AE40: 0.23381937 | AF40: 0.41709457 | AG40: 290.26363 | AH40: 0.0294 | AI40: 0.64949826
B41: 25 | C41: 4 | D41: 62 | E41: 2.6933292 | F41: 20 | G41: 44.5 | H41: 140.92717 | I41: 450 | J41: 405.5 | K41: 237 | L41: 155.75 | M41: 0.47 | N41: 0.26939123 | O41: 362.14303 | P41: 67.463612 | Q41: 0.054467051 | R41: 0.57317284 | S41: 0.31459758 | T41: 362.14303 | U41: 93 | V41: 0.036028434 | W41: =(I41-H41)/(J41-H41) -> 1.1681957 | X41: =0.5*(1+(I41-K41-L41)/(I41-K41)) -> 0.63438967 | Y41: 0.66935655 | Z41: 0.23486171 | AA41: 362.14303 | AB41: 67.463612 | AC41: 0.054467051 | AD41: 0.49970576 | AE41: 0.30576379 | AF41: 0.71325639 | AG41: 379.57551 | AH41: 0.0294 | AI41: 0.65056127
B42: 25 | C42: 4 | D42: 62 | E42: 2.6933292 | F42: 20 | G42: 44.5 | H42: 140.92717 | I42: 450 | J42: 405.5 | K42: 237 | L42: 155.75 | M42: 0.57 | N42: 0.32291323 | O42: 426.05062 | P42: 67.463612 | Q42: 0.054467051 | R42: 0.56651444 | S42: 0.3801977 | T42: 426.05062 | U42: 93 | V42: 0.036028434 | W42: =(I42-H42)/(J42-H42) -> 1.1681957 | X42: =0.5*(1+(I42-K42-L42)/(I42-K42)) -> 0.63438967 | Y42: 0.66701351 | Z42: 0.28152346 | AA42: 426.05062 | AB42: 67.463612 | AC42: 0.054467051 | AD42: 0.49390081 | AE42: 0.35972211 | AF42: 0.98720608 | AG42: 446.55943 | AH42: 0.0294 | AI42: 0.63109142
